order_id,user_id,order_date,order_value
O00000,U08615,2026-02-01,3360.05
O00001,U02907,2026-03-31,2208.83
O00002,U03968,2026-04-20,5417.78
O00003,U08656,2026-06-20,7794.53
O00004,U06122,2026-05-22,2788.11
O00005,U00942,2026-05-30,8839.05
O00006,U03912,2026-05-16,2081.7
O00007,U03423,2026-06-27,6822.98
O00008,U03635,2026-03-26,7187.42
O00009,U09828,2026-03-02,4853.01
O00010,U07642,2026-02-08,1565.07
O00011,U09720,2026-03-07,5168.87
O00012,U08272,2026-03-05,718.03
O00013,U01961,2026-02-27,8830.64
O00014,U08617,2026-03-23,3574.97
O00015,U06672,2026-03-26,5815.47
O00016,U04180,2026-03-14,3348.67
O00017,U00907,2026-03-03,2365.67
O00018,U03581,2026-02-22,3018.56
O00019,U03004,2026-04-12,1719.53
O00020,U05613,2026-02-26,2168.86
O00021,U02236,2026-02-06,7172.57
O00022,U06071,2026-02-24,6115.15
O00023,U04681,2026-06-27,9122.5
O00024,U09795,2026-06-14,1071.34
O00025,U07474,2026-03-31,8702.97
O00026,U03185,2026-06-30,739.51
O00027,U01928,2026-06-29,4659.32
O00028,U07241,2026-01-31,1986.01
O00029,U03537,2026-02-26,948.07
O00030,U01192,2026-05-21,2935.93
O00031,U03549,2026-02-16,4823.87
O00032,U07895,2026-06-20,3507.3
O00033,U08419,2026-05-05,3603.73
O00034,U06400,2026-07-05,4071.89
O00035,U06343,2026-04-16,3643.23
O00036,U03167,2026-07-15,8172.87
O00037,U00417,2026-04-05,2657.38
O00038,U05265,2026-04-03,4111.71
O00039,U00318,2026-07-07,8945.09
O00040,U08584,2026-03-29,6562.85
O00041,U04335,2026-02-19,5397.25
O00042,U02763,2026-01-26,6293.96
O00043,U01231,2026-07-16,5400.46
O00044,U08947,2026-05-18,2116.34
O00045,U09936,2026-06-29,1485.84
O00046,U08836,2026-05-16,4068.96
O00047,U08442,2026-05-03,2518.75
O00048,U01949,2026-03-04,6842.52
O00049,U00253,2026-05-17,8379.88
O00050,U04399,2026-05-03,1781.97
O00051,U02594,2026-03-31,5288.0
O00052,U01081,2026-04-08,5335.05
O00053,U06580,2026-05-18,4998.44
O00054,U09450,2026-06-07,8682.16
O00055,U04412,2026-03-30,3131.78
O00056,U02045,2026-01-26,6558.13
O00057,U03640,2026-04-21,1159.61
O00058,U08948,2026-03-17,4893.63
O00059,U01689,2026-05-17,4148.76
O00060,U02693,2026-02-10,4684.59
O00061,U05535,2026-06-19,7045.76
O00062,U06062,2026-07-17,8374.09
O00063,U08265,2026-03-20,7376.88
O00064,U05023,2026-03-20,9456.94
O00065,U09814,2026-02-19,8756.85
O00066,U03443,2026-05-03,1180.69
O00067,U05198,2026-01-23,7558.88
O00068,U01999,2026-06-23,7018.95
O00069,U09561,2026-05-22,2651.7
O00070,U04579,2026-06-29,3276.22
O00071,U02745,2026-03-04,3520.37
O00072,U05027,2026-01-31,4193.49
O00073,U03638,2026-01-31,6892.57
O00074,U06771,2026-02-22,7899.41
O00075,U02747,2026-04-10,2497.37
O00076,U02069,2026-01-19,7500.47
O00077,U09358,2026-02-01,7113.32
O00078,U08371,2026-03-02,3003.89
O00079,U07490,2026-06-26,7191.69
O00080,U02728,2026-01-28,5818.53
O00081,U08078,2026-06-05,5923.89
O00082,U00320,2026-06-22,8177.01
O00083,U04276,2026-03-22,4948.82
O00084,U01908,2026-06-01,7413.45
O00085,U09539,2026-03-20,4437.91
O00086,U03060,2026-03-11,6869.46
O00087,U08634,2026-06-05,8136.6
O00088,U00460,2026-03-21,8342.16
O00089,U01614,2026-04-01,1197.03
O00090,U07628,2026-05-30,3887.93
O00091,U00662,2026-04-24,2342.8
O00092,U09382,2026-05-20,9899.53
O00093,U09446,2026-05-28,6693.53
O00094,U06517,2026-06-29,3926.91
O00095,U09926,2026-04-19,1938.11
O00096,U08669,2026-07-13,1294.34
O00097,U03507,2026-07-11,5919.65
O00098,U08784,2026-01-28,1679.64
O00099,U04621,2026-07-02,9549.62
O00100,U01476,2026-06-05,3924.94
O00101,U09148,2026-02-24,4048.74
O00102,U00143,2026-06-21,6506.06
O00103,U00443,2026-05-07,7589.14
O00104,U07894,2026-05-29,3975.58
O00105,U09679,2026-01-24,5734.97
O00106,U04277,2026-04-15,9957.0
O00107,U08132,2026-06-02,850.93
O00108,U04114,2026-05-15,5230.53
O00109,U09092,2026-06-11,6345.51
O00110,U08424,2026-05-23,7153.44
O00111,U06759,2026-04-10,4785.15
O00112,U04524,2026-07-11,7921.57
O00113,U08011,2026-05-03,472.27
O00114,U01772,2026-06-09,706.37
O00115,U03282,2026-06-14,8540.77
O00116,U07782,2026-02-09,6021.32
O00117,U06796,2026-03-30,8291.72
O00118,U04303,2026-02-06,1263.05
O00119,U07945,2026-07-02,812.54
O00120,U07946,2026-01-31,7013.29
O00121,U08444,2026-04-23,2979.84
O00122,U09750,2026-06-07,9965.75
O00123,U02286,2026-06-23,5019.88
O00124,U06729,2026-05-05,4385.47
O00125,U02594,2026-05-04,7945.26
O00126,U00367,2026-05-18,481.66
O00127,U07754,2026-03-23,1769.92
O00128,U04907,2026-03-21,9916.32
O00129,U02709,2026-03-02,8338.0
O00130,U06938,2026-05-15,9944.15
O00131,U02464,2026-05-16,5368.09
O00132,U09647,2026-07-19,8397.26
O00133,U01931,2026-04-05,576.41
O00134,U06938,2026-05-08,4477.49
O00135,U05460,2026-05-14,1939.89
O00136,U06908,2026-05-30,3955.66
O00137,U07033,2026-06-29,4297.73
O00138,U00190,2026-07-03,5769.02
O00139,U07856,2026-07-11,6135.1
O00140,U04067,2026-04-29,549.73
O00141,U02674,2026-03-17,7970.59
O00142,U09293,2026-06-29,5828.96
O00143,U01035,2026-05-23,5481.53
O00144,U02383,2026-04-04,1707.15
O00145,U06778,2026-01-23,7752.84
O00146,U05348,2026-01-21,386.5
O00147,U06463,2026-06-27,5392.51
O00148,U01479,2026-06-19,3155.02
O00149,U09639,2026-07-06,1020.96
O00150,U02208,2026-02-23,6937.13
O00151,U00728,2026-07-16,7519.51
O00152,U06921,2026-02-16,708.6
O00153,U05685,2026-06-08,8910.94
O00154,U07765,2026-05-09,6590.43
O00155,U02200,2026-04-29,2238.22
O00156,U04602,2026-06-22,9313.46
O00157,U08795,2026-05-29,2006.79
O00158,U07775,2026-07-16,9351.36
O00159,U06489,2026-03-03,6126.29
O00160,U06693,2026-03-07,7482.95
O00161,U01817,2026-05-12,2617.83
O00162,U00876,2026-02-06,3229.65
O00163,U07843,2026-05-27,4531.66
O00164,U08721,2026-04-03,9749.55
O00165,U04396,2026-04-29,1678.98
O00166,U06019,2026-03-13,491.2
O00167,U02386,2026-06-15,7578.92
O00168,U01390,2026-06-29,784.89
O00169,U09094,2026-04-13,2814.74
O00170,U06341,2026-03-13,1606.48
O00171,U05423,2026-04-16,3680.99
O00172,U08276,2026-05-07,9722.06
O00173,U01097,2026-05-16,1909.19
O00174,U05889,2026-05-20,2951.1
O00175,U03562,2026-04-14,5110.75
O00176,U05251,2026-03-18,4745.04
O00177,U09760,2026-03-29,9530.4
O00178,U08792,2026-05-09,4563.36
O00179,U08396,2026-07-19,8495.41
O00180,U02539,2026-07-13,2267.99
O00181,U05152,2026-07-06,7585.32
O00182,U06247,2026-04-09,6222.2
O00183,U02867,2026-02-24,9332.75
O00184,U02879,2026-02-24,3580.13
O00185,U07110,2026-03-18,747.97
O00186,U07878,2026-06-25,8808.39
O00187,U03102,2026-06-09,4940.69
O00188,U01522,2026-06-17,6782.24
O00189,U01600,2026-03-04,7972.52
O00190,U00276,2026-04-17,8203.58
O00191,U09639,2026-06-24,1803.32
O00192,U01507,2026-05-18,7998.4
O00193,U06438,2026-05-23,5493.31
O00194,U04900,2026-06-16,1013.95
O00195,U03314,2026-02-24,5530.99
O00196,U02307,2026-05-08,1251.3
O00197,U06639,2026-05-20,9349.77
O00198,U01190,2026-05-21,1804.38
O00199,U00095,2026-06-29,6355.68
O00200,U06038,2026-04-01,8127.71
O00201,U01478,2026-06-21,8321.97
O00202,U07139,2026-03-01,1975.19
O00203,U05678,2026-05-05,9524.72
O00204,U01038,2026-01-24,5694.19
O00205,U05606,2026-05-06,7353.81
O00206,U03461,2026-05-27,8263.35
O00207,U07700,2026-06-05,1632.48
O00208,U00718,2026-01-23,7202.47
O00209,U09726,2026-02-01,8082.54
O00210,U09404,2026-07-14,1853.49
O00211,U04801,2026-03-22,340.33
O00212,U06773,2026-03-05,6574.98
O00213,U08432,2026-04-18,4855.33
O00214,U01158,2026-05-22,4128.4
O00215,U05444,2026-05-11,5151.07
O00216,U06607,2026-06-19,1490.05
O00217,U07033,2026-05-11,4222.93
O00218,U06268,2026-04-02,8393.49
O00219,U08850,2026-06-18,2790.51
O00220,U05163,2026-02-01,7732.62
O00221,U02999,2026-07-09,3934.2
O00222,U04628,2026-07-06,6758.54
O00223,U05518,2026-02-03,5284.63
O00224,U00748,2026-06-28,7515.75
O00225,U09463,2026-03-02,3008.35
O00226,U08970,2026-05-23,875.75
O00227,U07196,2026-04-28,6339.4
O00228,U03175,2026-03-11,9677.74
O00229,U04734,2026-01-29,4738.43
O00230,U00131,2026-01-24,9172.67
O00231,U05700,2026-06-09,2787.5
O00232,U03008,2026-03-28,5892.71
O00233,U07526,2026-05-03,9229.84
O00234,U00760,2026-03-31,5766.03
O00235,U00092,2026-03-29,9939.37
O00236,U05480,2026-03-28,1345.46
O00237,U09117,2026-02-28,8670.52
O00238,U01437,2026-04-15,9071.2
O00239,U05106,2026-06-13,5535.42
O00240,U01273,2026-05-15,5368.89
O00241,U07591,2026-06-22,6842.48
O00242,U09762,2026-05-11,2461.58
O00243,U05640,2026-05-02,8854.84
O00244,U00070,2026-01-28,1347.19
O00245,U08774,2026-06-13,441.71
O00246,U08466,2026-06-10,4940.07
O00247,U07843,2026-05-31,2526.86
O00248,U09972,2026-07-19,682.72
O00249,U08340,2026-01-20,1446.47
O00250,U03746,2026-03-28,3300.34
O00251,U00213,2026-04-04,3997.5
O00252,U03405,2026-02-08,383.09
O00253,U02140,2026-05-10,4838.14
O00254,U03228,2026-04-10,2283.11
O00255,U01163,2026-05-26,6703.54
O00256,U06811,2026-02-23,8610.56
O00257,U03326,2026-06-15,3365.82
O00258,U06843,2026-02-14,3435.28
O00259,U06450,2026-05-03,8974.12
O00260,U05252,2026-03-04,7236.2
O00261,U09170,2026-03-31,5157.83
O00262,U05974,2026-05-03,2035.43
O00263,U06396,2026-07-14,2782.14
O00264,U04395,2026-04-04,1335.8
O00265,U05496,2026-05-19,4937.03
O00266,U04437,2026-01-29,6138.05
O00267,U09742,2026-02-19,3752.29
O00268,U00129,2026-07-11,8156.09
O00269,U05019,2026-01-31,1475.87
O00270,U06028,2026-03-06,5487.56
O00271,U09560,2026-03-21,8792.7
O00272,U01906,2026-03-27,8834.1
O00273,U00296,2026-06-08,3545.94
O00274,U01300,2026-04-26,8245.81
O00275,U08160,2026-01-21,9386.93
O00276,U07582,2026-03-14,675.43
O00277,U00764,2026-01-30,7259.44
O00278,U07197,2026-05-09,8542.88
O00279,U02919,2026-03-26,2898.96
O00280,U01076,2026-05-27,7637.61
O00281,U05239,2026-05-10,7091.02
O00282,U00574,2026-05-07,4193.46
O00283,U03114,2026-07-15,9325.37
O00284,U07692,2026-03-25,9321.16
O00285,U02595,2026-03-29,9028.16
O00286,U02042,2026-07-19,6218.03
O00287,U05795,2026-04-09,6605.65
O00288,U04008,2026-01-21,8947.07
O00289,U09156,2026-06-23,7538.93
O00290,U05307,2026-06-03,4970.01
O00291,U06326,2026-03-17,433.21
O00292,U00737,2026-03-15,965.84
O00293,U01102,2026-04-01,4951.68
O00294,U01179,2026-02-19,4891.95
O00295,U05606,2026-02-23,793.08
O00296,U07120,2026-07-06,4339.13
O00297,U03991,2026-05-06,5014.81
O00298,U09862,2026-06-23,7997.78
O00299,U02160,2026-04-21,1249.84
O00300,U02371,2026-04-03,4860.53
O00301,U01983,2026-04-07,5089.51
O00302,U05719,2026-03-30,9843.13
O00303,U00818,2026-07-13,1728.0
O00304,U06895,2026-07-04,3734.96
O00305,U04878,2026-05-02,9131.15
O00306,U09717,2026-04-28,1159.91
O00307,U06326,2026-06-09,810.82
O00308,U09264,2026-04-10,5829.84
O00309,U05712,2026-05-09,8673.63
O00310,U04063,2026-03-11,9454.91
O00311,U04288,2026-02-22,4056.06
O00312,U09430,2026-02-07,4601.98
O00313,U08735,2026-07-06,3976.97
O00314,U08558,2026-02-02,2964.61
O00315,U09355,2026-03-29,8068.67
O00316,U08496,2026-03-24,7747.44
O00317,U06763,2026-04-20,2604.12
O00318,U08663,2026-06-03,1276.14
O00319,U03650,2026-04-12,3846.98
O00320,U09023,2026-06-13,3738.45
O00321,U03121,2026-06-17,4647.94
O00322,U06492,2026-02-05,4496.76
O00323,U00535,2026-02-20,9029.17
O00324,U05141,2026-03-17,1815.95
O00325,U09986,2026-06-17,736.71
O00326,U00266,2026-02-12,1293.22
O00327,U06574,2026-04-03,4453.68
O00328,U03763,2026-04-11,465.84
O00329,U07675,2026-02-26,9753.8
O00330,U07475,2026-02-26,3910.18
O00331,U05691,2026-03-30,9603.36
O00332,U01115,2026-01-28,6119.66
O00333,U02169,2026-02-07,8656.55
O00334,U06116,2026-03-01,8681.69
O00335,U02996,2026-04-10,1219.85
O00336,U01408,2026-02-04,1799.28
O00337,U05679,2026-02-22,8311.27
O00338,U01792,2026-05-25,5151.32
O00339,U02828,2026-03-30,7272.96
O00340,U09135,2026-07-12,2841.41
O00341,U06174,2026-05-17,4142.5
O00342,U04270,2026-03-28,684.08
O00343,U00192,2026-02-28,2856.94
O00344,U06185,2026-07-10,1498.4
O00345,U05186,2026-01-24,8211.66
O00346,U09293,2026-02-18,4063.31
O00347,U05722,2026-01-26,6170.59
O00348,U06725,2026-05-16,7452.26
O00349,U09528,2026-03-09,3164.1
O00350,U04860,2026-02-28,7754.92
O00351,U09031,2026-06-04,1122.65
O00352,U01752,2026-05-09,5079.56
O00353,U08819,2026-05-29,1388.49
O00354,U00662,2026-03-13,8948.99
O00355,U02487,2026-01-19,2669.38
O00356,U06352,2026-04-01,9696.44
O00357,U05092,2026-07-18,1623.37
O00358,U02372,2026-02-05,9867.39
O00359,U04144,2026-06-29,3247.67
O00360,U09733,2026-06-02,9372.84
O00361,U09426,2026-03-19,1739.08
O00362,U01816,2026-05-20,6289.41
O00363,U00326,2026-01-21,7516.61
O00364,U00760,2026-01-26,457.21
O00365,U08885,2026-01-31,7558.29
O00366,U01780,2026-07-05,7030.24
O00367,U08818,2026-07-03,3711.6
O00368,U00272,2026-06-02,2297.94
O00369,U02468,2026-05-01,8390.03
O00370,U06541,2026-05-24,3570.25
O00371,U09416,2026-03-05,6605.55
O00372,U03662,2026-05-12,981.02
O00373,U08159,2026-03-11,7483.71
O00374,U05625,2026-07-12,3406.07
O00375,U08744,2026-06-14,2280.73
O00376,U00162,2026-01-22,7045.99
O00377,U02687,2026-06-27,3197.05
O00378,U06557,2026-04-29,8408.24
O00379,U04139,2026-05-30,6629.88
O00380,U00774,2026-06-06,3016.03
O00381,U06607,2026-03-13,6903.15
O00382,U07180,2026-02-06,9915.57
O00383,U09854,2026-05-13,1605.01
O00384,U06445,2026-04-29,4674.46
O00385,U02065,2026-06-28,3724.75
O00386,U07146,2026-04-14,625.85
O00387,U02920,2026-03-11,1636.96
O00388,U02962,2026-03-11,5895.07
O00389,U05335,2026-05-29,1599.38
O00390,U04081,2026-06-18,9760.36
O00391,U03028,2026-03-14,2789.58
O00392,U08938,2026-07-20,4830.42
O00393,U08015,2026-06-04,390.64
O00394,U04875,2026-07-15,1288.8
O00395,U09512,2026-04-22,3244.86
O00396,U03926,2026-05-22,9011.85
O00397,U08404,2026-02-14,7701.09
O00398,U08764,2026-04-19,8348.98
O00399,U01025,2026-07-05,8210.07
O00400,U03484,2026-05-06,7979.48
O00401,U07837,2026-07-04,9663.26
O00402,U08135,2026-06-18,535.46
O00403,U06207,2026-02-16,399.43
O00404,U05085,2026-04-22,6065.96
O00405,U06710,2026-02-14,7524.76
O00406,U07500,2026-03-12,3596.26
O00407,U08032,2026-04-24,9187.53
O00408,U01821,2026-06-18,2824.11
O00409,U01170,2026-03-20,5816.02
O00410,U04902,2026-04-19,4731.11
O00411,U04303,2026-04-24,2018.2
O00412,U01620,2026-05-29,7904.68
O00413,U08055,2026-06-16,8633.02
O00414,U09444,2026-01-24,8646.84
O00415,U06122,2026-06-24,7745.25
O00416,U02202,2026-03-05,1493.92
O00417,U08701,2026-06-24,8607.9
O00418,U07553,2026-05-19,7919.16
O00419,U01141,2026-04-18,3415.08
O00420,U04782,2026-06-09,864.97
O00421,U05850,2026-07-19,7431.7
O00422,U07566,2026-03-03,663.0
O00423,U00735,2026-07-04,8444.43
O00424,U09942,2026-05-03,7537.39
O00425,U03885,2026-05-16,9157.35
O00426,U07433,2026-03-07,900.37
O00427,U04439,2026-04-22,9334.47
O00428,U04113,2026-03-04,6406.85
O00429,U00138,2026-06-15,4494.71
O00430,U01846,2026-05-28,4466.17
O00431,U02183,2026-07-05,522.32
O00432,U02733,2026-02-13,1798.97
O00433,U04539,2026-04-22,2953.42
O00434,U04342,2026-04-08,7990.35
O00435,U07071,2026-06-02,8649.46
O00436,U02782,2026-04-11,3934.9
O00437,U06784,2026-06-23,5232.42
O00438,U07559,2026-03-13,4083.44
O00439,U07560,2026-02-08,3025.17
O00440,U01788,2026-01-20,453.99
O00441,U08344,2026-06-16,1821.46
O00442,U01832,2026-05-28,7937.81
O00443,U03695,2026-06-18,1270.19
O00444,U01348,2026-03-06,7400.59
O00445,U04916,2026-04-19,7895.86
O00446,U04429,2026-07-20,9815.43
O00447,U05883,2026-03-11,6945.15
O00448,U05746,2026-07-19,9125.59
O00449,U01741,2026-05-27,5736.16
O00450,U01489,2026-07-09,7736.41
O00451,U00158,2026-05-26,2001.75
O00452,U04240,2026-06-26,4344.8
O00453,U01794,2026-05-24,7205.41
O00454,U07162,2026-03-27,3831.97
O00455,U08668,2026-06-20,1801.58
O00456,U05341,2026-05-25,3750.92
O00457,U00337,2026-04-19,8024.65
O00458,U06607,2026-07-07,1623.0
O00459,U02275,2026-04-23,4129.79
O00460,U01574,2026-05-19,9953.19
O00461,U06051,2026-05-31,7298.12
O00462,U04256,2026-05-11,8051.45
O00463,U00197,2026-02-20,9567.55
O00464,U05269,2026-04-22,2458.58
O00465,U05320,2026-04-15,3237.08
O00466,U05873,2026-06-24,1204.21
O00467,U06743,2026-05-30,4212.38
O00468,U01428,2026-07-11,8900.35
O00469,U02285,2026-04-14,9288.22
O00470,U05439,2026-06-26,6608.14
O00471,U01903,2026-01-21,5329.9
O00472,U05363,2026-02-22,5945.33
O00473,U00293,2026-03-25,3277.25
O00474,U06513,2026-03-08,2402.9
O00475,U02832,2026-03-27,3808.57
O00476,U02093,2026-01-21,1619.41
O00477,U01419,2026-07-15,3499.77
O00478,U05326,2026-06-08,6548.82
O00479,U00753,2026-04-07,6769.69
O00480,U03358,2026-07-07,614.4
O00481,U09472,2026-01-26,9972.72
O00482,U00598,2026-06-01,3952.44
O00483,U01656,2026-05-23,1262.58
O00484,U08957,2026-03-07,7160.25
O00485,U08703,2026-04-09,8079.55
O00486,U08199,2026-02-08,1544.27
O00487,U08236,2026-04-17,7868.27
O00488,U01611,2026-07-09,7689.09
O00489,U06577,2026-02-22,8882.33
O00490,U01720,2026-03-21,3636.52
O00491,U03438,2026-03-09,6723.59
O00492,U04667,2026-03-03,8411.43
O00493,U00154,2026-03-07,4468.58
O00494,U07666,2026-02-02,3751.98
O00495,U03714,2026-06-13,8483.4
O00496,U08962,2026-04-09,4299.3
O00497,U05765,2026-07-04,9831.63
O00498,U00623,2026-02-06,5231.96
O00499,U07469,2026-06-01,6637.34
O00500,U02564,2026-07-12,5933.21
O00501,U04797,2026-05-02,2328.78
O00502,U06034,2026-03-16,1648.26
O00503,U05406,2026-04-15,8049.61
O00504,U04524,2026-02-12,8040.98
O00505,U02003,2026-07-17,9639.51
O00506,U08072,2026-03-24,3912.82
O00507,U01613,2026-03-29,9841.95
O00508,U03720,2026-06-29,394.09
O00509,U03766,2026-07-13,1606.31
O00510,U05444,2026-05-06,6381.69
O00511,U06825,2026-05-19,1382.9
O00512,U02356,2026-03-31,4113.26
O00513,U05682,2026-03-04,5029.75
O00514,U05640,2026-03-16,2662.76
O00515,U09612,2026-06-25,9416.26
O00516,U08633,2026-03-25,3126.97
O00517,U02964,2026-01-31,4066.1
O00518,U06593,2026-04-26,5071.06
O00519,U07615,2026-04-06,9196.74
O00520,U04734,2026-06-03,1096.14
O00521,U09316,2026-02-08,9526.71
O00522,U00227,2026-06-06,4385.24
O00523,U00644,2026-04-25,9552.0
O00524,U07517,2026-06-24,1774.61
O00525,U04261,2026-04-07,608.0
O00526,U08015,2026-04-26,5466.71
O00527,U06763,2026-06-26,1006.4
O00528,U02779,2026-03-08,1130.88
O00529,U01692,2026-05-07,1448.48
O00530,U02814,2026-05-22,1160.62
O00531,U04903,2026-07-01,1430.91
O00532,U05429,2026-06-25,9144.53
O00533,U06632,2026-04-04,2963.18
O00534,U09083,2026-02-01,3269.03
O00535,U04666,2026-05-09,8679.39
O00536,U02006,2026-02-18,1638.84
O00537,U01482,2026-05-13,5404.91
O00538,U05461,2026-05-31,7886.43
O00539,U09849,2026-06-11,1460.34
O00540,U00924,2026-05-24,9579.62
O00541,U03245,2026-03-08,685.48
O00542,U06290,2026-06-03,8623.08
O00543,U05601,2026-02-02,2708.9
O00544,U02962,2026-05-15,2522.4
O00545,U02512,2026-03-23,6076.41
O00546,U04167,2026-04-01,6251.31
O00547,U03248,2026-01-20,8599.76
O00548,U02787,2026-07-06,768.15
O00549,U01560,2026-07-20,1952.35
O00550,U02605,2026-07-11,6599.85
O00551,U06840,2026-02-04,4949.19
O00552,U07264,2026-07-02,4309.76
O00553,U05614,2026-06-28,888.19
O00554,U04024,2026-02-21,2344.88
O00555,U04880,2026-03-04,9158.36
O00556,U03640,2026-06-13,2678.53
O00557,U06879,2026-01-30,1169.23
O00558,U04713,2026-05-11,4718.2
O00559,U03414,2026-07-09,7594.58
O00560,U01417,2026-03-19,2963.95
O00561,U08100,2026-07-14,7462.47
O00562,U09343,2026-07-03,1118.74
O00563,U02857,2026-04-11,2512.13
O00564,U07001,2026-01-21,8254.63
O00565,U06726,2026-03-28,3961.31
O00566,U04200,2026-03-16,810.17
O00567,U07657,2026-02-17,9469.48
O00568,U01427,2026-05-22,3992.08
O00569,U01802,2026-07-05,5018.53
O00570,U04752,2026-04-23,7133.55
O00571,U00545,2026-02-25,1509.01
O00572,U03456,2026-06-05,971.19
O00573,U04607,2026-03-01,1072.28
O00574,U05398,2026-01-31,9023.82
O00575,U00764,2026-06-28,4887.68
O00576,U05286,2026-02-17,2378.18
O00577,U04959,2026-07-08,9936.02
O00578,U01273,2026-01-26,3523.26
O00579,U08338,2026-01-21,4476.45
O00580,U01312,2026-06-24,2476.34
O00581,U05045,2026-03-31,2457.47
O00582,U09855,2026-02-01,4687.61
O00583,U08691,2026-05-18,1665.63
O00584,U03801,2026-03-12,7560.97
O00585,U04553,2026-05-14,3506.09
O00586,U05631,2026-01-21,9101.45
O00587,U09517,2026-03-15,1994.03
O00588,U02325,2026-01-27,6666.88
O00589,U00515,2026-05-03,4444.53
O00590,U08627,2026-07-09,3730.82
O00591,U00315,2026-06-05,359.29
O00592,U03012,2026-06-18,8829.91
O00593,U01455,2026-04-23,1104.8
O00594,U09704,2026-02-07,3446.87
O00595,U01805,2026-03-06,411.63
O00596,U00542,2026-04-20,603.08
O00597,U03012,2026-02-03,325.35
O00598,U07938,2026-04-08,7534.32
O00599,U01330,2026-07-02,4299.42
O00600,U04837,2026-04-14,1797.66
O00601,U06126,2026-02-06,7998.69
O00602,U01296,2026-05-30,458.8
O00603,U03982,2026-04-07,4803.26
O00604,U05771,2026-07-11,1672.34
O00605,U04075,2026-07-09,1982.45
O00606,U09909,2026-02-03,7320.88
O00607,U00181,2026-04-26,1529.92
O00608,U09325,2026-07-06,7450.32
O00609,U02898,2026-05-27,9989.28
O00610,U08981,2026-06-07,394.63
O00611,U09109,2026-03-13,6302.7
O00612,U03068,2026-06-12,6488.41
O00613,U01989,2026-04-29,1590.84
O00614,U03279,2026-06-10,4782.11
O00615,U06593,2026-07-12,2764.04
O00616,U00543,2026-03-12,6732.58
O00617,U08849,2026-06-10,4988.32
O00618,U06287,2026-06-03,7116.69
O00619,U09971,2026-05-30,2577.7
O00620,U06062,2026-06-21,3927.73
O00621,U05971,2026-06-05,2974.03
O00622,U08621,2026-02-27,8514.24
O00623,U03218,2026-05-28,8979.71
O00624,U08448,2026-06-03,6017.97
O00625,U00420,2026-01-27,8288.43
O00626,U05853,2026-01-23,5951.64
O00627,U05641,2026-04-06,2729.21
O00628,U04077,2026-07-04,306.77
O00629,U07746,2026-03-14,5745.32
O00630,U09899,2026-06-25,8339.74
O00631,U08944,2026-05-23,4830.49
O00632,U01334,2026-04-11,6469.18
O00633,U04566,2026-03-15,6703.12
O00634,U04628,2026-05-12,4414.06
O00635,U05612,2026-07-12,5654.95
O00636,U02165,2026-05-23,9865.62
O00637,U00875,2026-03-29,3671.8
O00638,U01924,2026-05-26,9330.73
O00639,U01518,2026-04-26,488.53
O00640,U01292,2026-06-29,8826.92
O00641,U00929,2026-02-09,3176.93
O00642,U02254,2026-06-28,2859.95
O00643,U09376,2026-01-28,695.67
O00644,U06687,2026-06-04,512.95
O00645,U06127,2026-03-08,2970.58
O00646,U03058,2026-06-16,1917.24
O00647,U08077,2026-02-01,1676.6
O00648,U04674,2026-04-14,3572.66
O00649,U08978,2026-05-19,3906.84
O00650,U08082,2026-04-02,2637.54
O00651,U06150,2026-06-18,3525.33
O00652,U05240,2026-05-02,8898.04
O00653,U09560,2026-02-22,2735.5
O00654,U08708,2026-06-04,3514.85
O00655,U09949,2026-04-11,8574.14
O00656,U07835,2026-03-04,1852.26
O00657,U01642,2026-06-14,6235.9
O00658,U02686,2026-06-27,3942.81
O00659,U03963,2026-06-15,2582.21
O00660,U02353,2026-02-24,4551.18
O00661,U09891,2026-02-07,4368.01
O00662,U09727,2026-06-24,3168.81
O00663,U00355,2026-05-08,1662.39
O00664,U01069,2026-02-19,2449.96
O00665,U01156,2026-06-16,2967.61
O00666,U05260,2026-05-22,6816.27
O00667,U05604,2026-05-18,5067.18
O00668,U00943,2026-07-13,7687.07
O00669,U05301,2026-06-01,5786.48
O00670,U06444,2026-01-20,1439.78
O00671,U07649,2026-04-26,7674.18
O00672,U07833,2026-05-18,6896.02
O00673,U07257,2026-01-22,1315.92
O00674,U09150,2026-04-30,7537.34
O00675,U00566,2026-02-22,3186.94
O00676,U08248,2026-01-19,2277.13
O00677,U02216,2026-05-10,6067.71
O00678,U07116,2026-03-29,6641.7
O00679,U06010,2026-03-08,8275.49
O00680,U02619,2026-03-14,7913.2
O00681,U09604,2026-04-10,8559.22
O00682,U09618,2026-01-30,3062.19
O00683,U09784,2026-01-23,2373.09
O00684,U06831,2026-05-01,8165.48
O00685,U02571,2026-04-27,9557.27
O00686,U01262,2026-05-02,2387.97
O00687,U05317,2026-03-31,5259.29
O00688,U07287,2026-04-10,3434.72
O00689,U06471,2026-02-10,7656.59
O00690,U06835,2026-03-25,1762.82
O00691,U07366,2026-03-03,2155.16
O00692,U05873,2026-02-01,1196.16
O00693,U06798,2026-07-03,4605.91
O00694,U02521,2026-06-04,4824.02
O00695,U08856,2026-05-17,2926.33
O00696,U05940,2026-05-11,9989.98
O00697,U06187,2026-03-30,5850.58
O00698,U00510,2026-05-31,410.33
O00699,U04586,2026-03-29,6483.04
O00700,U03437,2026-06-16,9557.63
O00701,U03500,2026-07-01,9808.05
O00702,U08677,2026-03-23,4265.42
O00703,U08202,2026-07-15,463.03
O00704,U09226,2026-06-18,7986.08
O00705,U01950,2026-03-19,6539.76
O00706,U08234,2026-03-12,945.16
O00707,U02482,2026-02-22,7408.62
O00708,U09047,2026-07-07,7974.56
O00709,U05291,2026-01-29,4870.94
O00710,U02192,2026-07-18,3953.59
O00711,U02358,2026-05-25,2719.97
O00712,U07154,2026-03-01,3266.32
O00713,U09952,2026-01-28,1613.79
O00714,U08496,2026-01-24,2192.89
O00715,U01250,2026-05-10,1360.18
O00716,U05055,2026-03-01,1069.63
O00717,U07174,2026-03-15,8233.71
O00718,U03799,2026-07-13,4465.88
O00719,U05231,2026-01-28,6577.24
O00720,U08169,2026-04-10,5854.43
O00721,U05997,2026-04-02,5740.44
O00722,U02624,2026-02-16,8788.47
O00723,U01453,2026-04-22,8304.43
O00724,U06296,2026-04-03,7422.61
O00725,U09990,2026-03-04,8417.72
O00726,U01042,2026-01-22,7868.24
O00727,U02712,2026-04-29,1217.65
O00728,U03734,2026-04-01,3861.27
O00729,U07856,2026-02-25,3669.55
O00730,U09586,2026-02-17,1604.5
O00731,U06807,2026-01-24,4351.6
O00732,U04813,2026-06-08,6118.95
O00733,U04981,2026-02-04,7559.62
O00734,U07962,2026-05-26,4876.25
O00735,U04191,2026-04-19,4934.83
O00736,U01520,2026-06-20,7614.09
O00737,U09639,2026-01-23,8676.48
O00738,U09554,2026-05-26,5286.9
O00739,U07134,2026-06-30,2881.03
O00740,U08656,2026-04-12,1755.13
O00741,U08225,2026-03-18,1027.4
O00742,U09540,2026-06-16,964.87
O00743,U03749,2026-03-22,4725.08
O00744,U01702,2026-02-13,3846.02
O00745,U07960,2026-02-24,6887.65
O00746,U01181,2026-06-02,5961.58
O00747,U08228,2026-03-17,2440.32
O00748,U00309,2026-03-25,4498.05
O00749,U02262,2026-03-15,3229.09
O00750,U06698,2026-04-11,9650.15
O00751,U04552,2026-03-30,5024.42
O00752,U01865,2026-06-02,4024.8
O00753,U04194,2026-06-28,1805.85
O00754,U03517,2026-01-28,8872.09
O00755,U06745,2026-01-31,3899.56
O00756,U04881,2026-01-29,841.62
O00757,U07758,2026-04-12,874.88
O00758,U07731,2026-07-14,8184.16
O00759,U02909,2026-02-24,1378.94
O00760,U09219,2026-03-27,858.44
O00761,U06824,2026-05-20,706.55
O00762,U01724,2026-06-08,420.24
O00763,U05538,2026-03-18,8197.03
O00764,U04093,2026-05-30,1954.99
O00765,U06361,2026-07-14,2294.29
O00766,U05550,2026-05-11,3748.03
O00767,U03872,2026-04-24,1260.52
O00768,U01264,2026-04-28,6218.84
O00769,U08193,2026-02-25,8412.32
O00770,U00066,2026-04-06,9301.15
O00771,U08786,2026-02-21,2492.61
O00772,U09701,2026-02-13,4853.52
O00773,U07242,2026-06-27,5078.5
O00774,U09585,2026-04-21,4355.01
O00775,U00419,2026-05-13,2641.0
O00776,U09022,2026-05-07,871.24
O00777,U05384,2026-07-13,4758.31
O00778,U06383,2026-04-17,8879.2
O00779,U09358,2026-05-16,6784.48
O00780,U04045,2026-04-12,4126.84
O00781,U01332,2026-02-20,2200.24
O00782,U06869,2026-05-02,5183.97
O00783,U03360,2026-06-28,5607.0
O00784,U09229,2026-04-28,5878.4
O00785,U03547,2026-05-09,1601.74
O00786,U04278,2026-05-18,3776.74
O00787,U01005,2026-01-23,3069.02
O00788,U01415,2026-03-25,7759.05
O00789,U01900,2026-02-07,5617.85
O00790,U00070,2026-07-16,788.77
O00791,U08742,2026-05-29,2039.13
O00792,U01821,2026-07-19,8187.34
O00793,U01350,2026-07-12,1035.56
O00794,U07099,2026-06-17,2679.88
O00795,U08140,2026-05-29,9814.11
O00796,U01229,2026-06-07,7360.44
O00797,U09904,2026-07-16,6978.61
O00798,U05699,2026-03-29,2571.16
O00799,U00701,2026-04-29,4498.01
O00800,U03148,2026-05-10,3896.16
O00801,U08618,2026-06-19,4935.92
O00802,U09080,2026-06-01,4742.25
O00803,U00486,2026-03-16,2017.55
O00804,U08693,2026-06-30,9234.72
O00805,U07608,2026-07-17,8626.95
O00806,U00281,2026-01-22,1235.75
O00807,U06316,2026-06-05,5058.53
O00808,U05641,2026-04-09,8500.66
O00809,U06594,2026-07-12,9139.9
O00810,U05643,2026-04-05,7511.47
O00811,U04558,2026-05-04,5362.52
O00812,U05886,2026-04-17,7125.17
O00813,U03826,2026-03-27,5538.05
O00814,U05860,2026-05-27,6484.14
O00815,U02633,2026-04-01,9083.11
O00816,U08393,2026-02-23,5003.43
O00817,U05043,2026-03-23,9978.61
O00818,U05423,2026-06-30,5069.06
O00819,U05367,2026-06-24,5898.39
O00820,U09583,2026-02-27,922.18
O00821,U04547,2026-02-22,9747.33
O00822,U03488,2026-01-19,9434.52
O00823,U02365,2026-01-23,2086.17
O00824,U09831,2026-05-30,8503.22
O00825,U02587,2026-03-16,7828.59
O00826,U05884,2026-03-16,6760.61
O00827,U06266,2026-03-23,8967.01
O00828,U07779,2026-04-15,5829.59
O00829,U00540,2026-04-05,9801.89
O00830,U01560,2026-03-08,6878.68
O00831,U07982,2026-02-15,7200.41
O00832,U04667,2026-06-04,8194.13
O00833,U07273,2026-02-11,2697.58
O00834,U01937,2026-07-01,8362.8
O00835,U01710,2026-01-26,1418.04
O00836,U01215,2026-01-27,8184.82
O00837,U04028,2026-02-02,6634.18
O00838,U03350,2026-04-08,7665.44
O00839,U01372,2026-06-20,711.84
O00840,U02494,2026-03-05,8087.92
O00841,U03154,2026-03-16,4745.82
O00842,U07431,2026-04-14,2871.91
O00843,U08812,2026-03-25,9773.89
O00844,U04254,2026-03-27,6451.28
O00845,U08228,2026-02-21,9961.51
O00846,U06225,2026-06-26,6136.11
O00847,U08141,2026-03-17,8700.93
O00848,U03445,2026-05-15,6368.67
O00849,U00496,2026-07-09,3140.15
O00850,U05785,2026-02-24,802.02
O00851,U02698,2026-01-24,9462.59
O00852,U06771,2026-04-19,6500.14
O00853,U02070,2026-03-15,8007.35
O00854,U03530,2026-07-15,1038.93
O00855,U03209,2026-01-21,7438.5
O00856,U00850,2026-06-03,8814.32
O00857,U02266,2026-05-26,7733.36
O00858,U00802,2026-07-18,5279.01
O00859,U04397,2026-03-16,5054.93
O00860,U03481,2026-03-14,2273.51
O00861,U06242,2026-02-14,6602.8
O00862,U08347,2026-07-07,8980.82
O00863,U08171,2026-03-09,3863.87
O00864,U06245,2026-02-25,1569.07
O00865,U03076,2026-04-02,2539.97
O00866,U03525,2026-04-11,9298.92
O00867,U01046,2026-05-05,3284.66
O00868,U00689,2026-02-01,3831.19
O00869,U08459,2026-03-22,8844.5
O00870,U00591,2026-07-06,3056.98
O00871,U07700,2026-06-21,6439.19
O00872,U08541,2026-07-16,9353.04
O00873,U02456,2026-03-13,9196.68
O00874,U04054,2026-05-01,1546.65
O00875,U04385,2026-01-21,4266.32
O00876,U07008,2026-06-01,793.79
O00877,U01140,2026-03-11,5421.49
O00878,U08768,2026-03-19,8119.11
O00879,U02734,2026-05-11,9934.03
O00880,U07784,2026-05-23,9672.42
O00881,U05227,2026-04-16,7832.68
O00882,U09872,2026-03-09,7172.32
O00883,U07920,2026-06-01,725.68
O00884,U06999,2026-03-15,6342.72
O00885,U06007,2026-05-17,8124.85
O00886,U06223,2026-03-10,6807.61
O00887,U01445,2026-06-10,1322.91
O00888,U09613,2026-05-21,8746.63
O00889,U03391,2026-05-23,9230.57
O00890,U01495,2026-03-13,1653.43
O00891,U02396,2026-02-10,1863.82
O00892,U09703,2026-05-14,5420.46
O00893,U08160,2026-07-16,1035.86
O00894,U06176,2026-05-26,8201.97
O00895,U05236,2026-02-20,8290.08
O00896,U05536,2026-07-19,1548.77
O00897,U02346,2026-07-02,5306.76
O00898,U06894,2026-06-07,1169.43
O00899,U09655,2026-02-16,5469.46
O00900,U08629,2026-07-09,1638.57
O00901,U05503,2026-02-26,6297.42
O00902,U09832,2026-07-09,6060.95
O00903,U00405,2026-02-23,4893.94
O00904,U07518,2026-05-17,6955.23
O00905,U03609,2026-05-03,4698.64
O00906,U07088,2026-01-22,4128.47
O00907,U06687,2026-03-29,5825.35
O00908,U07085,2026-02-02,3149.56
O00909,U02816,2026-01-31,8832.71
O00910,U08435,2026-03-04,7788.82
O00911,U05209,2026-04-30,5309.15
O00912,U01739,2026-06-04,5480.33
O00913,U09366,2026-04-12,4205.81
O00914,U05749,2026-05-05,3344.51
O00915,U05915,2026-05-17,2448.79
O00916,U02023,2026-04-29,4898.45
O00917,U03097,2026-05-18,1380.38
O00918,U09188,2026-02-05,2984.11
O00919,U04539,2026-07-07,1360.4
O00920,U03585,2026-04-03,6977.02
O00921,U07030,2026-06-09,5230.06
O00922,U08962,2026-05-25,9745.13
O00923,U08480,2026-03-10,5757.0
O00924,U02527,2026-04-15,3467.57
O00925,U04763,2026-07-15,3860.21
O00926,U06693,2026-06-15,2628.74
O00927,U00976,2026-07-10,7050.85
O00928,U00522,2026-06-11,3884.83
O00929,U00379,2026-05-01,7309.47
O00930,U08052,2026-03-18,9224.5
O00931,U01647,2026-05-02,9706.17
O00932,U02733,2026-06-22,2616.03
O00933,U07112,2026-02-06,3112.41
O00934,U09889,2026-03-02,2805.9
O00935,U00512,2026-06-23,5313.63
O00936,U02300,2026-03-26,6346.39
O00937,U08613,2026-02-09,6779.17
O00938,U00231,2026-05-04,2493.6
O00939,U03834,2026-05-12,2392.55
O00940,U07069,2026-01-24,7867.76
O00941,U09792,2026-05-26,5482.47
O00942,U03754,2026-03-23,8804.87
O00943,U07234,2026-04-30,2903.19
O00944,U03327,2026-04-23,1151.34
O00945,U01756,2026-04-12,4238.99
O00946,U06684,2026-02-20,5057.65
O00947,U07001,2026-06-19,3053.18
O00948,U09727,2026-02-06,9484.14
O00949,U00169,2026-06-14,7884.24
O00950,U03370,2026-02-28,4559.53
O00951,U03990,2026-06-13,4395.93
O00952,U04006,2026-06-20,764.02
O00953,U01258,2026-01-26,4713.68
O00954,U07846,2026-07-08,4579.39
O00955,U09707,2026-06-11,4806.75
O00956,U07764,2026-06-12,2919.66
O00957,U00451,2026-06-30,1498.65
O00958,U08734,2026-05-13,7425.71
O00959,U09570,2026-02-22,8176.41
O00960,U04338,2026-06-20,1969.77
O00961,U06478,2026-06-07,4894.73
O00962,U06381,2026-02-16,1878.44
O00963,U01905,2026-04-25,2811.28
O00964,U07219,2026-05-30,6024.26
O00965,U00413,2026-07-08,1058.53
O00966,U01612,2026-06-25,5710.9
O00967,U08597,2026-06-27,3980.51
O00968,U01809,2026-02-03,8152.3
O00969,U01290,2026-06-05,9941.36
O00970,U02747,2026-04-28,5192.42
O00971,U00817,2026-01-19,8684.64
O00972,U09529,2026-02-04,2700.46
O00973,U08466,2026-04-21,8467.98
O00974,U03461,2026-05-28,8291.87
O00975,U05134,2026-06-17,3203.31
O00976,U06725,2026-03-31,8099.45
O00977,U03634,2026-06-16,4760.07
O00978,U03966,2026-04-09,9642.01
O00979,U09476,2026-05-13,4977.94
O00980,U05599,2026-06-04,6193.21
O00981,U09600,2026-05-02,6846.26
O00982,U01990,2026-06-19,6837.24
O00983,U04230,2026-02-03,3066.3
O00984,U00863,2026-05-04,830.46
O00985,U07705,2026-04-07,5801.14
O00986,U09918,2026-04-16,8417.99
O00987,U01522,2026-03-13,1605.44
O00988,U03845,2026-02-28,8554.24
O00989,U02755,2026-06-28,8575.89
O00990,U09056,2026-03-25,7780.83
O00991,U04579,2026-03-10,3604.68
O00992,U08433,2026-06-23,2868.06
O00993,U01067,2026-06-29,1256.21
O00994,U09436,2026-03-26,4652.04
O00995,U01064,2026-04-16,8816.1
O00996,U05096,2026-06-04,8801.76
O00997,U02859,2026-01-27,4447.98
O00998,U06937,2026-06-14,7383.56
O00999,U03829,2026-02-06,7367.5
O01000,U05930,2026-07-17,7785.51
O01001,U02188,2026-02-20,8750.64
O01002,U05628,2026-01-28,1631.72
O01003,U04407,2026-03-18,3320.66
O01004,U09165,2026-04-04,8651.98
O01005,U06114,2026-06-04,889.51
O01006,U07705,2026-05-14,6104.21
O01007,U00734,2026-04-18,4994.12
O01008,U09492,2026-03-18,890.57
O01009,U07214,2026-04-07,507.91
O01010,U03520,2026-04-27,2893.52
O01011,U05337,2026-05-31,1923.46
O01012,U04792,2026-05-06,2955.57
O01013,U03399,2026-06-06,6117.6
O01014,U07727,2026-03-07,9984.75
O01015,U01168,2026-07-19,5952.66
O01016,U04710,2026-01-28,4600.07
O01017,U02315,2026-04-22,5660.67
O01018,U06921,2026-01-29,3432.42
O01019,U08801,2026-03-19,7202.55
O01020,U09081,2026-03-23,7643.85
O01021,U04673,2026-05-03,1326.49
O01022,U05476,2026-03-19,3708.26
O01023,U00529,2026-06-04,4003.95
O01024,U06701,2026-05-26,1568.3
O01025,U05850,2026-06-03,3694.32
O01026,U05602,2026-04-04,2528.11
O01027,U09349,2026-04-15,7088.76
O01028,U09795,2026-07-11,2393.1
O01029,U00000,2026-05-29,9430.88
O01030,U07562,2026-05-11,1108.8
O01031,U02956,2026-02-28,5925.76
O01032,U00897,2026-05-26,1083.91
O01033,U03543,2026-02-15,3109.25
O01034,U00528,2026-04-05,9643.32
O01035,U05974,2026-02-10,2876.66
O01036,U09868,2026-07-02,4966.66
O01037,U00948,2026-06-19,8237.65
O01038,U05914,2026-05-01,4117.08
O01039,U01684,2026-06-05,5288.18
O01040,U01664,2026-06-14,6135.97
O01041,U07224,2026-06-16,1672.48
O01042,U02023,2026-06-17,683.8
O01043,U02316,2026-05-06,3352.98
O01044,U06588,2026-05-01,8259.56
O01045,U02392,2026-05-06,6529.65
O01046,U03297,2026-06-17,1927.04
O01047,U02371,2026-03-11,9116.24
O01048,U08384,2026-04-05,1757.07
O01049,U04922,2026-07-13,641.87
O01050,U07137,2026-02-13,5406.59
O01051,U02204,2026-04-13,2643.17
O01052,U08333,2026-06-19,2404.18
O01053,U04539,2026-02-17,9503.65
O01054,U07327,2026-04-13,2232.77
O01055,U09331,2026-04-07,7840.42
O01056,U06452,2026-02-09,6870.03
O01057,U08364,2026-07-05,1958.97
O01058,U01815,2026-03-22,6758.3
O01059,U04882,2026-07-03,7342.07
O01060,U09413,2026-06-15,9265.74
O01061,U05646,2026-06-11,3619.29
O01062,U09811,2026-05-21,9947.21
O01063,U05362,2026-02-11,6530.81
O01064,U02543,2026-06-20,4088.83
O01065,U00799,2026-02-15,7683.28
O01066,U07141,2026-07-10,5924.22
O01067,U00807,2026-06-14,9525.13
O01068,U09069,2026-02-24,5314.63
O01069,U07962,2026-01-31,2410.94
O01070,U01031,2026-07-15,8418.34
O01071,U05258,2026-04-11,3947.04
O01072,U09950,2026-05-19,4254.02
O01073,U00366,2026-02-25,7991.3
O01074,U02706,2026-07-03,1840.18
O01075,U01643,2026-03-02,1982.97
O01076,U05343,2026-04-09,3692.39
O01077,U04352,2026-05-02,7851.17
O01078,U00880,2026-02-04,7311.4
O01079,U07575,2026-05-04,9211.61
O01080,U03747,2026-03-07,7094.58
O01081,U04170,2026-05-28,2916.33
O01082,U05613,2026-04-26,5386.02
O01083,U06129,2026-07-07,7472.58
O01084,U06109,2026-05-12,4719.45
O01085,U09794,2026-05-02,7970.27
O01086,U07992,2026-05-26,8700.45
O01087,U01926,2026-04-19,6966.44
O01088,U09714,2026-05-13,6450.48
O01089,U01573,2026-03-30,5517.88
O01090,U08014,2026-02-22,3150.78
O01091,U09109,2026-01-20,9495.99
O01092,U06108,2026-06-16,1429.67
O01093,U07560,2026-04-17,1124.16
O01094,U09969,2026-03-11,726.32
O01095,U00644,2026-02-21,6442.75
O01096,U07181,2026-06-26,9325.58
O01097,U04418,2026-05-01,8089.32
O01098,U02557,2026-06-03,3478.92
O01099,U05982,2026-04-18,9509.78
O01100,U03872,2026-06-26,6349.99
O01101,U06029,2026-05-16,3810.3
O01102,U02098,2026-02-16,7748.15
O01103,U05075,2026-05-23,7403.7
O01104,U00180,2026-02-01,8262.06
O01105,U08415,2026-05-31,1805.3
O01106,U08570,2026-04-23,4974.41
O01107,U02726,2026-05-05,627.21
O01108,U02404,2026-02-21,6383.12
O01109,U05613,2026-07-11,7461.41
O01110,U07026,2026-03-16,9749.69
O01111,U01220,2026-05-10,9895.98
O01112,U00173,2026-04-13,8698.91
O01113,U07916,2026-06-16,340.22
O01114,U09891,2026-05-24,790.32
O01115,U03705,2026-05-11,7242.75
O01116,U02651,2026-07-10,9256.39
O01117,U07035,2026-03-12,9036.91
O01118,U01788,2026-07-20,3842.54
O01119,U01365,2026-07-16,4645.87
O01120,U07971,2026-05-26,7445.35
O01121,U02319,2026-04-25,4969.97
O01122,U05345,2026-05-13,5792.73
O01123,U04984,2026-03-19,6630.5
O01124,U09361,2026-06-02,1399.56
O01125,U01334,2026-06-28,5573.8
O01126,U02122,2026-03-02,5997.3
O01127,U03421,2026-02-18,1651.42
O01128,U00153,2026-01-23,1831.31
O01129,U00730,2026-07-12,5139.17
O01130,U08189,2026-02-07,1715.66
O01131,U00707,2026-02-04,1653.35
O01132,U06340,2026-04-19,3455.09
O01133,U09447,2026-06-04,4933.64
O01134,U06208,2026-05-17,5933.81
O01135,U06680,2026-02-14,2062.6
O01136,U06656,2026-03-05,6908.57
O01137,U03712,2026-03-23,8188.93
O01138,U02138,2026-02-01,4929.07
O01139,U03972,2026-05-20,6420.18
O01140,U05308,2026-04-10,5053.6
O01141,U09697,2026-04-22,744.52
O01142,U09296,2026-07-16,9643.64
O01143,U09460,2026-02-17,3051.84
O01144,U02929,2026-06-05,700.85
O01145,U00059,2026-06-23,4418.25
O01146,U00293,2026-02-16,5424.74
O01147,U05824,2026-06-13,5096.43
O01148,U09385,2026-03-04,583.21
O01149,U09099,2026-06-13,7851.2
O01150,U08763,2026-07-02,2500.42
O01151,U06575,2026-06-25,3457.71
O01152,U01750,2026-03-01,7431.67
O01153,U09258,2026-05-14,8788.14
O01154,U09592,2026-07-02,8961.49
O01155,U05630,2026-04-06,1601.76
O01156,U09855,2026-05-14,9618.07
O01157,U01813,2026-04-11,3333.58
O01158,U07114,2026-03-20,1967.7
O01159,U05008,2026-02-17,3244.76
O01160,U05613,2026-04-08,9589.38
O01161,U07576,2026-05-01,1268.28
O01162,U00828,2026-07-20,9833.9
O01163,U09823,2026-05-13,9530.04
O01164,U09755,2026-04-04,4807.58
O01165,U05440,2026-02-04,6892.57
O01166,U09750,2026-04-22,6817.54
O01167,U00173,2026-02-01,8970.59
O01168,U03322,2026-06-16,6023.97
O01169,U02047,2026-02-09,7256.2
O01170,U04385,2026-05-12,8201.9
O01171,U09413,2026-03-12,4360.22
O01172,U04072,2026-03-16,8233.56
O01173,U01662,2026-05-31,3442.24
O01174,U00354,2026-02-20,7104.8
O01175,U08826,2026-05-21,2033.3
O01176,U05312,2026-02-13,423.52
O01177,U01435,2026-02-01,5494.43
O01178,U05722,2026-06-25,1265.07
O01179,U05145,2026-04-14,1227.05
O01180,U05873,2026-03-04,6471.66
O01181,U06881,2026-04-17,1434.02
O01182,U03535,2026-02-06,7912.52
O01183,U00392,2026-06-13,7830.22
O01184,U04604,2026-06-14,1550.07
O01185,U01451,2026-02-08,4008.35
O01186,U00197,2026-03-03,1630.24
O01187,U09804,2026-04-07,3741.13
O01188,U05805,2026-07-19,6298.09
O01189,U03504,2026-02-23,1380.63
O01190,U00301,2026-07-06,2262.49
O01191,U01695,2026-05-09,803.49
O01192,U09507,2026-04-09,9991.17
O01193,U06771,2026-04-29,1728.54
O01194,U08135,2026-06-22,911.17
O01195,U09922,2026-05-07,1830.15
O01196,U00912,2026-04-08,2205.06
O01197,U01675,2026-02-10,3185.57
O01198,U08884,2026-01-30,682.12
O01199,U02302,2026-01-22,6733.45
O01200,U06437,2026-04-19,957.82
O01201,U04320,2026-04-13,6262.61
O01202,U02033,2026-06-10,666.31
O01203,U09047,2026-04-05,8171.74
O01204,U03244,2026-03-10,6962.93
O01205,U05917,2026-07-06,2749.1
O01206,U09380,2026-04-08,5355.52
O01207,U08246,2026-04-24,2413.09
O01208,U03242,2026-06-28,425.79
O01209,U05794,2026-05-04,3369.99
O01210,U02050,2026-04-12,4743.34
O01211,U00070,2026-06-29,8780.81
O01212,U01070,2026-04-09,930.44
O01213,U05444,2026-03-18,1043.14
O01214,U09566,2026-07-16,9643.52
O01215,U09681,2026-04-05,2502.15
O01216,U07282,2026-02-05,9372.74
O01217,U09756,2026-06-07,2440.37
O01218,U06932,2026-04-15,5680.47
O01219,U04391,2026-07-02,1363.91
O01220,U06928,2026-03-19,5929.61
O01221,U03726,2026-04-30,9147.97
O01222,U08503,2026-05-27,8696.78
O01223,U00020,2026-06-28,7829.56
O01224,U04971,2026-04-13,5507.23
O01225,U02535,2026-06-19,8191.57
O01226,U08115,2026-01-29,5415.34
O01227,U02494,2026-05-20,2064.21
O01228,U05399,2026-04-27,465.13
O01229,U06357,2026-06-19,9079.12
O01230,U02037,2026-03-25,5504.32
O01231,U07890,2026-06-28,9924.9
O01232,U05233,2026-04-03,4363.32
O01233,U09624,2026-01-31,7825.35
O01234,U03079,2026-06-02,2783.93
O01235,U04308,2026-06-25,2381.65
O01236,U09708,2026-03-25,3307.0
O01237,U09764,2026-07-02,4423.13
O01238,U09555,2026-03-06,6623.12
O01239,U00907,2026-07-15,8710.53
O01240,U05352,2026-02-02,5103.76
O01241,U04134,2026-06-21,7259.39
O01242,U03165,2026-03-01,7511.01
O01243,U04320,2026-03-28,9216.22
O01244,U07638,2026-04-30,7485.22
O01245,U05193,2026-06-28,3284.51
O01246,U01150,2026-03-09,3998.32
O01247,U04709,2026-04-06,8928.11
O01248,U02548,2026-07-04,5598.47
O01249,U09985,2026-03-15,1796.43
O01250,U07119,2026-05-01,2948.78
O01251,U03994,2026-06-20,3959.52
O01252,U09460,2026-03-10,5588.88
O01253,U09364,2026-02-19,2308.12
O01254,U05697,2026-03-14,9409.01
O01255,U07667,2026-07-05,8188.22
O01256,U06501,2026-04-14,8812.64
O01257,U05673,2026-07-13,6399.66
O01258,U00194,2026-04-02,9130.16
O01259,U02446,2026-04-25,6734.3
O01260,U07732,2026-02-01,9389.09
O01261,U00368,2026-03-08,5854.98
O01262,U02256,2026-06-09,2570.9
O01263,U01323,2026-07-18,2949.47
O01264,U02205,2026-05-21,6905.18
O01265,U03119,2026-07-15,7874.46
O01266,U05421,2026-03-11,4848.33
O01267,U06382,2026-04-13,9810.28
O01268,U08955,2026-02-22,6826.74
O01269,U06764,2026-06-21,6016.07
O01270,U02856,2026-07-17,357.04
O01271,U03251,2026-07-18,3599.42
O01272,U07133,2026-03-24,9518.43
O01273,U08901,2026-01-25,2692.28
O01274,U08743,2026-06-29,2117.61
O01275,U08314,2026-04-03,2275.46
O01276,U06028,2026-06-07,7202.4
O01277,U05971,2026-01-26,9517.8
O01278,U03661,2026-07-14,9616.0
O01279,U00009,2026-03-19,7954.55
O01280,U07614,2026-03-03,4485.02
O01281,U08457,2026-01-23,6892.57
O01282,U03723,2026-02-07,6006.09
O01283,U09427,2026-05-22,3077.79
O01284,U02219,2026-03-20,8379.29
O01285,U03805,2026-04-30,5630.98
O01286,U06406,2026-04-28,3019.58
O01287,U04245,2026-07-05,9488.01
O01288,U08294,2026-03-12,9024.41
O01289,U07634,2026-05-11,6219.0
O01290,U01538,2026-06-20,1320.21
O01291,U09896,2026-05-06,502.97
O01292,U09082,2026-05-28,2069.65
O01293,U04665,2026-05-09,7403.75
O01294,U04084,2026-01-25,2512.41
O01295,U04850,2026-05-03,6961.61
O01296,U09133,2026-07-20,6029.62
O01297,U08829,2026-02-10,539.35
O01298,U09840,2026-02-18,3616.1
O01299,U06734,2026-06-26,7544.77
O01300,U05524,2026-01-23,1478.83
O01301,U09920,2026-03-24,1095.96
O01302,U03788,2026-03-17,2456.42
O01303,U03675,2026-03-19,2046.91
O01304,U06846,2026-03-18,7433.22
O01305,U07590,2026-06-15,2102.92
O01306,U00887,2026-06-14,2950.88
O01307,U08871,2026-03-10,6096.63
O01308,U00422,2026-03-05,1531.45
O01309,U04238,2026-05-22,9533.37
O01310,U04435,2026-06-03,9373.57
O01311,U05613,2026-07-13,7563.53
O01312,U09928,2026-03-21,2041.05
O01313,U02331,2026-03-28,6483.03
O01314,U07168,2026-04-22,1145.32
O01315,U05483,2026-05-11,5336.75
O01316,U00173,2026-04-26,9210.03
O01317,U07422,2026-04-05,9282.02
O01318,U07548,2026-07-17,9768.22
O01319,U05468,2026-07-04,4481.41
O01320,U04168,2026-05-07,2699.46
O01321,U02715,2026-04-10,6483.67
O01322,U01366,2026-03-21,4284.07
O01323,U01851,2026-05-24,8477.46
O01324,U09960,2026-04-05,4244.95
O01325,U07500,2026-04-18,1050.56
O01326,U09637,2026-07-13,1369.43
O01327,U05528,2026-02-10,8490.67
O01328,U07277,2026-07-13,8586.15
O01329,U05418,2026-05-25,4293.77
O01330,U09462,2026-02-26,1740.53
O01331,U05199,2026-03-18,930.27
O01332,U01160,2026-06-18,9453.62
O01333,U07437,2026-05-10,5068.36
O01334,U08714,2026-05-15,9425.94
O01335,U06858,2026-07-20,9378.65
O01336,U04618,2026-02-14,3162.18
O01337,U04828,2026-05-03,6447.56
O01338,U01286,2026-04-19,3222.35
O01339,U00776,2026-07-04,4849.86
O01340,U05638,2026-03-14,4717.39
O01341,U07010,2026-04-11,9505.21
O01342,U08597,2026-03-11,6427.24
O01343,U07404,2026-06-04,9619.08
O01344,U09526,2026-04-15,7203.75
O01345,U04567,2026-05-23,5821.8
O01346,U07208,2026-03-14,7024.06
O01347,U02653,2026-04-01,3480.99
O01348,U07480,2026-05-25,1724.51
O01349,U06854,2026-05-24,7155.99
O01350,U08366,2026-05-01,5662.87
O01351,U04857,2026-04-07,2470.39
O01352,U06246,2026-03-30,9541.74
O01353,U00589,2026-05-26,2202.16
O01354,U03608,2026-03-28,7192.28
O01355,U06204,2026-02-24,4552.98
O01356,U00118,2026-03-29,1599.41
O01357,U05684,2026-06-11,8073.3
O01358,U06033,2026-05-20,6848.61
O01359,U08539,2026-02-20,9281.7
O01360,U07370,2026-05-07,7455.57
O01361,U00633,2026-06-30,2414.8
O01362,U01132,2026-04-25,4687.77
O01363,U09564,2026-05-15,5590.35
O01364,U04643,2026-07-18,3839.3
O01365,U03918,2026-01-19,9414.03
O01366,U04288,2026-02-07,1775.57
O01367,U09712,2026-06-26,8533.54
O01368,U01240,2026-04-04,1928.21
O01369,U03579,2026-06-28,2525.48
O01370,U07510,2026-02-01,1664.22
O01371,U09339,2026-02-18,4143.03
O01372,U06336,2026-02-22,3311.04
O01373,U04921,2026-07-07,3171.22
O01374,U09161,2026-01-24,9895.24
O01375,U09998,2026-06-29,7761.37
O01376,U03030,2026-04-05,6556.75
O01377,U06319,2026-04-24,7380.96
O01378,U00157,2026-01-31,1049.78
O01379,U01450,2026-06-01,2722.82
O01380,U00440,2026-03-17,1593.37
O01381,U09737,2026-02-24,2710.75
O01382,U07749,2026-01-22,8433.63
O01383,U09668,2026-03-02,497.05
O01384,U06532,2026-05-25,1990.1
O01385,U04195,2026-06-12,1179.35
O01386,U00427,2026-05-19,3669.26
O01387,U09905,2026-02-12,1622.44
O01388,U09502,2026-05-16,5402.87
O01389,U06655,2026-02-22,9887.02
O01390,U08875,2026-06-06,9862.03
O01391,U05489,2026-03-16,8763.47
O01392,U08975,2026-07-18,6245.27
O01393,U01302,2026-06-08,6189.61
O01394,U02920,2026-06-26,804.83
O01395,U05105,2026-02-17,8897.54
O01396,U01247,2026-04-25,8097.68
O01397,U05598,2026-05-27,2523.83
O01398,U06524,2026-03-23,4257.91
O01399,U06222,2026-04-01,4353.04
O01400,U06721,2026-05-19,5124.54
O01401,U01519,2026-07-03,590.03
O01402,U02255,2026-06-21,5497.96
O01403,U07726,2026-06-24,4284.12
O01404,U04253,2026-04-10,5825.41
O01405,U00315,2026-04-06,6656.78
O01406,U09207,2026-04-24,2018.05
O01407,U00555,2026-06-14,4042.57
O01408,U09443,2026-03-02,7484.79
O01409,U02969,2026-06-17,1644.09
O01410,U04179,2026-03-19,5264.34
O01411,U01925,2026-02-21,5310.24
O01412,U05744,2026-07-16,1185.23
O01413,U05885,2026-04-21,3473.12
O01414,U01570,2026-06-20,349.12
O01415,U04223,2026-06-15,9574.56
O01416,U08271,2026-06-09,1187.92
O01417,U04947,2026-06-21,3548.57
O01418,U00925,2026-06-28,2706.3
O01419,U09183,2026-06-12,2174.92
O01420,U02569,2026-06-26,2666.61
O01421,U07526,2026-07-18,7644.34
O01422,U06707,2026-03-09,9968.91
O01423,U00661,2026-03-30,7742.07
O01424,U05469,2026-07-01,1133.98
O01425,U06372,2026-06-10,6954.67
O01426,U03720,2026-07-16,950.32
O01427,U04452,2026-03-06,6631.41
O01428,U09141,2026-07-08,8443.17
O01429,U09416,2026-02-03,6711.63
O01430,U09498,2026-02-25,3768.87
O01431,U09569,2026-02-28,2111.71
O01432,U00182,2026-06-20,505.18
O01433,U04602,2026-01-23,5334.53
O01434,U06326,2026-05-03,2875.8
O01435,U07595,2026-06-12,3839.47
O01436,U07377,2026-04-28,6298.93
O01437,U03460,2026-02-18,3071.79
O01438,U06099,2026-07-07,821.82
O01439,U02703,2026-06-21,4574.78
O01440,U00603,2026-06-13,9885.43
O01441,U08714,2026-05-29,310.73
O01442,U05871,2026-05-19,4019.53
O01443,U05487,2026-05-24,8094.71
O01444,U09273,2026-01-23,7063.46
O01445,U06398,2026-02-03,1994.37
O01446,U07405,2026-02-05,2432.59
O01447,U03503,2026-06-29,3499.45
O01448,U04984,2026-03-12,6939.92
O01449,U05948,2026-03-20,299.51
O01450,U05735,2026-07-19,7449.88
O01451,U07291,2026-06-11,8464.43
O01452,U09965,2026-06-11,788.99
O01453,U06592,2026-04-14,8053.71
O01454,U01342,2026-03-28,1046.67
O01455,U03520,2026-01-21,6598.63
O01456,U02146,2026-04-04,3937.57
O01457,U05171,2026-03-04,9721.3
O01458,U04821,2026-04-23,5783.35
O01459,U01554,2026-05-03,9307.74
O01460,U09717,2026-04-22,8148.65
O01461,U02669,2026-06-11,3504.4
O01462,U05990,2026-04-24,9854.54
O01463,U03190,2026-04-25,863.54
O01464,U00689,2026-06-05,3747.71
O01465,U09104,2026-03-17,1100.55
O01466,U06791,2026-03-29,2888.49
O01467,U02151,2026-06-24,6278.92
O01468,U03760,2026-04-30,4780.29
O01469,U06362,2026-05-07,8991.42
O01470,U01528,2026-05-28,6153.09
O01471,U05317,2026-03-06,6677.57
O01472,U09515,2026-06-04,3834.57
O01473,U04661,2026-04-27,9965.73
O01474,U01459,2026-06-05,2438.27
O01475,U04475,2026-06-04,5232.27
O01476,U05335,2026-06-29,1663.79
O01477,U00569,2026-02-24,9894.14
O01478,U05707,2026-03-11,9437.35
O01479,U02935,2026-03-02,3093.61
O01480,U04680,2026-03-01,9417.9
O01481,U08592,2026-07-10,2151.57
O01482,U01981,2026-04-07,5449.73
O01483,U02088,2026-07-17,2025.41
O01484,U06055,2026-05-16,7165.79
O01485,U04839,2026-04-22,8129.73
O01486,U06394,2026-05-28,8356.28
O01487,U05897,2026-07-15,2172.08
O01488,U01395,2026-06-04,9084.33
O01489,U03706,2026-01-21,5952.94
O01490,U01230,2026-03-26,3409.96
O01491,U00507,2026-01-28,4533.02
O01492,U03224,2026-03-17,8928.38
O01493,U04976,2026-01-22,6495.86
O01494,U08471,2026-03-23,7158.24
O01495,U06832,2026-03-11,1211.16
O01496,U01107,2026-02-05,6812.4
O01497,U07728,2026-03-26,8038.3
O01498,U02119,2026-02-19,2795.72
O01499,U02232,2026-03-08,5690.46
O01500,U06351,2026-05-13,9712.41
O01501,U09680,2026-04-04,742.9
O01502,U02006,2026-07-01,8783.72
O01503,U03981,2026-01-19,704.38
O01504,U08131,2026-06-02,1414.63
O01505,U00879,2026-02-23,8472.39
O01506,U08177,2026-06-27,2546.32
O01507,U03597,2026-04-24,5775.17
O01508,U03387,2026-04-01,3814.52
O01509,U07520,2026-03-04,1419.61
O01510,U02965,2026-07-06,8978.28
O01511,U04904,2026-06-17,6356.5
O01512,U03368,2026-07-16,9064.27
O01513,U05067,2026-04-30,1140.74
O01514,U03850,2026-05-09,3245.25
O01515,U09492,2026-03-05,2184.83
O01516,U06099,2026-02-23,1932.4
O01517,U04042,2026-05-05,6012.53
O01518,U06719,2026-06-24,9203.1
O01519,U09099,2026-07-11,5069.33
O01520,U03145,2026-03-18,2139.52
O01521,U09990,2026-05-06,783.15
O01522,U01222,2026-02-14,4189.48
O01523,U09891,2026-03-18,8194.73
O01524,U08594,2026-04-07,9730.63
O01525,U02841,2026-03-04,2170.19
O01526,U02592,2026-05-23,3866.62
O01527,U01894,2026-02-13,6724.55
O01528,U09604,2026-05-19,1718.74
O01529,U09016,2026-04-01,3123.67
O01530,U01029,2026-01-31,9989.6
O01531,U05681,2026-01-19,8641.28
O01532,U04248,2026-02-05,6335.03
O01533,U07263,2026-03-06,9425.52
O01534,U00478,2026-01-27,5909.62
O01535,U03578,2026-03-15,9526.89
O01536,U06464,2026-02-04,823.89
O01537,U06456,2026-02-22,5831.16
O01538,U00611,2026-03-10,1489.97
O01539,U09742,2026-01-31,7517.44
O01540,U00879,2026-03-17,4219.71
O01541,U09430,2026-04-26,6291.14
O01542,U00346,2026-05-21,8875.81
O01543,U04899,2026-06-21,3660.2
O01544,U07750,2026-04-20,8190.04
O01545,U08876,2026-04-16,418.37
O01546,U03578,2026-07-01,6309.45
O01547,U07564,2026-06-09,4192.3
O01548,U09801,2026-03-29,2856.06
O01549,U08534,2026-06-21,1210.82
O01550,U08162,2026-05-20,4691.16
O01551,U09024,2026-06-26,2564.32
O01552,U00618,2026-05-30,9592.15
O01553,U09945,2026-06-22,3558.97
O01554,U03587,2026-06-14,5103.24
O01555,U09785,2026-05-05,4011.88
O01556,U01922,2026-05-27,5642.61
O01557,U00985,2026-03-18,9390.95
O01558,U00421,2026-05-17,620.07
O01559,U09982,2026-05-20,7323.93
O01560,U01719,2026-06-15,768.54
O01561,U02154,2026-04-20,9685.52
O01562,U06861,2026-05-12,4767.43
O01563,U08617,2026-06-16,3759.49
O01564,U04182,2026-02-26,8829.95
O01565,U08079,2026-06-02,6304.08
O01566,U02507,2026-07-17,541.59
O01567,U04637,2026-03-20,3241.89
O01568,U09104,2026-02-14,7863.57
O01569,U04747,2026-03-06,6482.18
O01570,U09146,2026-03-21,2506.22
O01571,U06793,2026-05-14,4022.14
O01572,U04940,2026-02-02,3988.7
O01573,U00832,2026-02-12,8495.94
O01574,U01301,2026-03-26,8552.65
O01575,U06071,2026-06-27,9370.54
O01576,U09487,2026-02-19,1795.95
O01577,U09109,2026-03-26,3602.23
O01578,U08293,2026-07-12,7637.58
O01579,U00540,2026-05-16,5410.31
O01580,U03888,2026-06-12,746.51
O01581,U03869,2026-04-19,7643.58
O01582,U03461,2026-04-12,9821.51
O01583,U06753,2026-05-12,4027.96
O01584,U02213,2026-01-27,1068.47
O01585,U00491,2026-05-14,5117.95
O01586,U06659,2026-06-28,5216.4
O01587,U06359,2026-04-03,8671.43
O01588,U01446,2026-03-18,5834.76
O01589,U05487,2026-07-08,4016.32
O01590,U03043,2026-02-26,1966.12
O01591,U08533,2026-03-31,8823.42
O01592,U05333,2026-04-19,497.72
O01593,U07362,2026-05-29,8736.22
O01594,U06786,2026-01-20,9737.8
O01595,U02713,2026-02-07,4416.07
O01596,U07469,2026-04-10,7943.62
O01597,U04088,2026-03-16,5691.79
O01598,U00355,2026-03-27,1618.09
O01599,U05187,2026-01-21,4141.67
O01600,U04310,2026-02-05,4671.6
O01601,U00780,2026-06-23,3431.5
O01602,U02111,2026-03-22,4202.38
O01603,U06589,2026-01-21,5845.89
O01604,U04841,2026-02-19,4803.57
O01605,U09807,2026-01-31,9906.73
O01606,U08254,2026-02-08,8675.83
O01607,U00102,2026-02-06,9080.2
O01608,U00657,2026-05-24,2235.03
O01609,U00177,2026-02-18,4562.0
O01610,U07535,2026-03-24,718.19
O01611,U04027,2026-05-21,1752.37
O01612,U04078,2026-05-22,1441.62
O01613,U08358,2026-07-01,6589.62
O01614,U02454,2026-06-09,2129.49
O01615,U02913,2026-04-19,6726.52
O01616,U03790,2026-06-05,6593.09
O01617,U04618,2026-04-25,2247.91
O01618,U06487,2026-05-27,4853.0
O01619,U03170,2026-06-30,837.54
O01620,U08851,2026-02-11,4870.76
O01621,U04317,2026-07-03,3405.56
O01622,U09661,2026-03-15,4410.83
O01623,U03471,2026-05-04,1740.52
O01624,U04710,2026-05-19,8675.24
O01625,U04222,2026-02-06,2018.44
O01626,U04849,2026-01-19,4915.48
O01627,U06040,2026-03-11,9709.07
O01628,U00202,2026-04-12,1960.59
O01629,U07145,2026-05-23,4609.46
O01630,U00052,2026-06-14,4906.24
O01631,U03216,2026-06-06,4612.88
O01632,U09828,2026-04-21,7641.15
O01633,U02141,2026-06-12,7927.41
O01634,U08029,2026-07-04,5393.77
O01635,U09948,2026-03-06,4851.44
O01636,U05457,2026-07-04,4502.21
O01637,U03279,2026-02-12,7843.36
O01638,U01458,2026-03-22,6151.15
O01639,U07822,2026-04-10,7514.52
O01640,U03857,2026-02-24,2553.11
O01641,U05431,2026-04-18,820.02
O01642,U00908,2026-04-24,8152.19
O01643,U03081,2026-04-04,9633.2
O01644,U05772,2026-06-11,8447.54
O01645,U08779,2026-06-10,7352.98
O01646,U05316,2026-06-01,5041.22
O01647,U09381,2026-01-24,7109.06
O01648,U09715,2026-04-20,3414.3
O01649,U08594,2026-03-14,3895.97
O01650,U06810,2026-05-06,5388.95
O01651,U07344,2026-07-12,4106.25
O01652,U08661,2026-05-19,7497.19
O01653,U01365,2026-03-10,4044.68
O01654,U05579,2026-05-21,1403.03
O01655,U01399,2026-02-19,4630.45
O01656,U06543,2026-05-28,1950.18
O01657,U03141,2026-04-16,7084.08
O01658,U09270,2026-05-08,1009.82
O01659,U02788,2026-02-25,5573.95
O01660,U06406,2026-03-14,991.46
O01661,U06821,2026-05-27,5157.42
O01662,U00416,2026-06-08,9487.7
O01663,U04107,2026-01-20,4530.93
O01664,U01338,2026-03-30,1546.69
O01665,U02590,2026-05-19,9505.87
O01666,U04147,2026-06-14,9697.42
O01667,U08796,2026-02-04,3603.14
O01668,U06989,2026-03-20,7212.43
O01669,U00305,2026-06-07,8605.62
O01670,U02773,2026-05-18,5184.67
O01671,U03140,2026-02-26,5305.29
O01672,U03784,2026-03-28,9821.89
O01673,U03854,2026-02-14,8937.4
O01674,U01321,2026-06-02,7535.4
O01675,U01325,2026-05-06,7444.97
O01676,U05222,2026-06-21,6902.97
O01677,U06792,2026-06-09,8081.3
O01678,U01158,2026-03-16,8534.71
O01679,U05751,2026-04-14,3778.63
O01680,U09532,2026-05-02,7572.09
O01681,U08048,2026-05-09,6363.53
O01682,U02332,2026-02-23,1351.99
O01683,U04273,2026-02-17,1968.36
O01684,U03255,2026-02-06,1079.03
O01685,U09342,2026-04-03,8680.72
O01686,U01966,2026-02-11,367.55
O01687,U08159,2026-01-19,3549.66
O01688,U08725,2026-04-03,9816.56
O01689,U06840,2026-01-25,9586.5
O01690,U02207,2026-04-21,964.03
O01691,U06924,2026-05-08,8273.33
O01692,U09938,2026-04-27,8932.05
O01693,U00176,2026-06-15,8315.24
O01694,U00737,2026-04-03,7358.29
O01695,U01257,2026-04-06,7503.82
O01696,U09828,2026-06-10,3902.94
O01697,U09163,2026-07-10,9726.05
O01698,U07800,2026-02-13,3362.12
O01699,U09936,2026-04-17,9628.39
O01700,U08733,2026-03-15,7807.43
O01701,U05227,2026-06-14,7892.39
O01702,U08823,2026-01-22,1082.12
O01703,U06598,2026-02-02,4478.01
O01704,U05226,2026-04-18,3460.16
O01705,U05329,2026-04-10,813.99
O01706,U07340,2026-04-13,2735.37
O01707,U00509,2026-07-16,8071.55
O01708,U08246,2026-04-18,1998.22
O01709,U08815,2026-02-21,1654.78
O01710,U06013,2026-03-02,468.98
O01711,U08805,2026-05-11,3272.49
O01712,U05089,2026-03-17,4778.99
O01713,U02065,2026-04-18,2996.03
O01714,U00770,2026-03-30,6680.54
O01715,U04812,2026-01-25,6435.57
O01716,U06163,2026-05-12,8167.3
O01717,U03728,2026-04-14,8875.04
O01718,U08382,2026-03-06,9405.08
O01719,U04725,2026-05-17,4140.55
O01720,U02043,2026-06-25,4543.32
O01721,U07776,2026-06-19,9682.15
O01722,U07684,2026-01-19,3986.55
O01723,U00454,2026-01-21,5115.86
O01724,U06944,2026-04-22,4573.87
O01725,U04003,2026-01-25,5598.93
O01726,U07185,2026-06-15,2797.21
O01727,U01744,2026-01-24,9148.4
O01728,U05094,2026-04-04,8980.6
O01729,U08123,2026-03-09,2937.47
O01730,U05867,2026-04-01,2317.78
O01731,U07495,2026-04-01,7620.46
O01732,U08140,2026-04-12,7040.4
O01733,U04164,2026-01-24,3082.54
O01734,U06506,2026-07-17,8068.76
O01735,U05857,2026-07-18,4725.55
O01736,U03162,2026-06-18,1635.15
O01737,U02174,2026-06-08,2609.01
O01738,U04585,2026-06-30,3609.33
O01739,U03418,2026-06-28,2785.9
O01740,U02676,2026-07-07,8939.6
O01741,U03791,2026-03-04,9609.74
O01742,U02209,2026-06-15,7595.93
O01743,U06881,2026-02-10,2536.76
O01744,U03443,2026-07-07,5967.39
O01745,U04341,2026-05-11,8506.68
O01746,U09477,2026-07-13,1589.04
O01747,U00023,2026-02-18,5609.21
O01748,U03731,2026-04-15,5797.36
O01749,U02619,2026-03-15,3712.33
O01750,U07436,2026-04-17,4316.88
O01751,U09937,2026-04-25,4929.47
O01752,U07824,2026-01-20,9414.23
O01753,U04019,2026-04-30,2671.32
O01754,U05371,2026-05-24,9026.52
O01755,U04582,2026-06-13,5610.55
O01756,U07171,2026-07-03,6218.34
O01757,U06403,2026-03-17,1595.56
O01758,U04719,2026-06-12,5259.58
O01759,U05307,2026-04-04,8070.93
O01760,U04247,2026-02-20,5087.64
O01761,U05896,2026-03-15,2718.16
O01762,U07155,2026-04-10,8110.07
O01763,U02623,2026-05-04,613.79
O01764,U03485,2026-06-11,9097.8
O01765,U05645,2026-04-03,8112.31
O01766,U09501,2026-06-11,2135.38
O01767,U03613,2026-02-02,6234.56
O01768,U03835,2026-05-23,6823.51
O01769,U04996,2026-02-27,5596.41
O01770,U06362,2026-05-16,6666.62
O01771,U00013,2026-06-28,9465.86
O01772,U04401,2026-06-19,9182.88
O01773,U08447,2026-01-31,2767.76
O01774,U09864,2026-06-02,4976.42
O01775,U07228,2026-06-19,3896.72
O01776,U07170,2026-07-18,1351.43
O01777,U07510,2026-06-11,2841.33
O01778,U04759,2026-07-16,6231.44
O01779,U07702,2026-05-15,8857.42
O01780,U08587,2026-04-20,662.23
O01781,U00234,2026-07-07,1842.91
O01782,U05752,2026-03-13,6177.06
O01783,U07913,2026-01-30,1707.84
O01784,U04861,2026-02-18,5761.05
O01785,U07374,2026-05-17,2644.0
O01786,U04123,2026-04-20,4470.85
O01787,U05603,2026-03-26,9111.41
O01788,U08509,2026-06-16,8365.79
O01789,U02788,2026-01-27,3145.8
O01790,U08785,2026-05-29,7996.28
O01791,U08161,2026-04-30,8375.62
O01792,U04101,2026-06-09,3913.87
O01793,U09830,2026-06-09,7386.97
O01794,U07080,2026-02-23,2132.25
O01795,U06896,2026-06-01,2484.87
O01796,U03133,2026-06-17,6876.16
O01797,U09940,2026-03-27,8544.89
O01798,U03863,2026-05-29,6709.28
O01799,U05780,2026-03-15,4766.71
O01800,U02154,2026-07-19,1978.24
O01801,U04483,2026-04-14,4007.84
O01802,U01004,2026-05-19,1624.22
O01803,U04587,2026-03-23,8626.68
O01804,U02849,2026-07-01,5101.4
O01805,U08011,2026-05-08,767.11
O01806,U07169,2026-01-28,3210.6
O01807,U06656,2026-07-13,7106.82
O01808,U07580,2026-06-13,6117.62
O01809,U09328,2026-07-08,6169.53
O01810,U05415,2026-03-03,6166.1
O01811,U07752,2026-05-26,1505.45
O01812,U02156,2026-04-26,1179.6
O01813,U03621,2026-07-03,6868.91
O01814,U01434,2026-06-26,7895.68
O01815,U02961,2026-03-31,3754.17
O01816,U06415,2026-03-20,1478.05
O01817,U05328,2026-04-14,2156.62
O01818,U00751,2026-06-03,2614.05
O01819,U02627,2026-06-13,9755.5
O01820,U06855,2026-04-19,5954.08
O01821,U03915,2026-03-04,5019.97
O01822,U03086,2026-06-20,2494.62
O01823,U01065,2026-06-20,1175.18
O01824,U05121,2026-06-17,742.29
O01825,U05137,2026-02-02,2463.92
O01826,U06691,2026-04-15,5249.07
O01827,U06474,2026-03-16,8363.18
O01828,U06496,2026-03-20,9718.5
O01829,U02358,2026-01-28,7530.48
O01830,U07973,2026-03-17,1693.92
O01831,U06600,2026-07-11,881.46
O01832,U06424,2026-03-08,376.94
O01833,U05832,2026-06-26,5947.19
O01834,U06998,2026-06-04,7436.24
O01835,U02338,2026-05-21,5496.75
O01836,U09924,2026-03-08,5598.18
O01837,U04431,2026-02-20,4898.23
O01838,U06485,2026-06-04,3646.76
O01839,U08518,2026-04-25,8746.34
O01840,U04174,2026-01-19,9091.03
O01841,U04027,2026-03-14,579.85
O01842,U01420,2026-03-12,7380.86
O01843,U03552,2026-01-21,2231.39
O01844,U04769,2026-06-28,6544.67
O01845,U09726,2026-04-23,9484.98
O01846,U06986,2026-06-14,7623.0
O01847,U09902,2026-07-01,4763.64
O01848,U04012,2026-02-26,3338.41
O01849,U09532,2026-04-15,1290.35
O01850,U09051,2026-02-15,8663.53
O01851,U03517,2026-04-08,9048.64
O01852,U05913,2026-05-31,4422.75
O01853,U08282,2026-07-01,6687.39
O01854,U05457,2026-04-27,9814.56
O01855,U02773,2026-02-19,4851.22
O01856,U05537,2026-01-23,7890.72
O01857,U00379,2026-04-27,9028.43
O01858,U01216,2026-02-14,5598.79
O01859,U02253,2026-07-04,4495.19
O01860,U01768,2026-05-29,764.43
O01861,U01195,2026-04-02,4562.82
O01862,U00482,2026-06-09,4407.01
O01863,U01023,2026-05-12,4365.99
O01864,U09575,2026-07-03,6439.15
O01865,U01579,2026-05-11,2778.64
O01866,U04121,2026-03-07,4752.72
O01867,U03768,2026-01-29,3413.39
O01868,U05910,2026-03-17,9327.83
O01869,U02808,2026-05-30,9193.68
O01870,U05463,2026-03-20,2748.36
O01871,U02589,2026-06-30,6452.52
O01872,U00968,2026-04-27,526.35
O01873,U06526,2026-06-04,5453.47
O01874,U04184,2026-06-10,1880.64
O01875,U02981,2026-01-23,2816.48
O01876,U01327,2026-06-12,4296.38
O01877,U08707,2026-07-15,6118.92
O01878,U02943,2026-03-31,1236.99
O01879,U09611,2026-02-12,3633.28
O01880,U05295,2026-06-25,3646.84
O01881,U00034,2026-04-23,2456.7
O01882,U07866,2026-03-17,5679.44
O01883,U03220,2026-02-06,9354.97
O01884,U04112,2026-07-08,3151.48
O01885,U03909,2026-03-12,3322.68
O01886,U08766,2026-06-29,1381.99
O01887,U06290,2026-03-30,9520.08
O01888,U00433,2026-01-22,5742.04
O01889,U09747,2026-02-09,7372.39
O01890,U03970,2026-05-05,1168.79
O01891,U01046,2026-04-12,6607.03
O01892,U00605,2026-03-02,9419.58
O01893,U04362,2026-04-20,2883.5
O01894,U03129,2026-02-17,1144.49
O01895,U00863,2026-02-27,5710.72
O01896,U02704,2026-04-03,2973.79
O01897,U08865,2026-06-09,6870.72
O01898,U02189,2026-03-07,8075.72
O01899,U01105,2026-04-03,8268.6
O01900,U02778,2026-06-14,4867.94
O01901,U08736,2026-05-19,2648.41
O01902,U05276,2026-03-24,1984.74
O01903,U07156,2026-04-11,5420.71
O01904,U09843,2026-02-16,4651.72
O01905,U08773,2026-04-30,3417.67
O01906,U09678,2026-07-14,9436.84
O01907,U05287,2026-04-04,569.28
O01908,U04128,2026-07-14,7913.59
O01909,U00841,2026-04-26,792.6
O01910,U07014,2026-06-09,4586.39
O01911,U03424,2026-02-12,6242.0
O01912,U09581,2026-06-07,5601.77
O01913,U05240,2026-03-01,9783.74
O01914,U03304,2026-06-21,3157.68
O01915,U04057,2026-07-15,1501.48
O01916,U05116,2026-04-25,6757.75
O01917,U07116,2026-05-02,6365.61
O01918,U08374,2026-06-12,3850.69
O01919,U01080,2026-02-11,607.03
O01920,U03315,2026-03-13,4594.53
O01921,U04937,2026-07-01,3289.02
O01922,U09065,2026-03-30,804.16
O01923,U03347,2026-03-18,6928.08
O01924,U04087,2026-04-28,758.98
O01925,U01347,2026-02-27,4384.6
O01926,U00284,2026-03-31,5077.36
O01927,U06923,2026-06-08,6906.54
O01928,U09286,2026-07-02,4823.13
O01929,U05650,2026-05-15,4028.64
O01930,U06292,2026-05-09,3818.14
O01931,U04224,2026-03-16,501.67
O01932,U04935,2026-03-07,9866.4
O01933,U00712,2026-02-27,2750.46
O01934,U05631,2026-02-07,3286.21
O01935,U07560,2026-06-19,2802.41
O01936,U06936,2026-04-13,3799.85
O01937,U01438,2026-05-05,4687.96
O01938,U03296,2026-04-17,1172.66
O01939,U04940,2026-04-27,2222.77
O01940,U03924,2026-02-09,1576.12
O01941,U06673,2026-02-15,9465.27
O01942,U03078,2026-06-15,8385.48
O01943,U04272,2026-03-17,6213.17
O01944,U06114,2026-07-01,1076.5
O01945,U08314,2026-04-20,1827.27
O01946,U06690,2026-02-03,5516.99
O01947,U05780,2026-02-16,7437.62
O01948,U09961,2026-07-07,7563.41
O01949,U02610,2026-05-08,8565.64
O01950,U02088,2026-05-09,3919.09
O01951,U05322,2026-07-09,6435.87
O01952,U09122,2026-05-08,3504.4
O01953,U02478,2026-03-22,5145.34
O01954,U09546,2026-02-23,5232.44
O01955,U01538,2026-02-07,3291.96
O01956,U03744,2026-02-16,4749.87
O01957,U05347,2026-02-26,600.3
O01958,U03583,2026-07-09,9493.69
O01959,U01763,2026-03-08,5669.67
O01960,U07343,2026-05-12,1182.47
O01961,U06599,2026-02-25,6645.2
O01962,U09100,2026-01-24,4888.5
O01963,U09889,2026-04-03,1528.72
O01964,U08317,2026-05-21,2032.9
O01965,U01209,2026-04-10,6706.2
O01966,U01390,2026-05-30,6510.88
O01967,U00388,2026-05-12,7972.74
O01968,U04194,2026-01-28,1154.1
O01969,U06705,2026-04-10,5222.25
O01970,U09737,2026-04-05,6731.19
O01971,U04099,2026-02-10,6594.71
O01972,U00041,2026-07-11,9695.55
O01973,U05598,2026-02-23,2096.63
O01974,U06874,2026-02-19,4929.43
O01975,U08448,2026-02-03,920.22
O01976,U05168,2026-07-04,4937.86
O01977,U08297,2026-06-15,5998.26
O01978,U03797,2026-06-17,3833.3
O01979,U00531,2026-04-09,7534.73
O01980,U00235,2026-02-15,1287.45
O01981,U08578,2026-02-17,3990.71
O01982,U05074,2026-03-21,2022.77
O01983,U04754,2026-06-11,5195.31
O01984,U07731,2026-02-08,6719.49
O01985,U07357,2026-05-24,994.4
O01986,U09714,2026-04-29,8237.28
O01987,U08694,2026-03-13,1064.99
O01988,U07173,2026-02-12,4649.61
O01989,U03042,2026-02-06,6809.21
O01990,U02781,2026-06-03,7832.24
O01991,U09782,2026-07-10,7944.46
O01992,U02866,2026-05-17,8678.43
O01993,U05065,2026-01-20,1316.41
O01994,U06869,2026-07-04,7501.27
O01995,U01687,2026-04-29,1560.69
O01996,U05641,2026-06-20,5496.67
O01997,U03949,2026-02-17,6929.14
O01998,U03318,2026-02-03,484.23
O01999,U07272,2026-03-27,726.6
O02000,U06418,2026-03-08,6435.65
O02001,U08275,2026-03-11,4265.71
O02002,U06007,2026-03-10,3161.99
O02003,U09078,2026-05-19,2295.03
O02004,U02494,2026-02-05,1466.83
O02005,U01000,2026-04-02,4494.92
O02006,U00985,2026-07-11,9895.87
O02007,U06381,2026-06-25,3681.81
O02008,U00288,2026-02-04,780.84
O02009,U02197,2026-05-11,8748.71
O02010,U08598,2026-04-03,9740.39
O02011,U07603,2026-01-23,7572.48
O02012,U05190,2026-01-27,4714.24
O02013,U08970,2026-04-29,7365.74
O02014,U02587,2026-01-26,5129.02
O02015,U02758,2026-02-26,6787.69
O02016,U09836,2026-06-24,8259.19
O02017,U09697,2026-01-21,3179.14
O02018,U08594,2026-06-27,8773.39
O02019,U06731,2026-04-21,9482.7
O02020,U02791,2026-07-03,8706.62
O02021,U04197,2026-04-17,4725.62
O02022,U07845,2026-04-22,7728.85
O02023,U04556,2026-03-15,4583.41
O02024,U06633,2026-04-02,6542.78
O02025,U07249,2026-03-17,9064.36
O02026,U01616,2026-03-17,2329.34
O02027,U06559,2026-03-21,6754.56
O02028,U02448,2026-07-15,3302.99
O02029,U02962,2026-05-16,6652.15
O02030,U09869,2026-02-23,7425.88
O02031,U04990,2026-03-28,1766.54
O02032,U00605,2026-03-08,4627.82
O02033,U03286,2026-04-19,9130.32
O02034,U08501,2026-05-27,9682.19
O02035,U08141,2026-04-17,2834.25
O02036,U06952,2026-04-14,9862.69
O02037,U02966,2026-07-08,7076.93
O02038,U01149,2026-06-27,7714.85
O02039,U05436,2026-04-04,2431.38
O02040,U09064,2026-04-23,9040.33
O02041,U02723,2026-02-21,9477.92
O02042,U06821,2026-03-12,2520.6
O02043,U08677,2026-06-30,3691.33
O02044,U09573,2026-02-04,8585.83
O02045,U04237,2026-03-15,2080.17
O02046,U07953,2026-01-26,4978.32
O02047,U09774,2026-03-09,5844.69
O02048,U03676,2026-01-28,9257.02
O02049,U00964,2026-06-11,2800.13
O02050,U02419,2026-07-19,9291.17
O02051,U09431,2026-07-16,3550.1
O02052,U07044,2026-04-07,3261.71
O02053,U04843,2026-05-15,4485.69
O02054,U09953,2026-04-29,6811.29
O02055,U00567,2026-03-17,7015.47
O02056,U05697,2026-01-28,3832.13
O02057,U03892,2026-03-01,4473.04
O02058,U04693,2026-04-28,8728.29
O02059,U02928,2026-02-18,2318.08
O02060,U03625,2026-07-01,4510.82
O02061,U02730,2026-02-16,3755.23
O02062,U00591,2026-04-09,1805.33
O02063,U02839,2026-04-25,2386.14
O02064,U06171,2026-02-28,3786.18
O02065,U04287,2026-06-02,1991.66
O02066,U08877,2026-02-27,447.32
O02067,U03155,2026-02-02,6354.7
O02068,U00412,2026-07-15,4123.87
O02069,U00790,2026-05-02,4867.58
O02070,U03626,2026-05-02,2612.31
O02071,U02441,2026-01-23,8343.46
O02072,U03458,2026-03-13,8102.25
O02073,U06489,2026-07-10,2168.69
O02074,U01645,2026-04-02,5370.06
O02075,U09053,2026-03-06,7939.56
O02076,U03564,2026-07-20,1116.28
O02077,U05948,2026-06-24,984.34
O02078,U05252,2026-02-08,3890.84
O02079,U01942,2026-06-04,9618.77
O02080,U00218,2026-02-19,1207.98
O02081,U01358,2026-03-15,3632.89
O02082,U00438,2026-07-04,3223.75
O02083,U09361,2026-01-21,2861.75
O02084,U07711,2026-07-10,8916.51
O02085,U02224,2026-07-12,4720.55
O02086,U07793,2026-02-07,7015.17
O02087,U05665,2026-02-12,2645.22
O02088,U08069,2026-04-19,2231.79
O02089,U03058,2026-07-13,5103.86
O02090,U07077,2026-02-02,2171.56
O02091,U08240,2026-04-15,3443.5
O02092,U02910,2026-06-28,1851.44
O02093,U05087,2026-05-13,3432.0
O02094,U01118,2026-04-23,2613.18
O02095,U05334,2026-02-21,5680.78
O02096,U02833,2026-06-04,980.53
O02097,U05442,2026-03-12,3528.53
O02098,U09219,2026-06-02,6667.63
O02099,U00494,2026-06-25,3367.28
O02100,U00700,2026-05-28,6677.23
O02101,U01509,2026-04-04,5680.63
O02102,U01229,2026-06-08,9866.52
O02103,U06755,2026-06-24,2044.06
O02104,U05245,2026-05-28,6624.7
O02105,U03669,2026-02-15,2168.17
O02106,U06324,2026-06-09,9085.62
O02107,U04884,2026-04-06,9689.97
O02108,U01265,2026-03-27,1545.8
O02109,U07574,2026-03-08,790.09
O02110,U03350,2026-02-03,4752.45
O02111,U04036,2026-06-07,4140.44
O02112,U09914,2026-06-09,9276.6
O02113,U05335,2026-04-10,766.65
O02114,U01718,2026-04-13,833.63
O02115,U06134,2026-04-06,4742.09
O02116,U09807,2026-04-24,1269.6
O02117,U09021,2026-05-21,7941.23
O02118,U07867,2026-07-09,1435.92
O02119,U01300,2026-04-23,6801.35
O02120,U04844,2026-02-09,9341.5
O02121,U03833,2026-03-19,567.99
O02122,U09405,2026-05-01,6208.9
O02123,U04747,2026-06-04,3253.18
O02124,U02139,2026-01-23,2413.08
O02125,U09235,2026-07-14,417.77
O02126,U05674,2026-02-02,1681.78
O02127,U05934,2026-05-07,9703.06
O02128,U03883,2026-01-31,5892.01
O02129,U01333,2026-06-26,1839.19
O02130,U09742,2026-06-14,1546.09
O02131,U04542,2026-04-13,6518.8
O02132,U04758,2026-01-25,8709.94
O02133,U07689,2026-05-07,6183.51
O02134,U03087,2026-07-02,7486.44
O02135,U06658,2026-06-01,2988.74
O02136,U09589,2026-04-06,3462.04
O02137,U02417,2026-07-20,3878.17
O02138,U02594,2026-06-27,2047.49
O02139,U01284,2026-02-10,4312.6
O02140,U06969,2026-06-07,6100.8
O02141,U05973,2026-05-07,2959.18
O02142,U06696,2026-04-21,4687.46
O02143,U05203,2026-07-06,2445.82
O02144,U01383,2026-05-20,2560.44
O02145,U05894,2026-04-24,7958.9
O02146,U00971,2026-07-18,5656.62
O02147,U06008,2026-03-11,8590.95
O02148,U08293,2026-02-06,1659.51
O02149,U08584,2026-03-11,2383.13
O02150,U02715,2026-03-18,9882.34
O02151,U09426,2026-05-04,1564.11
O02152,U03453,2026-07-11,480.84
O02153,U01681,2026-03-17,7833.08
O02154,U09875,2026-05-03,5233.27
O02155,U06242,2026-03-01,7543.8
O02156,U09568,2026-02-20,9796.91
O02157,U07394,2026-03-02,2761.88
O02158,U04136,2026-06-22,1171.35
O02159,U06784,2026-02-06,8903.59
O02160,U02212,2026-07-18,8514.06
O02161,U02699,2026-04-14,959.69
O02162,U00039,2026-07-19,8050.97
O02163,U06025,2026-05-03,7183.02
O02164,U08246,2026-03-23,2998.3
O02165,U08364,2026-03-22,3227.85
O02166,U00216,2026-02-21,7674.87
O02167,U04054,2026-01-20,2211.08
O02168,U08334,2026-02-21,1402.11
O02169,U04798,2026-01-27,5177.73
O02170,U07924,2026-04-15,6006.03
O02171,U00242,2026-07-13,5682.71
O02172,U01668,2026-05-14,9382.13
O02173,U01726,2026-05-10,5140.84
O02174,U04261,2026-04-21,2719.0
O02175,U06186,2026-05-10,2927.63
O02176,U04746,2026-02-01,2019.31
O02177,U05094,2026-05-21,818.4
O02178,U01716,2026-06-13,5729.61
O02179,U00687,2026-05-20,3353.04
O02180,U06408,2026-04-17,8704.97
O02181,U02756,2026-02-08,1209.47
O02182,U08731,2026-03-08,7414.17
O02183,U02852,2026-01-19,3327.16
O02184,U02861,2026-06-26,4174.49
O02185,U00940,2026-03-31,5082.86
O02186,U05988,2026-03-13,6551.44
O02187,U08074,2026-07-10,2280.49
O02188,U00301,2026-06-24,6831.73
O02189,U01366,2026-06-30,1258.59
O02190,U05355,2026-03-23,5854.34
O02191,U09290,2026-07-16,7235.39
O02192,U09006,2026-06-10,6971.78
O02193,U07788,2026-06-08,5004.81
O02194,U07354,2026-04-28,9921.06
O02195,U01804,2026-05-02,1655.69
O02196,U05451,2026-07-13,6355.3
O02197,U07224,2026-02-19,2792.89
O02198,U03929,2026-04-23,2714.54
O02199,U05349,2026-07-03,9826.92
O02200,U09521,2026-03-29,4877.02
O02201,U02105,2026-06-08,4760.83
O02202,U05699,2026-04-19,1921.29
O02203,U01889,2026-03-09,6111.9
O02204,U09074,2026-04-30,4295.6
O02205,U03552,2026-03-18,8308.84
O02206,U03340,2026-02-16,6272.96
O02207,U05083,2026-02-09,5363.99
O02208,U01487,2026-03-18,4034.53
O02209,U01708,2026-06-15,5334.11
O02210,U08720,2026-07-04,363.93
O02211,U04252,2026-05-17,9057.23
O02212,U03371,2026-03-23,8862.34
O02213,U01142,2026-04-24,5190.98
O02214,U09791,2026-06-09,7253.91
O02215,U01602,2026-01-29,3944.87
O02216,U04212,2026-02-26,4582.63
O02217,U04718,2026-02-26,6585.37
O02218,U03966,2026-03-14,5917.65
O02219,U00194,2026-04-21,988.17
O02220,U00745,2026-07-09,6070.25
O02221,U08774,2026-02-26,8932.97
O02222,U06156,2026-06-12,1364.97
O02223,U05287,2026-06-07,7186.04
O02224,U09973,2026-03-03,4742.71
O02225,U06988,2026-05-21,2150.9
O02226,U09922,2026-06-03,5947.34
O02227,U04718,2026-05-20,1852.48
O02228,U00424,2026-04-29,2779.12
O02229,U00883,2026-04-13,2421.21
O02230,U03299,2026-05-25,9895.64
O02231,U02010,2026-07-10,2086.77
O02232,U03302,2026-07-01,6615.3
O02233,U01658,2026-07-08,367.91
O02234,U02474,2026-02-20,4657.9
O02235,U04139,2026-07-20,4563.73
O02236,U05406,2026-07-20,3054.95
O02237,U09137,2026-07-15,7247.87
O02238,U04084,2026-06-24,6430.21
O02239,U00195,2026-06-22,8881.11
O02240,U08903,2026-05-10,6293.29
O02241,U04036,2026-04-03,4421.33
O02242,U03233,2026-06-10,4126.98
O02243,U06482,2026-03-28,2152.96
O02244,U02036,2026-07-04,7207.27
O02245,U02935,2026-03-05,5464.2
O02246,U03806,2026-07-18,2939.03
O02247,U08764,2026-05-02,6196.85
O02248,U03591,2026-05-23,6356.09
O02249,U00545,2026-07-19,6604.04
O02250,U07057,2026-06-14,5888.65
O02251,U00238,2026-05-30,596.93
O02252,U06789,2026-02-25,8577.95
O02253,U07327,2026-07-13,1189.67
O02254,U00580,2026-03-26,5342.74
O02255,U05719,2026-05-02,7786.89
O02256,U04452,2026-04-05,1578.9
O02257,U00091,2026-03-07,4294.28
O02258,U00658,2026-06-18,8713.48
O02259,U07568,2026-03-29,2825.1
O02260,U05541,2026-01-30,7702.7
O02261,U02656,2026-03-16,2444.42
O02262,U08275,2026-02-13,2549.1
O02263,U04571,2026-05-02,8681.27
O02264,U07496,2026-05-02,3351.5
O02265,U09411,2026-01-21,6083.11
O02266,U04738,2026-05-20,2011.42
O02267,U08243,2026-04-30,4889.54
O02268,U00299,2026-07-06,7628.25
O02269,U08814,2026-07-16,1180.62
O02270,U06558,2026-06-25,6026.59
O02271,U02681,2026-04-24,775.36
O02272,U03450,2026-02-11,8316.7
O02273,U07331,2026-03-07,9427.37
O02274,U06140,2026-04-25,2111.94
O02275,U05897,2026-02-14,3596.83
O02276,U08818,2026-03-27,6574.35
O02277,U05304,2026-05-21,9892.94
O02278,U03010,2026-04-13,7682.86
O02279,U02630,2026-05-26,4646.37
O02280,U02341,2026-03-26,5365.6
O02281,U09368,2026-03-24,6171.31
O02282,U09098,2026-05-14,992.44
O02283,U06985,2026-04-09,8737.24
O02284,U07896,2026-02-28,4969.78
O02285,U04195,2026-04-30,8617.19
O02286,U04717,2026-06-06,8627.52
O02287,U06360,2026-05-06,7575.42
O02288,U04909,2026-04-12,1097.37
O02289,U09457,2026-07-10,406.86
O02290,U01930,2026-07-14,7276.14
O02291,U04923,2026-06-13,4140.38
O02292,U01571,2026-02-28,8545.92
O02293,U03089,2026-07-08,4380.74
O02294,U00975,2026-02-23,7026.47
O02295,U05316,2026-06-25,7636.1
O02296,U02937,2026-03-05,9899.56
O02297,U03348,2026-05-29,9949.81
O02298,U06570,2026-03-07,1452.19
O02299,U00763,2026-07-09,9241.3
O02300,U07632,2026-03-30,8396.77
O02301,U09148,2026-05-04,4866.72
O02302,U04397,2026-04-04,8550.39
O02303,U08627,2026-06-15,6103.88
O02304,U01367,2026-03-23,9478.97
O02305,U09286,2026-03-09,1785.43
O02306,U09750,2026-03-04,8642.96
O02307,U02949,2026-03-03,6324.86
O02308,U07172,2026-07-08,8091.93
O02309,U01301,2026-03-16,1072.82
O02310,U06051,2026-02-03,4483.98
O02311,U03690,2026-04-13,6665.88
O02312,U07295,2026-05-22,781.73
O02313,U04277,2026-04-01,4775.71
O02314,U06814,2026-03-03,4057.28
O02315,U09724,2026-05-01,5523.57
O02316,U04534,2026-04-16,8472.43
O02317,U01367,2026-04-25,3594.11
O02318,U00506,2026-05-05,6786.65
O02319,U01358,2026-02-28,3327.99
O02320,U03971,2026-05-13,4157.01
O02321,U08100,2026-03-22,1734.31
O02322,U07160,2026-02-15,6170.08
O02323,U05444,2026-05-13,9105.84
O02324,U00932,2026-01-20,942.98
O02325,U04224,2026-04-19,1217.01
O02326,U01897,2026-02-03,9790.19
O02327,U09143,2026-03-22,5620.94
O02328,U06047,2026-06-05,7833.69
O02329,U00992,2026-07-04,2013.58
O02330,U02455,2026-05-18,8317.31
O02331,U07295,2026-03-23,1687.82
O02332,U00173,2026-06-03,2417.13
O02333,U01716,2026-05-01,9146.12
O02334,U07520,2026-04-20,2502.21
O02335,U08098,2026-05-15,6014.83
O02336,U06024,2026-06-02,1128.2
O02337,U00891,2026-06-04,6029.6
O02338,U09440,2026-04-04,8677.87
O02339,U02706,2026-02-28,5385.14
O02340,U00996,2026-03-16,6803.18
O02341,U06798,2026-07-14,4902.9
O02342,U06524,2026-02-28,4678.06
O02343,U05762,2026-02-01,3433.42
O02344,U03159,2026-03-10,9467.67
O02345,U00890,2026-05-02,5904.11
O02346,U09004,2026-06-16,6626.15
O02347,U06288,2026-02-21,8747.22
O02348,U00782,2026-07-14,2507.8
O02349,U08322,2026-06-19,5788.93
O02350,U07941,2026-07-06,6821.66
O02351,U02696,2026-07-18,9835.13
O02352,U05643,2026-06-08,9397.5
O02353,U01918,2026-02-22,2476.36
O02354,U07171,2026-03-30,2590.4
O02355,U04378,2026-07-16,9086.14
O02356,U01516,2026-06-08,7276.5
O02357,U07009,2026-05-17,2136.85
O02358,U03487,2026-01-23,3780.26
O02359,U02523,2026-02-05,1972.09
O02360,U02016,2026-04-16,6477.5
O02361,U01783,2026-06-05,1301.25
O02362,U01766,2026-05-09,892.8
O02363,U09020,2026-01-20,9173.49
O02364,U03443,2026-06-12,1089.85
O02365,U02515,2026-02-28,7024.39
O02366,U08186,2026-05-30,9977.81
O02367,U04826,2026-05-17,4853.65
O02368,U06615,2026-04-07,8682.38
O02369,U02848,2026-05-18,6796.46
O02370,U07968,2026-02-07,2310.77
O02371,U09988,2026-05-04,5041.73
O02372,U09135,2026-06-17,7075.99
O02373,U09926,2026-01-30,7235.25
O02374,U07807,2026-04-23,6955.49
O02375,U03467,2026-05-28,8788.88
O02376,U01275,2026-06-02,7437.76
O02377,U04514,2026-03-01,371.23
O02378,U04034,2026-05-01,5333.84
O02379,U02605,2026-04-03,5081.64
O02380,U07356,2026-07-14,8465.96
O02381,U05618,2026-07-19,7959.13
O02382,U02859,2026-04-11,906.38
O02383,U06881,2026-02-28,9353.52
O02384,U04445,2026-07-10,5118.56
O02385,U00384,2026-06-28,5225.71
O02386,U03059,2026-06-04,6450.51
O02387,U06110,2026-04-29,7024.97
O02388,U09087,2026-04-11,6681.62
O02389,U09496,2026-03-20,7142.26
O02390,U01369,2026-06-13,6001.86
O02391,U06426,2026-04-08,903.42
O02392,U01574,2026-02-15,8745.05
O02393,U00069,2026-07-03,9958.32
O02394,U06744,2026-03-19,8900.29
O02395,U00367,2026-02-01,9622.8
O02396,U04214,2026-03-02,6433.73
O02397,U09425,2026-02-12,9113.01
O02398,U07062,2026-02-26,2103.18
O02399,U08328,2026-05-18,6226.7
O02400,U02383,2026-03-30,2004.19
O02401,U04626,2026-05-12,1532.69
O02402,U00881,2026-04-10,7749.43
O02403,U04289,2026-02-14,1355.49
O02404,U07877,2026-03-08,3433.81
O02405,U08354,2026-07-06,718.33
O02406,U09159,2026-07-18,1006.72
O02407,U04057,2026-05-03,4738.54
O02408,U06941,2026-02-27,550.9
O02409,U02414,2026-06-11,4253.07
O02410,U04415,2026-06-19,7468.09
O02411,U01650,2026-03-27,6109.76
O02412,U04194,2026-05-24,807.24
O02413,U00849,2026-04-28,6613.54
O02414,U06078,2026-06-30,4775.92
O02415,U02132,2026-05-14,1303.12
O02416,U06630,2026-06-19,9133.93
O02417,U08472,2026-02-17,5535.31
O02418,U05387,2026-05-11,5541.27
O02419,U09604,2026-06-21,8604.22
O02420,U02516,2026-03-16,7904.82
O02421,U01714,2026-03-17,9105.06
O02422,U03163,2026-06-18,6659.56
O02423,U07615,2026-03-20,1031.72
O02424,U09225,2026-06-23,8834.55
O02425,U06910,2026-04-21,9889.89
O02426,U09798,2026-04-27,7350.06
O02427,U04701,2026-06-26,3805.01
O02428,U00430,2026-01-23,661.61
O02429,U04911,2026-04-01,3332.0
O02430,U09248,2026-03-21,9889.41
O02431,U09415,2026-04-27,3449.39
O02432,U09415,2026-05-11,7585.63
O02433,U03744,2026-02-27,1173.3
O02434,U08704,2026-06-15,4696.56
O02435,U06115,2026-07-03,3371.1
O02436,U00894,2026-02-04,5241.86
O02437,U06869,2026-03-27,3118.13
O02438,U02281,2026-03-18,6157.08
O02439,U04855,2026-04-27,7689.25
O02440,U00920,2026-03-14,6016.83
O02441,U07530,2026-06-22,4654.85
O02442,U07057,2026-03-28,9053.33
O02443,U02436,2026-05-12,2429.49
O02444,U08376,2026-02-25,7367.01
O02445,U07410,2026-05-08,5255.63
O02446,U00200,2026-07-14,1925.46
O02447,U00585,2026-07-14,5235.47
O02448,U05455,2026-04-28,8375.44
O02449,U03185,2026-02-20,8697.14
O02450,U01439,2026-04-28,5184.29
O02451,U05342,2026-03-18,4745.2
O02452,U02747,2026-02-28,4008.52
O02453,U06122,2026-03-27,7783.03
O02454,U01190,2026-03-11,6747.54
O02455,U00345,2026-03-19,501.68
O02456,U06990,2026-07-11,9972.71
O02457,U02492,2026-06-11,5118.59
O02458,U00488,2026-04-04,7414.48
O02459,U07858,2026-06-14,5807.11
O02460,U02495,2026-05-26,361.08
O02461,U06870,2026-07-18,4503.11
O02462,U01647,2026-03-06,4995.65
O02463,U07967,2026-05-13,2865.84
O02464,U05363,2026-07-15,7951.7
O02465,U05904,2026-02-12,9385.68
O02466,U02979,2026-03-24,9878.86
O02467,U01920,2026-05-08,8373.7
O02468,U05552,2026-06-25,7788.68
O02469,U06036,2026-04-12,4313.14
O02470,U03845,2026-02-05,1187.97
O02471,U04794,2026-01-30,980.32
O02472,U07402,2026-03-21,9569.17
O02473,U03323,2026-05-05,7756.33
O02474,U03243,2026-02-10,2384.3
O02475,U01563,2026-01-29,6230.13
O02476,U07271,2026-07-17,2949.88
O02477,U06221,2026-03-21,4111.68
O02478,U08926,2026-05-10,3934.19
O02479,U09023,2026-02-05,6791.0
O02480,U02597,2026-07-07,3763.22
O02481,U02509,2026-03-22,9548.91
O02482,U07086,2026-03-12,8474.66
O02483,U06802,2026-03-02,9473.51
O02484,U08963,2026-06-10,8903.43
O02485,U01503,2026-07-01,4927.34
O02486,U00420,2026-01-29,3462.2
O02487,U08316,2026-01-22,6845.71
O02488,U08099,2026-05-20,8878.78
O02489,U01751,2026-04-19,5340.02
O02490,U07336,2026-04-28,5137.47
O02491,U08092,2026-02-21,4985.53
O02492,U08616,2026-03-21,8600.69
O02493,U04287,2026-03-10,2132.76
O02494,U01465,2026-06-04,8260.83
O02495,U00696,2026-05-01,2851.9
O02496,U07352,2026-07-03,3756.25
O02497,U00489,2026-06-09,3231.8
O02498,U04542,2026-03-04,5070.86
O02499,U06349,2026-05-21,8135.53
O02500,U00587,2026-07-19,2613.12
O02501,U03353,2026-05-03,6952.49
O02502,U05116,2026-03-20,6142.96
O02503,U09440,2026-05-31,9792.96
O02504,U00581,2026-04-20,3413.4
O02505,U09609,2026-05-20,6784.4
O02506,U00453,2026-04-05,2079.55
O02507,U04889,2026-03-24,4195.97
O02508,U02320,2026-05-04,3703.59
O02509,U08971,2026-05-18,2533.43
O02510,U05718,2026-07-09,2747.35
O02511,U00342,2026-02-18,9160.77
O02512,U03215,2026-01-30,5077.48
O02513,U07066,2026-03-26,6893.54
O02514,U08176,2026-04-01,9405.32
O02515,U04212,2026-03-13,6556.58
O02516,U03725,2026-06-03,5773.0
O02517,U04839,2026-03-20,7692.35
O02518,U05818,2026-03-22,1095.11
O02519,U00302,2026-03-12,8211.62
O02520,U07203,2026-06-26,897.74
O02521,U02698,2026-03-14,1349.27
O02522,U06653,2026-03-27,2322.72
O02523,U06271,2026-05-20,1105.55
O02524,U07594,2026-05-09,6187.88
O02525,U05826,2026-06-02,8009.36
O02526,U05421,2026-02-18,534.44
O02527,U02543,2026-07-10,4380.0
O02528,U09485,2026-03-02,3298.05
O02529,U08872,2026-07-04,7096.46
O02530,U07095,2026-07-15,8967.25
O02531,U00869,2026-02-02,1006.51
O02532,U01067,2026-05-08,4603.48
O02533,U09480,2026-06-19,909.78
O02534,U01291,2026-03-21,8980.52
O02535,U01789,2026-06-18,1557.23
O02536,U01030,2026-04-21,2024.19
O02537,U07345,2026-02-18,1587.58
O02538,U03779,2026-06-02,5003.34
O02539,U08306,2026-05-31,9313.06
O02540,U02623,2026-07-20,6823.1
O02541,U03048,2026-01-23,5919.93
O02542,U07167,2026-03-08,4288.32
O02543,U08563,2026-05-12,1511.91
O02544,U06185,2026-02-19,9504.83
O02545,U07396,2026-03-31,3802.81
O02546,U08595,2026-07-11,2530.67
O02547,U03237,2026-04-03,5195.16
O02548,U06670,2026-01-25,7441.9
O02549,U02643,2026-04-27,3747.56
O02550,U07973,2026-06-23,723.81
O02551,U07455,2026-06-06,7345.93
O02552,U07734,2026-02-28,9214.7
O02553,U08701,2026-03-27,1580.07
O02554,U03627,2026-06-28,7431.18
O02555,U06370,2026-03-05,2567.29
O02556,U00481,2026-05-16,8231.89
O02557,U04537,2026-03-11,9871.65
O02558,U02099,2026-05-03,4982.38
O02559,U03507,2026-07-08,3448.78
O02560,U08921,2026-04-27,5728.79
O02561,U07858,2026-06-22,1078.82
O02562,U07523,2026-07-06,7364.86
O02563,U06815,2026-04-26,7799.76
O02564,U01402,2026-03-04,1922.32
O02565,U07420,2026-03-10,8439.11
O02566,U06182,2026-01-27,7500.03
O02567,U02138,2026-07-05,2610.45
O02568,U01019,2026-03-26,4916.92
O02569,U09629,2026-05-31,7375.83
O02570,U01665,2026-02-14,2068.72
O02571,U05881,2026-02-27,522.73
O02572,U08116,2026-03-14,734.21
O02573,U01095,2026-07-11,8086.31
O02574,U02695,2026-01-29,1046.67
O02575,U00273,2026-03-23,6707.78
O02576,U08599,2026-05-25,4431.18
O02577,U09841,2026-01-25,3204.18
O02578,U07319,2026-01-29,7394.54
O02579,U07972,2026-05-20,8814.08
O02580,U06275,2026-02-12,6997.5
O02581,U06908,2026-02-23,396.39
O02582,U08656,2026-06-14,8461.74
O02583,U08490,2026-07-07,6893.88
O02584,U09254,2026-03-07,8144.65
O02585,U02466,2026-06-18,8438.34
O02586,U02672,2026-07-06,7002.68
O02587,U04025,2026-07-05,6920.98
O02588,U00119,2026-04-18,1859.44
O02589,U01741,2026-05-06,2050.09
O02590,U07833,2026-02-14,4878.94
O02591,U06658,2026-05-02,8651.46
O02592,U06427,2026-02-08,2681.51
O02593,U00446,2026-06-14,1385.19
O02594,U05124,2026-01-19,2034.49
O02595,U04865,2026-02-16,1024.81
O02596,U04172,2026-03-21,1214.75
O02597,U00307,2026-03-24,4977.68
O02598,U06313,2026-03-14,7136.76
O02599,U06861,2026-07-04,2905.38
O02600,U00628,2026-02-07,5464.14
O02601,U04922,2026-03-16,5200.06
O02602,U02012,2026-04-27,2830.46
O02603,U02382,2026-03-30,6285.98
O02604,U02859,2026-04-27,3509.64
O02605,U09349,2026-04-29,473.9
O02606,U00326,2026-03-17,5259.03
O02607,U05250,2026-06-15,5051.58
O02608,U06196,2026-01-30,3617.49
O02609,U05963,2026-05-23,2984.96
O02610,U07012,2026-07-16,405.03
O02611,U05617,2026-07-13,3924.32
O02612,U07041,2026-04-02,2760.53
O02613,U04064,2026-07-16,4598.13
O02614,U04648,2026-02-09,2923.42
O02615,U04215,2026-07-01,7789.26
O02616,U07589,2026-03-05,1385.73
O02617,U05665,2026-02-23,4727.38
O02618,U00974,2026-06-18,3593.45
O02619,U07057,2026-02-15,402.63
O02620,U07443,2026-02-03,6673.39
O02621,U09763,2026-05-31,8151.33
O02622,U03452,2026-03-20,439.92
O02623,U00621,2026-01-25,8393.09
O02624,U09869,2026-01-29,7901.27
O02625,U07302,2026-07-15,3980.61
O02626,U09215,2026-02-27,778.37
O02627,U08562,2026-06-21,3914.14
O02628,U05232,2026-03-16,4578.69
O02629,U08526,2026-02-09,9041.51
O02630,U05593,2026-06-14,6402.76
O02631,U00769,2026-03-21,1614.76
O02632,U04254,2026-03-12,861.52
O02633,U00678,2026-04-12,616.58
O02634,U07826,2026-07-10,901.61
O02635,U01179,2026-03-02,4020.69
O02636,U07103,2026-02-04,5538.34
O02637,U06427,2026-07-01,8921.99
O02638,U00408,2026-03-13,2089.67
O02639,U01743,2026-05-10,7629.87
O02640,U04836,2026-03-14,6504.56
O02641,U04387,2026-03-19,4060.09
O02642,U04130,2026-02-04,3110.87
O02643,U01004,2026-05-21,8574.44
O02644,U03881,2026-04-25,8420.68
O02645,U02002,2026-05-26,5377.87
O02646,U02636,2026-06-16,4417.08
O02647,U03690,2026-03-26,4791.79
O02648,U07555,2026-06-09,3844.24
O02649,U00339,2026-06-10,8610.02
O02650,U06589,2026-06-21,1229.89
O02651,U03558,2026-05-02,9314.69
O02652,U00406,2026-05-04,6487.33
O02653,U08922,2026-02-01,5747.61
O02654,U02871,2026-06-23,8953.88
O02655,U00213,2026-05-01,5360.51
O02656,U02187,2026-05-31,8936.73
O02657,U01552,2026-06-08,7375.58
O02658,U03817,2026-03-27,2576.34
O02659,U07929,2026-02-23,8072.02
O02660,U07096,2026-07-12,3984.96
O02661,U05032,2026-05-13,5460.73
O02662,U07744,2026-06-26,8665.83
O02663,U06357,2026-06-07,4055.23
O02664,U00557,2026-04-12,2402.21
O02665,U01012,2026-06-22,1456.03
O02666,U01256,2026-06-13,1989.0
O02667,U07989,2026-02-10,2785.64
O02668,U02473,2026-02-18,8582.04
O02669,U00283,2026-04-23,9910.16
O02670,U03162,2026-02-23,3135.16
O02671,U08767,2026-07-17,4757.89
O02672,U01373,2026-04-14,1864.32
O02673,U08171,2026-05-14,847.01
O02674,U03293,2026-07-17,4813.21
O02675,U08655,2026-03-05,9224.76
O02676,U08621,2026-02-24,7363.74
O02677,U07811,2026-06-28,4702.49
O02678,U03067,2026-06-26,2572.26
O02679,U04357,2026-04-30,3082.69
O02680,U02983,2026-06-06,4449.01
O02681,U02114,2026-06-21,7253.86
O02682,U06753,2026-03-15,3009.65
O02683,U04055,2026-04-19,5348.65
O02684,U07442,2026-01-27,9426.27
O02685,U00713,2026-04-16,8600.49
O02686,U07473,2026-01-21,8670.66
O02687,U03848,2026-06-20,7768.31
O02688,U01617,2026-07-09,6860.7
O02689,U09481,2026-06-06,5789.37
O02690,U07577,2026-03-28,7156.42
O02691,U00134,2026-06-05,3002.82
O02692,U02206,2026-06-19,4264.36
O02693,U09856,2026-03-21,5641.7
O02694,U00229,2026-06-26,4143.06
O02695,U04840,2026-02-11,9350.05
O02696,U02076,2026-04-07,8057.63
O02697,U06305,2026-05-28,7842.49
O02698,U02625,2026-05-13,1103.82
O02699,U03123,2026-03-28,7745.36
O02700,U02786,2026-03-21,9789.67
O02701,U09671,2026-05-29,9450.73
O02702,U05708,2026-02-22,2815.52
O02703,U02196,2026-04-24,4627.19
O02704,U00868,2026-06-25,6822.33
O02705,U03621,2026-04-03,9488.67
O02706,U03407,2026-06-29,3661.51
O02707,U02450,2026-04-12,6003.19
O02708,U05369,2026-03-21,5386.94
O02709,U09214,2026-01-30,9844.17
O02710,U08455,2026-04-09,434.72
O02711,U08154,2026-03-23,1758.32
O02712,U03445,2026-03-02,7158.75
O02713,U09209,2026-06-30,3008.93
O02714,U05890,2026-05-21,8029.63
O02715,U08791,2026-03-18,9327.53
O02716,U07539,2026-02-17,3019.72
O02717,U02205,2026-07-17,2278.36
O02718,U09235,2026-07-16,5031.54
O02719,U02879,2026-07-20,7045.26
O02720,U04084,2026-05-01,7825.65
O02721,U03208,2026-05-22,2090.34
O02722,U06453,2026-03-01,4554.36
O02723,U03241,2026-04-11,712.95
O02724,U06183,2026-06-13,6315.4
O02725,U03173,2026-05-24,5355.56
O02726,U08515,2026-03-10,2243.86
O02727,U04445,2026-06-14,1700.78
O02728,U03097,2026-06-13,4068.11
O02729,U00453,2026-05-26,2906.45
O02730,U02292,2026-04-27,3811.29
O02731,U01541,2026-07-01,7439.39
O02732,U06811,2026-04-16,7782.02
O02733,U03961,2026-04-01,2198.25
O02734,U06278,2026-06-05,2713.71
O02735,U04636,2026-03-06,1435.96
O02736,U01216,2026-02-09,1670.07
O02737,U02936,2026-03-27,2851.11
O02738,U08966,2026-01-29,9408.19
O02739,U08312,2026-05-27,8709.29
O02740,U05111,2026-05-30,7663.81
O02741,U04202,2026-02-24,7581.79
O02742,U05901,2026-02-12,6674.23
O02743,U06645,2026-04-10,7439.02
O02744,U09667,2026-03-31,3499.72
O02745,U04867,2026-04-13,4446.48
O02746,U03416,2026-02-24,1017.41
O02747,U04126,2026-02-22,2738.28
O02748,U00690,2026-07-12,7573.24
O02749,U00609,2026-02-20,2432.62
O02750,U01650,2026-04-26,4857.49
O02751,U01489,2026-02-22,9847.54
O02752,U02408,2026-04-21,8100.48
O02753,U01976,2026-03-06,3383.33
O02754,U02386,2026-06-28,1914.1
O02755,U02435,2026-05-02,6220.85
O02756,U03863,2026-02-08,4212.63
O02757,U09601,2026-01-20,8992.64
O02758,U09292,2026-01-24,6332.18
O02759,U06931,2026-03-21,4919.12
O02760,U03039,2026-04-19,6582.95
O02761,U05709,2026-03-10,7006.43
O02762,U09984,2026-04-05,3464.66
O02763,U09491,2026-05-12,9632.53
O02764,U05661,2026-03-24,8491.66
O02765,U03033,2026-03-05,4798.91
O02766,U06239,2026-03-23,8169.17
O02767,U00677,2026-07-14,8413.27
O02768,U01692,2026-04-20,749.64
O02769,U07927,2026-02-08,7953.25
O02770,U04735,2026-05-06,3863.27
O02771,U02553,2026-04-25,981.09
O02772,U05982,2026-06-10,3884.9
O02773,U08995,2026-03-14,6076.99
O02774,U07124,2026-04-16,2416.34
O02775,U02675,2026-02-13,7672.06
O02776,U00151,2026-04-11,7997.28
O02777,U09928,2026-05-08,1540.61
O02778,U03151,2026-02-14,5380.88
O02779,U04807,2026-05-05,7636.86
O02780,U02834,2026-02-06,9197.98
O02781,U00966,2026-03-26,6466.28
O02782,U04497,2026-03-07,3499.83
O02783,U05970,2026-05-20,2991.61
O02784,U06803,2026-01-19,8912.51
O02785,U05860,2026-07-06,2990.75
O02786,U07768,2026-07-16,2043.95
O02787,U02557,2026-04-24,6058.73
O02788,U06911,2026-01-24,4802.46
O02789,U00590,2026-06-10,4542.68
O02790,U00521,2026-02-17,7534.69
O02791,U05016,2026-01-22,4953.25
O02792,U01611,2026-06-27,3485.16
O02793,U00421,2026-04-08,4072.93
O02794,U08275,2026-03-13,5910.0
O02795,U01259,2026-04-22,7202.94
O02796,U02222,2026-06-02,709.59
O02797,U08154,2026-03-17,9238.34
O02798,U07463,2026-02-03,3554.59
O02799,U00049,2026-03-18,8010.62
O02800,U08246,2026-03-26,7347.41
O02801,U03655,2026-06-24,8443.33
O02802,U03587,2026-07-12,4950.68
O02803,U09442,2026-03-23,4974.48
O02804,U04078,2026-07-11,4062.41
O02805,U02474,2026-02-12,4742.79
O02806,U00338,2026-03-13,5098.52
O02807,U03387,2026-03-13,5271.53
O02808,U05676,2026-02-22,4733.54
O02809,U06406,2026-07-12,7259.56
O02810,U00797,2026-06-03,1860.54
O02811,U00873,2026-02-26,6152.92
O02812,U09675,2026-05-05,866.82
O02813,U00789,2026-06-01,7262.87
O02814,U02950,2026-04-14,9456.1
O02815,U09574,2026-07-10,8065.38
O02816,U07835,2026-03-30,580.96
O02817,U05453,2026-06-04,8879.02
O02818,U08820,2026-03-03,5545.31
O02819,U04080,2026-06-05,3958.91
O02820,U06635,2026-05-31,7596.49
O02821,U03659,2026-05-28,5058.56
O02822,U02050,2026-07-09,3155.98
O02823,U07638,2026-05-27,8092.65
O02824,U02950,2026-02-17,8012.01
O02825,U01491,2026-02-17,2712.53
O02826,U08862,2026-06-17,4765.52
O02827,U02887,2026-06-28,1829.4
O02828,U04817,2026-05-19,5041.58
O02829,U00606,2026-04-30,7288.56
O02830,U02615,2026-03-02,8789.56
O02831,U00074,2026-06-09,3792.86
O02832,U01452,2026-01-28,8522.89
O02833,U06999,2026-02-15,2712.74
O02834,U07303,2026-07-10,6962.97
O02835,U06906,2026-05-12,9102.48
O02836,U00680,2026-04-03,9498.04
O02837,U05517,2026-03-15,1930.27
O02838,U03299,2026-05-06,1181.86
O02839,U04120,2026-02-11,5880.42
O02840,U09176,2026-07-15,9925.83
O02841,U02177,2026-01-24,5992.95
O02842,U00909,2026-06-21,8945.15
O02843,U03603,2026-02-12,4870.45
O02844,U02961,2026-04-19,5650.85
O02845,U07366,2026-02-14,8086.5
O02846,U07400,2026-06-05,7742.1
O02847,U06167,2026-03-04,3945.19
O02848,U06059,2026-06-02,2701.29
O02849,U05587,2026-01-21,9415.49
O02850,U05918,2026-02-02,4718.77
O02851,U02968,2026-05-02,6768.88
O02852,U06516,2026-07-04,8507.64
O02853,U05786,2026-05-13,3879.51
O02854,U04366,2026-05-22,8868.67
O02855,U07637,2026-06-25,8094.37
O02856,U03933,2026-04-10,9811.01
O02857,U03170,2026-02-28,1598.27
O02858,U03530,2026-06-18,8318.74
O02859,U09325,2026-06-12,5997.2
O02860,U07071,2026-03-22,848.35
O02861,U01245,2026-02-09,6007.73
O02862,U09044,2026-04-07,2743.47
O02863,U07260,2026-06-12,1776.24
O02864,U09989,2026-03-20,8319.02
O02865,U02479,2026-05-21,4790.88
O02866,U03098,2026-02-08,5617.49
O02867,U05588,2026-07-11,1103.21
O02868,U04685,2026-05-17,4841.96
O02869,U07735,2026-06-22,8023.62
O02870,U04878,2026-04-17,5126.66
O02871,U02629,2026-06-12,7099.32
O02872,U06076,2026-04-01,8866.2
O02873,U08447,2026-05-25,7081.17
O02874,U07103,2026-02-18,2089.4
O02875,U03160,2026-02-03,5470.36
O02876,U09991,2026-07-03,2593.93
O02877,U01251,2026-01-30,1300.76
O02878,U03392,2026-06-30,5296.76
O02879,U00670,2026-04-01,5340.66
O02880,U04492,2026-07-18,2943.65
O02881,U08087,2026-04-03,7947.27
O02882,U01764,2026-02-19,6323.99
O02883,U06039,2026-04-13,9143.39
O02884,U06519,2026-02-27,767.86
O02885,U05484,2026-03-06,7217.87
O02886,U00474,2026-06-11,6392.41
O02887,U07380,2026-03-09,9737.9
O02888,U00024,2026-06-15,2317.62
O02889,U06559,2026-01-25,8918.32
O02890,U00535,2026-01-27,4511.23
O02891,U08701,2026-05-03,3323.56
O02892,U05315,2026-07-05,4594.25
O02893,U03275,2026-03-14,5057.18
O02894,U01177,2026-01-27,8228.88
O02895,U04524,2026-05-14,1865.37
O02896,U02214,2026-01-30,8953.35
O02897,U09546,2026-04-12,3671.27
O02898,U09374,2026-05-13,1555.92
O02899,U00959,2026-01-30,1782.89
O02900,U05616,2026-04-07,6019.28
O02901,U08984,2026-03-26,4699.09
O02902,U05036,2026-06-01,912.71
O02903,U04322,2026-06-03,4165.12
O02904,U04429,2026-04-07,1064.07
O02905,U01125,2026-04-03,899.85
O02906,U07649,2026-03-01,1221.32
O02907,U00825,2026-07-04,5469.63
O02908,U01377,2026-01-23,9338.78
O02909,U05111,2026-02-12,2429.18
O02910,U06949,2026-01-25,3086.5
O02911,U02385,2026-04-17,5168.64
O02912,U06221,2026-07-07,1697.21
O02913,U01893,2026-03-19,2328.83
O02914,U07838,2026-04-19,8194.25
O02915,U06231,2026-04-06,4273.09
O02916,U06731,2026-07-11,2410.14
O02917,U04631,2026-02-06,9544.87
O02918,U00134,2026-03-29,1257.66
O02919,U03660,2026-03-04,5860.08
O02920,U09503,2026-05-27,2735.55
O02921,U01801,2026-02-19,8467.27
O02922,U08105,2026-05-20,6249.92
O02923,U06564,2026-03-11,2427.13
O02924,U08347,2026-03-13,8925.49
O02925,U04679,2026-03-01,3260.6
O02926,U09515,2026-05-18,5077.36
O02927,U07528,2026-01-21,8147.99
O02928,U02785,2026-07-05,4001.72
O02929,U07008,2026-02-01,7116.27
O02930,U07596,2026-02-16,9957.52
O02931,U09848,2026-02-27,3127.2
O02932,U00439,2026-05-04,4542.56
O02933,U09629,2026-02-28,1558.33
O02934,U07336,2026-05-22,4354.87
O02935,U02556,2026-04-14,2781.52
O02936,U00387,2026-05-06,3282.52
O02937,U00057,2026-02-01,4305.07
O02938,U01750,2026-02-05,8338.81
O02939,U08413,2026-06-15,1067.59
O02940,U07395,2026-02-21,4470.51
O02941,U09387,2026-05-04,1688.2
O02942,U00970,2026-05-06,5243.43
O02943,U01859,2026-05-31,4096.47
O02944,U05501,2026-05-18,9398.51
O02945,U08517,2026-02-22,5446.64
O02946,U05754,2026-01-24,7024.34
O02947,U02795,2026-04-03,2698.27
O02948,U04873,2026-06-13,7285.26
O02949,U03055,2026-02-20,2925.9
O02950,U05940,2026-06-30,7309.94
O02951,U02940,2026-02-09,6630.53
O02952,U00764,2026-03-31,2060.09
O02953,U02349,2026-06-22,5111.48
O02954,U06557,2026-03-22,6289.12
O02955,U06512,2026-02-18,1264.37
O02956,U00939,2026-05-30,7440.67
O02957,U00542,2026-07-06,7915.39
O02958,U02820,2026-02-10,4571.66
O02959,U02464,2026-03-29,492.46
O02960,U03645,2026-05-25,6817.97
O02961,U02423,2026-06-06,8733.37
O02962,U04419,2026-03-29,6596.84
O02963,U08589,2026-04-05,1982.7
O02964,U06513,2026-07-19,7637.35
O02965,U03065,2026-06-07,3538.09
O02966,U05095,2026-04-20,4614.53
O02967,U00912,2026-06-11,4902.48
O02968,U06226,2026-03-06,755.38
O02969,U07000,2026-02-21,4494.83
O02970,U06008,2026-03-03,9264.24
O02971,U04344,2026-02-20,5455.06
O02972,U07617,2026-05-29,9371.59
O02973,U02735,2026-07-12,6678.02
O02974,U03049,2026-05-25,8273.76
O02975,U01890,2026-03-03,5619.09
O02976,U01868,2026-04-07,7011.16
O02977,U08527,2026-03-05,6933.57
O02978,U03293,2026-04-01,6237.83
O02979,U06374,2026-05-11,1172.69
O02980,U06049,2026-02-21,1102.85
O02981,U00810,2026-07-02,7159.68
O02982,U00221,2026-06-27,1536.05
O02983,U00258,2026-04-04,2515.71
O02984,U01425,2026-02-10,999.4
O02985,U01826,2026-05-28,2087.36
O02986,U05662,2026-01-22,6919.32
O02987,U06823,2026-06-10,2183.33
O02988,U03405,2026-03-09,9730.9
O02989,U02899,2026-07-19,8940.93
O02990,U02392,2026-07-07,6476.46
O02991,U09477,2026-04-07,3759.88
O02992,U08956,2026-05-24,2798.83
O02993,U05324,2026-05-06,1213.48
O02994,U00076,2026-04-15,4444.79
O02995,U02205,2026-07-17,2844.14
O02996,U02259,2026-04-09,5493.88
O02997,U04740,2026-03-22,8669.44
O02998,U05285,2026-03-21,4335.21
O02999,U03983,2026-02-08,9427.04
O03000,U02410,2026-07-05,4061.97
O03001,U09697,2026-02-06,2438.01
O03002,U04173,2026-03-25,6933.11
O03003,U09028,2026-02-14,6925.2
O03004,U04974,2026-07-20,4203.87
O03005,U01638,2026-05-06,4740.85
O03006,U01749,2026-02-14,5324.06
O03007,U03281,2026-02-23,1733.53
O03008,U06141,2026-03-07,2233.38
O03009,U06982,2026-06-21,1419.84
O03010,U09086,2026-04-02,7694.11
O03011,U04224,2026-03-23,333.88
O03012,U08871,2026-03-31,1187.27
O03013,U09533,2026-04-30,1450.31
O03014,U05057,2026-04-12,1484.21
O03015,U08778,2026-04-02,3041.45
O03016,U06419,2026-06-21,9054.84
O03017,U06668,2026-05-21,4951.21
O03018,U06639,2026-03-31,6356.89
O03019,U03476,2026-05-06,8181.32
O03020,U04533,2026-06-08,6905.64
O03021,U09509,2026-06-15,1019.44
O03022,U01395,2026-01-21,6126.77
O03023,U01944,2026-03-31,4570.35
O03024,U02336,2026-07-03,4943.45
O03025,U08103,2026-02-02,8122.68
O03026,U06062,2026-03-28,5195.79
O03027,U00323,2026-05-19,4229.95
O03028,U00007,2026-03-10,1586.14
O03029,U06475,2026-06-04,2650.43
O03030,U01024,2026-04-22,1645.26
O03031,U02482,2026-04-26,6248.23
O03032,U05692,2026-05-10,5788.08
O03033,U04799,2026-04-17,9951.36
O03034,U08915,2026-05-22,7987.07
O03035,U02234,2026-07-06,4625.03
O03036,U03799,2026-03-26,4294.95
O03037,U00869,2026-05-22,8468.07
O03038,U07930,2026-05-24,6146.94
O03039,U02488,2026-04-04,7245.44
O03040,U01233,2026-03-26,2246.61
O03041,U04960,2026-04-28,4061.49
O03042,U09020,2026-07-13,2347.18
O03043,U00895,2026-03-20,6004.93
O03044,U04114,2026-05-29,2825.16
O03045,U01107,2026-06-27,1402.69
O03046,U03516,2026-01-30,1981.54
O03047,U07158,2026-03-16,8008.89
O03048,U06021,2026-02-13,5199.71
O03049,U06516,2026-03-18,7688.86
O03050,U09503,2026-05-30,661.91
O03051,U08166,2026-04-24,3292.93
O03052,U05107,2026-02-26,4184.08
O03053,U06665,2026-03-31,6621.86
O03054,U09815,2026-06-16,6281.13
O03055,U06385,2026-06-17,9675.79
O03056,U03007,2026-02-25,3855.68
O03057,U02666,2026-02-25,7579.32
O03058,U02863,2026-07-13,1176.14
O03059,U08380,2026-04-23,2368.56
O03060,U09668,2026-07-02,930.35
O03061,U05692,2026-04-16,938.77
O03062,U05270,2026-05-17,1602.91
O03063,U06934,2026-02-02,3984.26
O03064,U05152,2026-01-23,2790.88
O03065,U05933,2026-04-09,7886.68
O03066,U03406,2026-05-24,8258.76
O03067,U04465,2026-04-18,6423.04
O03068,U08338,2026-07-20,6605.0
O03069,U01471,2026-02-19,8025.47
O03070,U03063,2026-02-22,3046.22
O03071,U09343,2026-03-16,6390.19
O03072,U07622,2026-05-20,2831.88
O03073,U01979,2026-06-26,7654.91
O03074,U09400,2026-01-23,4728.25
O03075,U02815,2026-05-04,9043.91
O03076,U06813,2026-02-17,2860.27
O03077,U04125,2026-02-28,4860.94
O03078,U00318,2026-07-11,2503.76
O03079,U05477,2026-04-22,1443.16
O03080,U09858,2026-07-01,1442.31
O03081,U04025,2026-03-10,7938.79
O03082,U03919,2026-02-08,1171.69
O03083,U07795,2026-05-16,1962.74
O03084,U09686,2026-04-28,1127.35
O03085,U09231,2026-04-19,6568.72
O03086,U09592,2026-06-16,1387.7
O03087,U09728,2026-01-23,1343.65
O03088,U05763,2026-02-24,6034.04
O03089,U02403,2026-05-16,5243.12
O03090,U01765,2026-05-18,6310.01
O03091,U09322,2026-04-20,7554.39
O03092,U06295,2026-05-30,9547.19
O03093,U04790,2026-01-23,6167.29
O03094,U05210,2026-04-04,6865.0
O03095,U01346,2026-02-03,6037.47
O03096,U04812,2026-04-22,5569.57
O03097,U03892,2026-06-12,1611.43
O03098,U05574,2026-03-09,9967.02
O03099,U05931,2026-07-02,2577.7
O03100,U05661,2026-03-12,2133.78
O03101,U03870,2026-03-12,6593.29
O03102,U09760,2026-02-28,8744.81
O03103,U06108,2026-01-25,9922.56
O03104,U05679,2026-02-16,7901.96
O03105,U01633,2026-02-08,4891.15
O03106,U09179,2026-06-03,1451.11
O03107,U00206,2026-03-01,7114.57
O03108,U05897,2026-07-01,7070.1
O03109,U00791,2026-07-07,7968.35
O03110,U06733,2026-02-23,1810.63
O03111,U08958,2026-01-30,1170.35
O03112,U01274,2026-07-02,445.51
O03113,U09760,2026-05-01,1011.62
O03114,U00512,2026-03-31,5883.06
O03115,U06236,2026-04-20,6682.62
O03116,U00607,2026-03-18,2322.22
O03117,U06444,2026-07-18,3026.51
O03118,U04864,2026-05-17,2785.91
O03119,U02339,2026-06-10,9064.55
O03120,U03097,2026-03-02,6880.96
O03121,U00996,2026-03-22,9499.88
O03122,U00438,2026-07-15,8780.29
O03123,U08235,2026-05-21,4283.33
O03124,U04307,2026-05-09,7607.31
O03125,U05725,2026-03-25,4868.82
O03126,U02654,2026-05-17,8250.74
O03127,U08686,2026-03-18,1684.87
O03128,U08105,2026-06-03,9123.62
O03129,U07423,2026-06-01,3530.48
O03130,U07884,2026-04-11,9123.87
O03131,U08682,2026-02-02,801.5
O03132,U09870,2026-03-28,9378.91
O03133,U01728,2026-06-14,3961.96
O03134,U01208,2026-05-18,4797.03
O03135,U05107,2026-01-26,873.88
O03136,U09246,2026-04-14,9223.0
O03137,U04734,2026-04-26,5426.62
O03138,U01497,2026-03-17,5519.89
O03139,U06779,2026-06-02,9836.96
O03140,U06548,2026-04-30,8814.49
O03141,U08415,2026-06-29,937.53
O03142,U01168,2026-06-09,7818.37
O03143,U06191,2026-04-24,511.97
O03144,U01912,2026-05-02,2637.76
O03145,U06972,2026-07-18,7507.57
O03146,U02213,2026-02-28,6257.24
O03147,U05396,2026-05-01,2915.32
O03148,U08175,2026-04-01,8245.99
O03149,U06838,2026-02-25,1820.65
O03150,U06198,2026-03-21,3505.73
O03151,U08073,2026-07-17,9616.29
O03152,U06668,2026-07-09,6317.91
O03153,U07566,2026-03-03,6991.18
O03154,U03236,2026-05-11,6353.3
O03155,U07628,2026-07-05,8666.68
O03156,U02859,2026-02-10,1959.22
O03157,U07606,2026-03-17,5415.33
O03158,U02392,2026-03-20,1884.04
O03159,U02843,2026-03-23,4773.39
O03160,U04211,2026-03-14,6025.76
O03161,U04507,2026-04-02,4150.07
O03162,U04919,2026-05-02,2572.53
O03163,U05454,2026-01-19,9786.05
O03164,U03577,2026-03-19,6360.42
O03165,U06835,2026-04-27,5830.67
O03166,U08964,2026-07-07,402.15
O03167,U01460,2026-05-18,6051.83
O03168,U05834,2026-06-28,5429.15
O03169,U02628,2026-07-15,1592.89
O03170,U00231,2026-03-10,6708.55
O03171,U05503,2026-03-27,3133.0
O03172,U06448,2026-03-09,8298.13
O03173,U06835,2026-01-27,7361.77
O03174,U07794,2026-03-08,2067.2
O03175,U04781,2026-03-13,1781.64
O03176,U04215,2026-01-24,7275.32
O03177,U09749,2026-02-26,5329.34
O03178,U04797,2026-01-21,9626.96
O03179,U02924,2026-03-20,8170.48
O03180,U04714,2026-05-27,1124.52
O03181,U07753,2026-02-09,5769.2
O03182,U05271,2026-02-03,2927.95
O03183,U05754,2026-04-05,1118.8
O03184,U03377,2026-06-18,6816.84
O03185,U07987,2026-05-03,9614.77
O03186,U05977,2026-05-20,7484.37
O03187,U02605,2026-06-16,4784.95
O03188,U03488,2026-03-30,315.1
O03189,U04597,2026-04-26,1706.17
O03190,U03311,2026-06-24,3039.7
O03191,U02509,2026-02-08,1891.29
O03192,U06288,2026-06-10,3731.35
O03193,U06484,2026-02-20,7299.57
O03194,U08878,2026-06-26,3107.18
O03195,U00466,2026-06-15,2908.29
O03196,U02005,2026-04-24,7062.83
O03197,U08446,2026-02-04,8404.23
O03198,U03257,2026-03-01,4396.49
O03199,U07605,2026-05-20,6512.36
O03200,U07384,2026-06-29,8713.73
O03201,U05674,2026-02-13,2871.09
O03202,U03632,2026-04-13,3310.29
O03203,U09430,2026-06-22,1830.88
O03204,U05851,2026-06-11,5142.71
O03205,U03427,2026-04-01,8191.95
O03206,U04254,2026-05-19,9670.37
O03207,U03550,2026-02-02,3658.87
O03208,U01994,2026-04-18,2482.59
O03209,U01733,2026-02-04,8264.65
O03210,U00524,2026-03-28,2439.0
O03211,U05233,2026-07-06,3257.67
O03212,U02753,2026-05-17,1877.13
O03213,U01317,2026-05-31,2572.46
O03214,U04047,2026-03-10,897.84
O03215,U01566,2026-04-23,8393.8
O03216,U04126,2026-06-28,2889.1
O03217,U03198,2026-07-08,5022.36
O03218,U08357,2026-06-26,5225.22
O03219,U05756,2026-05-27,9834.73
O03220,U03407,2026-07-20,408.57
O03221,U01429,2026-06-07,7339.98
O03222,U06039,2026-05-16,3219.57
O03223,U00576,2026-04-26,323.93
O03224,U03459,2026-06-12,2352.23
O03225,U01418,2026-06-07,9170.28
O03226,U06516,2026-05-16,5916.9
O03227,U06973,2026-06-17,3105.97
O03228,U06312,2026-05-05,6117.82
O03229,U07257,2026-03-07,9413.2
O03230,U01559,2026-03-01,5512.76
O03231,U03538,2026-03-26,9411.79
O03232,U09221,2026-07-10,5714.01
O03233,U09293,2026-02-02,9434.17
O03234,U04931,2026-06-02,9914.96
O03235,U03213,2026-06-10,8009.6
O03236,U05257,2026-04-07,3706.4
O03237,U05643,2026-01-25,5149.42
O03238,U08390,2026-04-23,4863.51
O03239,U02442,2026-02-25,2892.31
O03240,U07206,2026-03-24,7730.65
O03241,U08398,2026-03-09,8471.91
O03242,U06447,2026-04-05,7602.36
O03243,U04383,2026-03-30,7391.8
O03244,U02185,2026-04-10,519.61
O03245,U07102,2026-03-16,6948.86
O03246,U03509,2026-02-07,8675.21
O03247,U07587,2026-04-21,5612.79
O03248,U01078,2026-06-11,1242.17
O03249,U07836,2026-03-01,4908.65
O03250,U02998,2026-04-14,6301.78
O03251,U04754,2026-05-17,7032.19
O03252,U00174,2026-01-25,5788.13
O03253,U08930,2026-05-24,680.83
O03254,U00655,2026-07-03,6589.48
O03255,U09778,2026-01-25,1660.84
O03256,U04981,2026-03-30,2282.79
O03257,U04238,2026-02-23,5226.39
O03258,U02680,2026-01-29,7759.25
O03259,U06118,2026-05-25,603.68
O03260,U08611,2026-05-15,8363.98
O03261,U07021,2026-06-30,1476.75
O03262,U07533,2026-03-03,6200.28
O03263,U09880,2026-04-10,6685.91
O03264,U03444,2026-03-15,7913.12
O03265,U08400,2026-03-27,4174.11
O03266,U00608,2026-01-21,5131.1
O03267,U09882,2026-05-02,9000.44
O03268,U03860,2026-03-26,2676.44
O03269,U03750,2026-05-24,7725.13
O03270,U09314,2026-03-21,7135.76
O03271,U00540,2026-06-16,7825.13
O03272,U09923,2026-04-15,8138.26
O03273,U02415,2026-06-11,5698.64
O03274,U04386,2026-05-26,737.0
O03275,U05128,2026-04-27,9016.17
O03276,U03697,2026-04-18,7730.82
O03277,U06418,2026-05-23,7119.12
O03278,U05952,2026-04-27,5314.32
O03279,U07802,2026-03-22,8392.39
O03280,U03937,2026-05-11,1501.32
O03281,U06182,2026-06-30,5395.94
O03282,U08449,2026-02-10,9778.13
O03283,U08679,2026-07-20,6894.23
O03284,U02568,2026-04-21,8529.66
O03285,U02993,2026-04-04,630.21
O03286,U08783,2026-03-18,6776.92
O03287,U07890,2026-02-03,3571.56
O03288,U01046,2026-04-25,7521.69
O03289,U09509,2026-07-17,6728.27
O03290,U00924,2026-06-27,8633.87
O03291,U01224,2026-05-16,1569.1
O03292,U00855,2026-06-11,4149.94
O03293,U09735,2026-06-06,6845.81
O03294,U04153,2026-06-07,5310.74
O03295,U00605,2026-07-17,5342.15
O03296,U06143,2026-01-22,9989.99
O03297,U07803,2026-03-29,9130.62
O03298,U09281,2026-03-24,5520.37
O03299,U00299,2026-04-29,309.39
O03300,U04456,2026-06-28,3590.57
O03301,U05054,2026-04-06,3978.7
O03302,U07157,2026-04-02,4135.49
O03303,U09047,2026-01-23,4033.42
O03304,U06829,2026-06-02,7811.1
O03305,U08904,2026-05-03,2553.53
O03306,U01745,2026-02-25,6423.71
O03307,U00808,2026-04-01,7293.89
O03308,U07440,2026-02-17,6873.79
O03309,U06799,2026-02-16,7340.64
O03310,U03849,2026-07-07,7837.63
O03311,U07010,2026-03-23,2194.66
O03312,U05910,2026-04-12,7547.06
O03313,U02878,2026-02-13,3367.06
O03314,U01806,2026-02-01,8791.29
O03315,U06230,2026-03-18,4123.42
O03316,U06673,2026-06-07,6717.36
O03317,U04478,2026-04-12,3077.31
O03318,U08646,2026-03-10,2211.67
O03319,U05387,2026-05-24,3052.27
O03320,U08290,2026-03-04,9765.76
O03321,U02065,2026-03-10,1214.48
O03322,U08419,2026-02-20,3446.74
O03323,U01921,2026-04-13,9863.77
O03324,U05331,2026-03-14,7399.09
O03325,U04895,2026-06-01,6121.35
O03326,U06985,2026-01-27,4055.89
O03327,U03457,2026-02-09,5037.31
O03328,U03400,2026-01-27,4198.91
O03329,U05635,2026-05-23,4364.31
O03330,U07510,2026-07-09,1409.93
O03331,U03970,2026-07-06,4273.97
O03332,U01458,2026-01-23,5050.17
O03333,U00690,2026-03-04,1653.0
O03334,U09423,2026-05-16,7093.2
O03335,U05341,2026-04-12,9484.59
O03336,U07906,2026-05-07,9491.34
O03337,U03444,2026-06-29,5818.15
O03338,U04936,2026-06-26,6513.46
O03339,U08525,2026-02-28,2493.66
O03340,U05564,2026-06-18,7912.61
O03341,U08725,2026-02-21,1564.14
O03342,U03677,2026-01-27,7687.43
O03343,U07779,2026-04-03,2934.72
O03344,U05782,2026-06-27,6585.33
O03345,U06925,2026-06-07,8321.9
O03346,U00665,2026-05-21,9924.99
O03347,U09556,2026-03-29,9612.52
O03348,U09945,2026-06-01,3481.49
O03349,U06691,2026-06-20,6980.74
O03350,U06045,2026-03-26,8907.02
O03351,U01380,2026-07-06,6262.08
O03352,U01280,2026-03-11,8145.97
O03353,U01087,2026-06-20,5064.85
O03354,U04191,2026-05-17,4638.79
O03355,U03085,2026-06-13,9108.75
O03356,U01297,2026-04-16,1132.21
O03357,U05528,2026-04-23,2007.35
O03358,U03043,2026-02-19,8359.69
O03359,U08993,2026-04-30,6032.13
O03360,U04044,2026-05-20,3761.18
O03361,U01225,2026-07-04,2016.12
O03362,U06811,2026-03-02,8716.47
O03363,U04119,2026-01-31,6052.82
O03364,U01441,2026-02-14,5248.4
O03365,U03207,2026-04-15,9422.53
O03366,U02222,2026-06-08,2572.7
O03367,U03930,2026-05-07,6043.31
O03368,U06349,2026-01-24,5350.12
O03369,U02353,2026-07-10,3585.43
O03370,U03071,2026-04-16,3648.69
O03371,U03046,2026-03-16,3846.91
O03372,U09013,2026-06-06,6139.28
O03373,U08848,2026-02-20,1882.56
O03374,U05049,2026-06-02,2244.64
O03375,U06039,2026-03-07,8176.03
O03376,U01166,2026-01-30,3968.75
O03377,U05887,2026-05-17,4367.96
O03378,U01965,2026-03-27,629.99
O03379,U09127,2026-07-03,1261.98
O03380,U02837,2026-05-13,7778.51
O03381,U03893,2026-01-27,3117.32
O03382,U03579,2026-07-13,8297.48
O03383,U00346,2026-07-14,3242.32
O03384,U04580,2026-02-04,9910.27
O03385,U08513,2026-05-20,6458.0
O03386,U02001,2026-03-16,1912.7
O03387,U06726,2026-07-10,7893.96
O03388,U04500,2026-04-13,715.99
O03389,U00961,2026-05-22,8002.52
O03390,U00964,2026-05-20,3222.83
O03391,U09894,2026-05-23,7478.39
O03392,U09700,2026-04-21,4970.05
O03393,U06267,2026-03-14,5782.39
O03394,U03256,2026-05-10,6506.81
O03395,U07268,2026-02-17,2465.9
O03396,U04883,2026-04-20,4457.06
O03397,U02829,2026-01-25,6571.87
O03398,U01002,2026-03-13,6023.93
O03399,U01741,2026-02-06,1967.33
O03400,U04384,2026-07-15,5312.24
O03401,U08822,2026-02-23,2099.82
O03402,U01160,2026-04-04,5535.69
O03403,U08758,2026-03-05,5485.99
O03404,U07207,2026-07-17,2460.49
O03405,U03977,2026-03-21,6156.45
O03406,U05665,2026-06-18,3196.57
O03407,U04992,2026-01-22,5261.43
O03408,U05999,2026-02-03,2987.95
O03409,U06293,2026-06-04,8927.42
O03410,U08557,2026-03-30,3360.24
O03411,U09661,2026-04-19,5988.22
O03412,U03893,2026-01-31,4366.03
O03413,U08462,2026-04-30,6599.53
O03414,U00164,2026-02-09,3046.71
O03415,U03939,2026-07-15,4795.61
O03416,U03558,2026-02-04,9938.67
O03417,U09293,2026-03-08,1344.45
O03418,U00260,2026-01-25,5573.84
O03419,U01114,2026-02-08,7735.41
O03420,U09426,2026-04-18,8398.35
O03421,U08693,2026-07-05,4046.03
O03422,U04457,2026-06-16,5670.91
O03423,U04338,2026-02-28,8410.94
O03424,U00625,2026-03-01,3472.94
O03425,U02671,2026-02-01,2293.89
O03426,U08792,2026-01-26,9964.01
O03427,U09404,2026-05-17,2735.99
O03428,U00359,2026-04-08,7027.89
O03429,U04529,2026-01-20,7380.95
O03430,U08813,2026-01-25,9064.02
O03431,U00272,2026-07-03,2635.15
O03432,U02898,2026-06-07,6252.71
O03433,U03030,2026-03-05,4604.66
O03434,U03810,2026-05-21,1528.5
O03435,U04861,2026-02-26,8964.93
O03436,U03083,2026-06-07,2385.01
O03437,U08207,2026-02-12,3385.89
O03438,U04569,2026-05-08,4578.24
O03439,U00314,2026-02-06,5563.05
O03440,U05752,2026-03-21,2952.29
O03441,U02670,2026-02-12,2272.68
O03442,U06518,2026-04-04,6788.85
O03443,U08629,2026-03-19,8344.38
O03444,U09672,2026-06-26,1082.86
O03445,U06262,2026-07-12,1100.51
O03446,U07528,2026-01-22,7169.6
O03447,U03547,2026-05-11,9737.64
O03448,U02306,2026-02-11,7395.44
O03449,U07796,2026-05-03,5783.64
O03450,U09016,2026-02-05,500.79
O03451,U03966,2026-02-06,2129.17
O03452,U07189,2026-04-17,8825.33
O03453,U02933,2026-05-25,5189.62
O03454,U06258,2026-06-21,1692.48
O03455,U00498,2026-04-07,2218.6
O03456,U06639,2026-07-04,5591.41
O03457,U05671,2026-03-13,5482.74
O03458,U01175,2026-06-23,7474.88
O03459,U08710,2026-02-26,5076.88
O03460,U06715,2026-05-29,718.35
O03461,U06795,2026-06-19,3194.04
O03462,U05484,2026-05-12,4475.56
O03463,U02702,2026-04-30,452.9
O03464,U03548,2026-01-28,1833.03
O03465,U02956,2026-07-20,6153.6
O03466,U09505,2026-02-06,9120.64
O03467,U09463,2026-07-01,5598.15
O03468,U05171,2026-05-14,8516.97
O03469,U03105,2026-03-07,5065.15
O03470,U00460,2026-06-17,4980.04
O03471,U02409,2026-06-19,6891.78
O03472,U09648,2026-03-12,6217.21
O03473,U01578,2026-04-23,9895.21
O03474,U06352,2026-03-10,9156.8
O03475,U03929,2026-03-05,7409.05
O03476,U09871,2026-02-01,2750.56
O03477,U08514,2026-04-11,4992.16
O03478,U01957,2026-04-24,6178.41
O03479,U06759,2026-06-13,8305.29
O03480,U06802,2026-03-11,4618.31
O03481,U02577,2026-05-11,7616.68
O03482,U08413,2026-03-21,2559.28
O03483,U01630,2026-05-27,4029.71
O03484,U01809,2026-05-29,7388.03
O03485,U00508,2026-01-30,747.37
O03486,U05039,2026-04-28,6613.64
O03487,U02351,2026-05-27,9547.44
O03488,U00254,2026-03-24,9920.75
O03489,U08790,2026-04-01,1362.93
O03490,U02921,2026-03-15,3692.25
O03491,U08090,2026-01-23,4449.52
O03492,U03376,2026-03-20,9277.61
O03493,U01412,2026-03-14,9766.68
O03494,U00309,2026-02-26,543.57
O03495,U01796,2026-07-11,6291.51
O03496,U03659,2026-04-21,523.16
O03497,U03699,2026-05-03,6300.75
O03498,U00752,2026-03-30,1344.19
O03499,U00623,2026-02-21,3253.87
O03500,U05239,2026-05-25,3465.82
O03501,U09302,2026-06-10,9180.83
O03502,U09394,2026-03-23,8040.98
O03503,U00892,2026-05-03,7564.5
O03504,U05729,2026-05-22,6115.85
O03505,U03932,2026-06-08,1403.33
O03506,U03435,2026-06-03,3126.29
O03507,U03078,2026-04-01,4587.39
O03508,U01294,2026-06-18,7027.62
O03509,U06326,2026-02-04,4959.06
O03510,U04661,2026-06-10,9922.14
O03511,U03584,2026-04-06,6046.97
O03512,U07454,2026-06-23,3991.04
O03513,U00966,2026-03-06,2620.29
O03514,U02760,2026-06-12,1165.09
O03515,U09646,2026-05-12,5116.27
O03516,U04050,2026-04-25,798.7
O03517,U05820,2026-06-13,5808.24
O03518,U06116,2026-02-18,1455.72
O03519,U05378,2026-06-30,868.67
O03520,U09675,2026-03-04,4893.29
O03521,U03650,2026-06-02,3958.22
O03522,U08760,2026-04-10,6461.59
O03523,U06741,2026-07-06,2889.19
O03524,U04066,2026-02-08,4830.23
O03525,U01529,2026-03-01,651.1
O03526,U07535,2026-06-15,3123.63
O03527,U02216,2026-02-25,6056.23
O03528,U05443,2026-02-15,9162.96
O03529,U08321,2026-04-12,5508.38
O03530,U05677,2026-07-19,624.51
O03531,U03571,2026-07-10,326.46
O03532,U07206,2026-03-26,3355.23
O03533,U02594,2026-01-23,6362.95
O03534,U08657,2026-06-30,8413.6
O03535,U01709,2026-02-04,1570.29
O03536,U06419,2026-06-29,6125.29
O03537,U02600,2026-04-03,2893.2
O03538,U09097,2026-02-23,3348.93
O03539,U01472,2026-04-07,8403.18
O03540,U00023,2026-07-14,4527.6
O03541,U06996,2026-05-25,1090.21
O03542,U09847,2026-06-16,9260.07
O03543,U02833,2026-05-17,1173.95
O03544,U09923,2026-01-28,3706.8
O03545,U02480,2026-05-01,2565.11
O03546,U08021,2026-05-05,2257.28
O03547,U08716,2026-07-05,6339.47
O03548,U01899,2026-04-27,5070.26
O03549,U09347,2026-04-04,3496.24
O03550,U08051,2026-04-10,7819.49
O03551,U05920,2026-07-16,1287.21
O03552,U02249,2026-05-06,5334.33
O03553,U00360,2026-04-26,4867.0
O03554,U01696,2026-03-10,2328.61
O03555,U04666,2026-03-18,8258.54
O03556,U07195,2026-07-07,6943.04
O03557,U01287,2026-02-22,9933.05
O03558,U07948,2026-05-15,9748.1
O03559,U07628,2026-06-26,9929.66
O03560,U04401,2026-05-10,5710.9
O03561,U03800,2026-05-11,9719.38
O03562,U09890,2026-06-27,7197.15
O03563,U05212,2026-06-22,1510.85
O03564,U00452,2026-06-13,1514.26
O03565,U06938,2026-03-24,9724.15
O03566,U07349,2026-05-18,1196.46
O03567,U02703,2026-04-12,8487.4
O03568,U07039,2026-04-25,3139.07
O03569,U09721,2026-04-14,3309.58
O03570,U09519,2026-07-18,2574.43
O03571,U09792,2026-05-23,1530.1
O03572,U08608,2026-05-25,8118.75
O03573,U02766,2026-06-05,5587.64
O03574,U09026,2026-02-06,7968.21
O03575,U01918,2026-02-15,6843.71
O03576,U01023,2026-06-10,814.72
O03577,U02061,2026-04-24,4149.72
O03578,U09747,2026-06-10,2115.11
O03579,U03090,2026-04-27,3658.38
O03580,U03649,2026-07-04,4241.52
O03581,U07703,2026-04-03,1816.62
O03582,U08733,2026-07-07,9838.48
O03583,U09787,2026-06-29,4853.2
O03584,U09513,2026-01-20,8155.41
O03585,U02968,2026-06-25,1992.53
O03586,U03906,2026-05-22,7014.54
O03587,U09143,2026-02-17,8078.73
O03588,U03083,2026-03-20,9705.04
O03589,U06379,2026-02-10,570.96
O03590,U07055,2026-06-13,9169.02
O03591,U07235,2026-04-30,8187.63
O03592,U01394,2026-07-17,3627.98
O03593,U04026,2026-04-04,8924.48
O03594,U02421,2026-01-27,4350.34
O03595,U08473,2026-05-01,9729.03
O03596,U02831,2026-02-09,9207.78
O03597,U04359,2026-05-29,9759.69
O03598,U04313,2026-07-13,9068.77
O03599,U04926,2026-07-01,1622.45
O03600,U07483,2026-04-03,9254.56
O03601,U07963,2026-07-06,8768.54
O03602,U09132,2026-05-23,9017.26
O03603,U07136,2026-02-16,7052.37
O03604,U03380,2026-03-09,3453.61
O03605,U05624,2026-05-03,3307.96
O03606,U00089,2026-06-21,3285.3
O03607,U02172,2026-05-15,9584.53
O03608,U00941,2026-02-14,8976.04
O03609,U03649,2026-01-23,7025.73
O03610,U05060,2026-01-23,412.99
O03611,U07424,2026-05-25,8239.12
O03612,U08308,2026-06-02,2678.21
O03613,U05562,2026-03-20,6181.94
O03614,U01574,2026-04-10,7884.96
O03615,U00051,2026-02-11,6700.04
O03616,U06024,2026-06-05,1780.8
O03617,U01701,2026-04-23,5133.73
O03618,U03120,2026-06-06,6923.12
O03619,U01277,2026-03-31,7151.84
O03620,U00707,2026-05-25,6320.04
O03621,U04397,2026-02-17,1499.78
O03622,U02114,2026-03-26,3338.1
O03623,U01500,2026-05-07,9642.94
O03624,U05826,2026-07-03,1738.2
O03625,U09819,2026-06-10,3650.22
O03626,U07399,2026-04-10,8514.71
O03627,U02618,2026-06-14,8800.63
O03628,U07240,2026-05-11,9875.17
O03629,U00142,2026-05-14,8728.77
O03630,U07719,2026-04-07,5048.9
O03631,U04023,2026-02-17,3807.91
O03632,U01274,2026-03-09,4586.67
O03633,U01879,2026-06-06,3464.08
O03634,U06341,2026-04-29,4631.49
O03635,U08762,2026-05-16,3685.74
O03636,U08663,2026-06-26,1980.48
O03637,U06704,2026-02-17,1622.57
O03638,U02690,2026-04-27,4852.99
O03639,U04840,2026-05-18,7498.49
O03640,U01078,2026-04-18,8711.17
O03641,U01974,2026-04-28,600.41
O03642,U02375,2026-03-20,6227.15
O03643,U00908,2026-05-01,3454.59
O03644,U00171,2026-06-02,661.65
O03645,U03503,2026-04-30,9259.88
O03646,U05630,2026-05-05,7505.04
O03647,U03453,2026-06-11,3085.81
O03648,U05250,2026-03-27,512.86
O03649,U03870,2026-07-05,1833.96
O03650,U08346,2026-01-23,313.88
O03651,U07546,2026-01-21,6182.0
O03652,U06476,2026-03-30,4297.45
O03653,U02902,2026-04-14,8789.24
O03654,U03480,2026-02-15,2254.73
O03655,U08539,2026-05-22,1789.88
O03656,U09403,2026-06-10,4465.97
O03657,U02482,2026-07-09,4936.14
O03658,U06195,2026-03-30,6505.66
O03659,U07346,2026-03-27,2160.56
O03660,U06709,2026-05-05,7129.64
O03661,U05378,2026-07-10,8777.5
O03662,U03449,2026-05-06,9465.62
O03663,U03006,2026-06-16,4400.86
O03664,U06498,2026-03-07,4112.18
O03665,U06019,2026-02-07,511.15
O03666,U09473,2026-03-26,2779.53
O03667,U01566,2026-05-25,6863.49
O03668,U00738,2026-01-30,8851.01
O03669,U05726,2026-02-09,2299.38
O03670,U00076,2026-06-22,9759.62
O03671,U07325,2026-03-12,6303.76
O03672,U08490,2026-03-04,6876.69
O03673,U03269,2026-03-11,2071.42
O03674,U01033,2026-03-14,5006.68
O03675,U00225,2026-03-02,3064.91
O03676,U09444,2026-02-19,3749.67
O03677,U08033,2026-04-25,1050.43
O03678,U07284,2026-06-28,8532.68
O03679,U06145,2026-06-04,2562.71
O03680,U05090,2026-05-24,6665.96
O03681,U09365,2026-07-14,9047.99
O03682,U04490,2026-05-05,533.74
O03683,U05277,2026-06-23,4426.43
O03684,U00995,2026-06-24,2963.22
O03685,U04532,2026-03-07,299.87
O03686,U00766,2026-06-17,8860.13
O03687,U09331,2026-03-25,2594.24
O03688,U09751,2026-01-20,4716.16
O03689,U04562,2026-02-13,5527.72
O03690,U07384,2026-06-29,5088.16
O03691,U01782,2026-04-01,5281.01
O03692,U02965,2026-06-08,4810.4
O03693,U04389,2026-02-06,9263.65
O03694,U01334,2026-04-01,6422.17
O03695,U06474,2026-02-26,3070.45
O03696,U06553,2026-03-21,5089.43
O03697,U01817,2026-07-11,9441.04
O03698,U05210,2026-03-12,9633.43
O03699,U02925,2026-04-15,566.41
O03700,U02528,2026-04-07,1072.54
O03701,U06556,2026-03-26,2919.79
O03702,U09023,2026-03-31,2315.11
O03703,U03839,2026-06-06,420.87
O03704,U09734,2026-04-15,5687.4
O03705,U05786,2026-06-17,9915.78
O03706,U02477,2026-05-31,467.63
O03707,U07797,2026-04-06,7009.66
O03708,U04821,2026-05-12,4019.46
O03709,U06035,2026-07-20,4297.78
O03710,U09920,2026-01-29,9222.54
O03711,U00031,2026-02-13,8242.32
O03712,U00160,2026-06-18,8437.88
O03713,U07225,2026-03-02,6918.65
O03714,U09358,2026-04-13,5396.22
O03715,U09274,2026-06-14,8093.86
O03716,U09556,2026-03-02,1358.03
O03717,U07536,2026-02-09,2171.22
O03718,U03219,2026-02-18,8176.58
O03719,U02871,2026-05-19,1250.3
O03720,U07526,2026-01-28,3748.13
O03721,U02411,2026-03-15,8914.7
O03722,U01975,2026-06-03,7909.94
O03723,U06847,2026-05-24,8808.04
O03724,U04507,2026-03-23,1688.73
O03725,U08818,2026-04-06,517.65
O03726,U03162,2026-06-28,9680.83
O03727,U01915,2026-05-30,679.43
O03728,U04098,2026-04-05,5950.16
O03729,U03258,2026-06-10,1482.88
O03730,U04230,2026-04-02,5293.48
O03731,U02626,2026-03-13,1439.34
O03732,U04273,2026-07-15,2997.29
O03733,U01399,2026-02-23,4307.14
O03734,U03347,2026-06-22,5837.06
O03735,U09832,2026-04-27,7982.84
O03736,U05318,2026-02-03,899.27
O03737,U08314,2026-04-10,2321.84
O03738,U03008,2026-06-17,7459.71
O03739,U00762,2026-03-29,6022.64
O03740,U07062,2026-04-14,8135.19
O03741,U04366,2026-04-03,7300.32
O03742,U08690,2026-03-16,3539.89
O03743,U06988,2026-05-23,7787.09
O03744,U08840,2026-04-10,4057.94
O03745,U05685,2026-06-06,8836.62
O03746,U04131,2026-04-07,1823.56
O03747,U09967,2026-02-09,1056.46
O03748,U02862,2026-06-26,484.75
O03749,U03025,2026-07-20,6700.63
O03750,U08943,2026-05-24,3935.37
O03751,U08522,2026-05-27,2562.81
O03752,U02782,2026-01-31,1987.48
O03753,U00556,2026-05-17,7694.73
O03754,U02941,2026-04-23,4889.85
O03755,U01332,2026-01-29,2963.15
O03756,U07559,2026-05-18,3533.38
O03757,U02651,2026-07-17,2840.53
O03758,U09631,2026-04-06,1461.22
O03759,U01670,2026-06-22,873.44
O03760,U06583,2026-07-07,2013.04
O03761,U08531,2026-05-14,9892.95
O03762,U04079,2026-07-11,2868.55
O03763,U05859,2026-05-09,1644.36
O03764,U06452,2026-02-07,7213.63
O03765,U05663,2026-07-20,9971.36
O03766,U03111,2026-07-16,2384.23
O03767,U00728,2026-07-04,3808.74
O03768,U07552,2026-02-02,6836.19
O03769,U08834,2026-04-25,5780.52
O03770,U00156,2026-04-25,4477.97
O03771,U09285,2026-05-28,4971.66
O03772,U07995,2026-04-13,8942.84
O03773,U04750,2026-05-07,9860.89
O03774,U04719,2026-05-10,6997.24
O03775,U02313,2026-05-25,721.58
O03776,U09031,2026-04-10,3352.63
O03777,U04640,2026-05-10,5252.24
O03778,U06224,2026-07-02,1096.35
O03779,U05479,2026-02-07,3786.59
O03780,U00891,2026-02-22,9213.7
O03781,U04074,2026-05-12,3525.25
O03782,U02642,2026-06-14,6600.49
O03783,U00489,2026-05-09,8928.73
O03784,U05353,2026-07-19,4619.75
O03785,U00587,2026-05-25,1096.01
O03786,U00708,2026-06-15,851.94
O03787,U00898,2026-05-23,3153.92
O03788,U07608,2026-02-08,8215.68
O03789,U07229,2026-04-20,4695.73
O03790,U04020,2026-02-19,5507.38
O03791,U03343,2026-05-01,3547.4
O03792,U07650,2026-03-27,5778.71
O03793,U09080,2026-07-07,1639.21
O03794,U04396,2026-01-30,3697.44
O03795,U02078,2026-01-28,6929.33
O03796,U00345,2026-04-02,9689.36
O03797,U05687,2026-03-20,3807.39
O03798,U09751,2026-04-24,2200.12
O03799,U00450,2026-06-02,5764.97
O03800,U09710,2026-05-07,5573.16
O03801,U04273,2026-02-20,5828.32
O03802,U09039,2026-04-16,7965.38
O03803,U07763,2026-03-05,6618.4
O03804,U03432,2026-07-16,3994.54
O03805,U08109,2026-04-01,6139.7
O03806,U03428,2026-05-03,8277.6
O03807,U05234,2026-06-25,7778.94
O03808,U07219,2026-01-21,1500.68
O03809,U07209,2026-05-22,3488.34
O03810,U08500,2026-03-16,989.75
O03811,U05666,2026-02-09,4536.71
O03812,U03753,2026-04-16,3452.05
O03813,U07475,2026-05-02,3767.88
O03814,U08545,2026-05-19,8339.41
O03815,U03623,2026-05-13,2890.87
O03816,U00155,2026-05-12,4797.85
O03817,U08095,2026-04-10,4160.35
O03818,U02300,2026-07-20,8693.7
O03819,U00549,2026-03-22,8567.32
O03820,U03092,2026-01-24,9206.09
O03821,U01871,2026-05-08,5512.39
O03822,U03027,2026-06-29,4027.67
O03823,U00568,2026-04-23,8672.39
O03824,U05836,2026-05-26,4797.09
O03825,U04270,2026-02-15,4802.03
O03826,U04271,2026-05-21,8476.47
O03827,U03500,2026-04-30,3762.46
O03828,U07978,2026-05-10,8836.38
O03829,U08507,2026-05-08,2900.54
O03830,U03267,2026-04-17,8589.49
O03831,U07495,2026-03-10,2023.92
O03832,U04149,2026-03-30,6258.67
O03833,U01878,2026-06-06,8301.61
O03834,U09363,2026-02-27,1682.7
O03835,U07574,2026-04-08,6344.52
O03836,U01058,2026-06-16,860.0
O03837,U09597,2026-05-08,7044.18
O03838,U05216,2026-06-23,3096.21
O03839,U05083,2026-04-09,2314.62
O03840,U05863,2026-01-20,7789.07
O03841,U08215,2026-03-29,1975.36
O03842,U00490,2026-07-10,9081.31
O03843,U02469,2026-07-20,412.52
O03844,U07496,2026-03-04,4435.7
O03845,U01641,2026-04-04,1200.8
O03846,U00129,2026-02-14,4360.2
O03847,U07355,2026-03-30,2586.3
O03848,U05896,2026-03-07,4665.63
O03849,U01289,2026-04-24,2273.91
O03850,U08493,2026-04-01,9674.96
O03851,U09330,2026-04-27,4569.54
O03852,U01816,2026-01-29,2229.22
O03853,U09992,2026-07-15,8041.73
O03854,U00675,2026-06-30,5579.23
O03855,U06505,2026-04-13,2714.13
O03856,U06779,2026-04-16,5041.8
O03857,U03436,2026-04-01,9209.9
O03858,U09042,2026-03-26,8500.88
O03859,U03453,2026-07-12,8308.98
O03860,U04951,2026-04-11,306.07
O03861,U07306,2026-05-11,9362.72
O03862,U07329,2026-07-06,3245.78
O03863,U07719,2026-02-24,1427.7
O03864,U02126,2026-06-24,2881.79
O03865,U04682,2026-03-08,1796.62
O03866,U04376,2026-02-08,5381.45
O03867,U07088,2026-03-29,2926.37
O03868,U07105,2026-01-22,5715.19
O03869,U02476,2026-07-06,7486.43
O03870,U03865,2026-02-24,3493.01
O03871,U09493,2026-04-17,4842.46
O03872,U02321,2026-04-23,7838.88
O03873,U04777,2026-04-07,1488.62
O03874,U04307,2026-02-23,6039.96
O03875,U07195,2026-07-10,5855.84
O03876,U03932,2026-05-05,8054.67
O03877,U02364,2026-06-20,1614.05
O03878,U01085,2026-05-17,2693.94
O03879,U08847,2026-07-08,7764.65
O03880,U07174,2026-06-09,3574.44
O03881,U02932,2026-03-27,8016.73
O03882,U05324,2026-03-07,3603.61
O03883,U08274,2026-05-18,5217.22
O03884,U09239,2026-05-23,7361.23
O03885,U00358,2026-05-04,6657.09
O03886,U06062,2026-01-22,732.31
O03887,U08696,2026-03-19,7149.47
O03888,U03682,2026-07-18,8760.47
O03889,U08241,2026-04-18,1854.72
O03890,U05167,2026-06-20,3313.9
O03891,U04834,2026-02-09,2159.02
O03892,U05552,2026-07-03,9958.35
O03893,U05731,2026-03-20,4509.32
O03894,U00547,2026-02-06,1759.02
O03895,U09329,2026-03-21,1289.77
O03896,U02240,2026-03-16,6214.42
O03897,U01628,2026-06-03,9378.86
O03898,U04347,2026-05-24,7547.88
O03899,U06900,2026-04-03,662.3
O03900,U09201,2026-03-13,6032.28
O03901,U05124,2026-07-02,8304.09
O03902,U05474,2026-03-09,5301.85
O03903,U01370,2026-05-07,2480.52
O03904,U06094,2026-02-02,1514.85
O03905,U02234,2026-06-17,531.61
O03906,U02622,2026-07-15,8827.09
O03907,U03809,2026-03-06,5589.81
O03908,U04561,2026-07-19,3980.41
O03909,U06816,2026-07-19,4981.14
O03910,U06010,2026-06-12,7676.56
O03911,U04112,2026-06-20,8605.47
O03912,U03785,2026-02-04,649.84
O03913,U04463,2026-07-18,1923.78
O03914,U00345,2026-04-02,8279.18
O03915,U00121,2026-03-17,3018.7
O03916,U07158,2026-05-26,2720.53
O03917,U04272,2026-02-24,3795.6
O03918,U08444,2026-02-20,3538.25
O03919,U04820,2026-05-30,3630.23
O03920,U05004,2026-06-06,6248.63
O03921,U02733,2026-01-23,1614.23
O03922,U07813,2026-06-08,909.64
O03923,U00465,2026-06-19,6422.19
O03924,U02363,2026-03-07,8947.02
O03925,U00625,2026-05-19,5146.88
O03926,U06702,2026-01-25,2028.2
O03927,U05791,2026-01-27,8940.37
O03928,U01814,2026-07-16,9501.64
O03929,U03088,2026-04-20,1759.59
O03930,U05991,2026-02-20,3412.12
O03931,U04243,2026-03-30,9361.34
O03932,U02957,2026-03-03,1956.49
O03933,U06741,2026-03-06,544.45
O03934,U03296,2026-04-14,2035.43
O03935,U02961,2026-05-28,9154.91
O03936,U07816,2026-07-13,1017.05
O03937,U04771,2026-05-09,633.32
O03938,U03733,2026-05-28,6013.58
O03939,U09586,2026-06-07,2783.76
O03940,U02588,2026-02-21,8676.87
O03941,U06345,2026-01-20,6602.05
O03942,U04476,2026-07-01,6109.46
O03943,U01216,2026-06-23,9090.17
O03944,U09397,2026-02-04,7242.93
O03945,U07172,2026-06-24,5065.5
O03946,U06743,2026-04-04,6103.01
O03947,U09330,2026-02-25,6275.32
O03948,U01601,2026-04-01,7727.37
O03949,U02148,2026-05-24,8382.78
O03950,U04819,2026-06-13,7229.99
O03951,U05888,2026-04-24,8001.51
O03952,U00859,2026-02-12,1914.25
O03953,U03294,2026-04-14,4316.1
O03954,U07336,2026-04-01,8446.22
O03955,U04290,2026-02-18,1528.87
O03956,U06363,2026-06-11,7270.32
O03957,U01814,2026-06-23,4596.99
O03958,U07338,2026-03-04,9823.85
O03959,U02310,2026-04-29,9483.78
O03960,U09821,2026-03-06,6850.21
O03961,U04905,2026-03-27,8378.6
O03962,U02905,2026-05-03,8146.02
O03963,U05999,2026-04-16,5383.08
O03964,U09425,2026-05-30,9410.99
O03965,U07739,2026-02-05,3101.35
O03966,U04224,2026-05-02,8381.42
O03967,U08854,2026-01-23,8423.77
O03968,U08647,2026-06-20,9327.64
O03969,U00609,2026-04-12,9615.08
O03970,U08869,2026-05-28,2825.63
O03971,U05584,2026-04-08,4200.35
O03972,U07578,2026-02-25,9807.27
O03973,U00500,2026-05-18,4011.25
O03974,U00229,2026-06-04,7410.06
O03975,U04101,2026-05-19,2938.77
O03976,U03111,2026-07-16,7292.18
O03977,U04487,2026-01-28,7461.11
O03978,U00640,2026-01-19,2702.5
O03979,U09674,2026-06-02,4223.94
O03980,U05274,2026-01-24,1948.47
O03981,U00680,2026-06-09,6148.94
O03982,U07747,2026-01-23,914.83
O03983,U06868,2026-07-17,9660.63
O03984,U06422,2026-07-01,2162.35
O03985,U03474,2026-03-08,1046.85
O03986,U01800,2026-03-09,8241.66
O03987,U07268,2026-07-13,5679.3
O03988,U03456,2026-04-09,8526.92
O03989,U08788,2026-03-12,2453.38
O03990,U08514,2026-02-17,7744.97
O03991,U03480,2026-03-31,8335.5
O03992,U06559,2026-07-01,4753.66
O03993,U08845,2026-02-22,3287.05
O03994,U04586,2026-05-20,2629.56
O03995,U08240,2026-05-01,5872.69
O03996,U07617,2026-03-05,3508.29
O03997,U05039,2026-06-30,3329.52
O03998,U07354,2026-04-11,6377.41
O03999,U09184,2026-02-22,3647.63
O04000,U01293,2026-05-20,8429.34
O04001,U00252,2026-04-24,7289.74
O04002,U08023,2026-02-12,2154.8
O04003,U00650,2026-07-11,2377.6
O04004,U04888,2026-02-21,4524.62
O04005,U01680,2026-05-19,2740.08
O04006,U06959,2026-04-22,6640.38
O04007,U05085,2026-05-30,1091.44
O04008,U00259,2026-02-27,665.63
O04009,U01358,2026-04-28,2319.66
O04010,U08665,2026-06-25,333.67
O04011,U04808,2026-04-23,343.54
O04012,U04985,2026-06-03,9521.03
O04013,U03742,2026-07-01,1106.34
O04014,U06358,2026-07-01,688.3
O04015,U05469,2026-02-22,4106.62
O04016,U02879,2026-05-29,1001.39
O04017,U04189,2026-05-29,2010.67
O04018,U06601,2026-03-20,9009.91
O04019,U01552,2026-03-29,9940.68
O04020,U03037,2026-03-11,3534.92
O04021,U02399,2026-04-02,1217.82
O04022,U00443,2026-05-26,5843.39
O04023,U03568,2026-06-20,4750.87
O04024,U02887,2026-03-17,7304.99
O04025,U00609,2026-03-11,4498.33
O04026,U04821,2026-06-13,4315.29
O04027,U02616,2026-04-18,4824.75
O04028,U01216,2026-06-01,747.2
O04029,U02109,2026-07-03,5588.4
O04030,U07921,2026-05-03,4746.69
O04031,U09171,2026-07-07,1527.34
O04032,U07736,2026-05-16,7567.6
O04033,U05423,2026-04-26,9548.06
O04034,U02254,2026-06-28,1195.88
O04035,U03700,2026-05-27,7546.1
O04036,U01111,2026-06-14,5319.03
O04037,U00313,2026-03-23,4880.72
O04038,U00786,2026-01-27,1524.67
O04039,U01535,2026-06-25,7889.6
O04040,U09050,2026-07-02,1642.91
O04041,U06290,2026-02-08,1408.24
O04042,U01263,2026-07-19,5372.82
O04043,U00054,2026-04-15,7958.09
O04044,U06240,2026-04-27,8249.72
O04045,U04786,2026-05-23,2859.09
O04046,U06418,2026-03-16,3354.44
O04047,U09471,2026-05-25,3994.21
O04048,U06460,2026-02-07,9133.17
O04049,U06281,2026-01-21,9854.13
O04050,U08184,2026-06-02,9615.59
O04051,U05839,2026-02-17,3031.68
O04052,U07953,2026-07-02,7864.24
O04053,U03574,2026-05-23,7867.85
O04054,U02496,2026-04-28,9775.5
O04055,U09248,2026-07-09,1516.15
O04056,U07678,2026-04-07,3972.1
O04057,U04795,2026-04-23,6194.67
O04058,U01761,2026-03-27,8596.58
O04059,U06305,2026-03-27,6933.41
O04060,U07836,2026-02-17,1022.02
O04061,U05010,2026-04-19,9481.1
O04062,U00041,2026-03-05,6820.96
O04063,U02358,2026-03-06,7959.85
O04064,U01108,2026-07-12,9184.91
O04065,U04345,2026-01-31,1093.91
O04066,U06508,2026-05-30,2019.36
O04067,U01667,2026-06-23,4834.0
O04068,U02681,2026-04-21,1448.77
O04069,U01031,2026-05-12,5276.72
O04070,U00342,2026-02-02,1315.41
O04071,U06241,2026-06-27,3816.51
O04072,U04827,2026-04-26,899.99
O04073,U01176,2026-02-06,7733.0
O04074,U07273,2026-05-31,3037.63
O04075,U06316,2026-05-16,8175.11
O04076,U09113,2026-03-06,5675.28
O04077,U01012,2026-05-21,5278.18
O04078,U09008,2026-06-23,4714.98
O04079,U05494,2026-04-05,4425.64
O04080,U05662,2026-07-03,1344.64
O04081,U02892,2026-03-17,9138.03
O04082,U02865,2026-05-12,2315.48
O04083,U02450,2026-01-24,9643.27
O04084,U00974,2026-07-06,786.9
O04085,U01138,2026-06-21,5571.32
O04086,U03734,2026-02-19,3869.51
O04087,U01513,2026-06-20,3603.35
O04088,U07783,2026-03-06,2490.09
O04089,U09303,2026-02-25,9712.76
O04090,U01193,2026-05-29,3622.93
O04091,U00669,2026-07-17,5596.66
O04092,U09625,2026-07-10,8268.25
O04093,U02444,2026-04-10,6685.89
O04094,U09617,2026-03-07,3975.74
O04095,U05286,2026-06-08,4304.64
O04096,U01115,2026-02-20,7052.5
O04097,U07545,2026-04-23,1380.67
O04098,U04278,2026-06-22,596.62
O04099,U09116,2026-03-19,9238.38
O04100,U07423,2026-07-14,1506.61
O04101,U05326,2026-02-27,1860.38
O04102,U06502,2026-05-11,3143.81
O04103,U09160,2026-04-14,9359.04
O04104,U02207,2026-02-16,6249.86
O04105,U08796,2026-02-20,4540.01
O04106,U03110,2026-06-17,2549.18
O04107,U08523,2026-06-10,5025.32
O04108,U04668,2026-07-19,7225.94
O04109,U03301,2026-04-12,6677.31
O04110,U01068,2026-01-24,2019.07
O04111,U02644,2026-02-23,5818.77
O04112,U00400,2026-04-09,7007.87
O04113,U09242,2026-04-21,7926.12
O04114,U03415,2026-04-04,1576.07
O04115,U03217,2026-01-25,1733.01
O04116,U03004,2026-05-17,5336.06
O04117,U05832,2026-01-24,6328.27
O04118,U07758,2026-01-19,8711.31
O04119,U02586,2026-05-15,3595.31
O04120,U08154,2026-04-09,9282.21
O04121,U05017,2026-06-27,3004.25
O04122,U06439,2026-06-15,622.34
O04123,U00089,2026-04-04,5869.92
O04124,U01606,2026-04-23,3788.84
O04125,U08862,2026-05-19,7400.47
O04126,U07013,2026-05-08,7935.35
O04127,U09144,2026-02-10,5273.92
O04128,U00448,2026-05-15,2012.01
O04129,U04187,2026-04-17,5005.68
O04130,U06315,2026-06-29,3781.83
O04131,U02549,2026-01-19,9803.76
O04132,U06635,2026-05-06,2859.42
O04133,U08623,2026-02-22,7999.27
O04134,U09628,2026-03-07,1108.54
O04135,U07779,2026-03-28,693.73
O04136,U05262,2026-06-06,2892.42
O04137,U02709,2026-04-29,8842.46
O04138,U06075,2026-03-01,1985.79
O04139,U06580,2026-03-06,9792.9
O04140,U09274,2026-03-28,9189.9
O04141,U07575,2026-01-22,1714.99
O04142,U01789,2026-07-16,9460.8
O04143,U04924,2026-03-21,3163.75
O04144,U05889,2026-05-03,1444.85
O04145,U03923,2026-05-22,1922.15
O04146,U07640,2026-02-05,7524.81
O04147,U08971,2026-04-01,6613.96
O04148,U04700,2026-03-16,8325.43
O04149,U08856,2026-06-05,3037.63
O04150,U00533,2026-06-17,3542.26
O04151,U04311,2026-04-01,7125.51
O04152,U04066,2026-05-05,8868.33
O04153,U09403,2026-04-21,6999.82
O04154,U04449,2026-04-10,5870.25
O04155,U08230,2026-02-17,2024.32
O04156,U06494,2026-05-14,5763.35
O04157,U08034,2026-01-20,4981.21
O04158,U03685,2026-03-19,9569.59
O04159,U02532,2026-03-30,6218.15
O04160,U04713,2026-02-15,3800.53
O04161,U06930,2026-04-26,3097.47
O04162,U07160,2026-01-30,639.05
O04163,U06803,2026-03-12,3869.52
O04164,U05295,2026-05-11,5823.86
O04165,U04845,2026-06-17,6233.05
O04166,U08307,2026-03-23,3757.24
O04167,U05250,2026-02-11,7621.67
O04168,U08895,2026-06-06,2704.23
O04169,U04807,2026-04-10,9016.34
O04170,U04414,2026-01-27,3767.08
O04171,U03771,2026-02-13,303.19
O04172,U04345,2026-06-01,5904.77
O04173,U04017,2026-07-14,4819.86
O04174,U00578,2026-04-17,2309.12
O04175,U08314,2026-06-02,3259.13
O04176,U00808,2026-01-22,9798.14
O04177,U01471,2026-01-22,3161.08
O04178,U08212,2026-07-05,8138.44
O04179,U06628,2026-07-08,6366.89
O04180,U01478,2026-01-22,5794.71
O04181,U08137,2026-07-14,3147.44
O04182,U02760,2026-07-03,9802.89
O04183,U09538,2026-05-15,7719.12
O04184,U07930,2026-04-21,6477.57
O04185,U08252,2026-02-18,7406.37
O04186,U09284,2026-01-31,1879.86
O04187,U09886,2026-02-11,4823.97
O04188,U07808,2026-03-22,8929.08
O04189,U03433,2026-02-15,9992.29
O04190,U04825,2026-05-13,7473.58
O04191,U01656,2026-06-18,3529.15
O04192,U04557,2026-05-27,8671.28
O04193,U06129,2026-03-25,2751.39
O04194,U03174,2026-02-05,1075.36
O04195,U02376,2026-07-12,6654.13
O04196,U06338,2026-05-15,7690.91
O04197,U07867,2026-02-18,7416.59
O04198,U01613,2026-04-24,3858.68
O04199,U03682,2026-05-19,8529.6
O04200,U09439,2026-06-02,8116.36
O04201,U08575,2026-05-26,3947.47
O04202,U01937,2026-07-12,4557.73
O04203,U06023,2026-04-29,4526.87
O04204,U08452,2026-04-03,950.2
O04205,U04897,2026-05-31,7604.06
O04206,U03289,2026-06-24,4370.14
O04207,U05637,2026-03-31,4158.6
O04208,U01076,2026-06-22,6692.27
O04209,U03014,2026-04-23,8312.18
O04210,U06039,2026-03-19,2473.77
O04211,U08155,2026-02-20,5255.88
O04212,U00995,2026-03-22,5189.78
O04213,U06877,2026-04-04,4154.83
O04214,U07405,2026-04-15,3727.01
O04215,U08569,2026-03-26,3264.74
O04216,U08694,2026-01-27,6713.38
O04217,U07998,2026-07-18,7896.51
O04218,U04917,2026-02-28,2137.03
O04219,U04382,2026-03-31,1536.1
O04220,U09396,2026-07-19,3301.86
O04221,U04317,2026-03-05,3309.66
O04222,U06497,2026-04-30,1860.95
O04223,U08081,2026-03-28,5903.94
O04224,U06530,2026-02-12,6147.08
O04225,U06338,2026-04-21,9212.95
O04226,U04889,2026-02-22,4723.31
O04227,U01721,2026-04-07,3104.72
O04228,U01658,2026-06-19,3091.33
O04229,U05111,2026-01-22,961.51
O04230,U06399,2026-02-04,2896.6
O04231,U09449,2026-04-18,7336.08
O04232,U02427,2026-06-02,1756.1
O04233,U06232,2026-07-08,1680.98
O04234,U00938,2026-05-07,1622.33
O04235,U04783,2026-07-03,2011.73
O04236,U07292,2026-01-24,3189.79
O04237,U01302,2026-04-22,5879.86
O04238,U06934,2026-02-02,6411.61
O04239,U06538,2026-05-29,3318.12
O04240,U08416,2026-06-21,3405.76
O04241,U00702,2026-04-28,7197.25
O04242,U05478,2026-02-23,7669.01
O04243,U09184,2026-06-23,5498.24
O04244,U00939,2026-04-09,1217.94
O04245,U08895,2026-04-04,884.88
O04246,U06101,2026-03-29,7499.54
O04247,U09955,2026-07-04,6663.89
O04248,U02871,2026-03-19,6045.69
O04249,U00714,2026-02-19,6665.35
O04250,U09393,2026-07-17,1222.14
O04251,U06035,2026-03-11,2896.56
O04252,U00724,2026-06-23,9380.92
O04253,U03294,2026-03-22,992.89
O04254,U08087,2026-02-11,3557.23
O04255,U00237,2026-03-03,9594.96
O04256,U07559,2026-04-21,8709.71
O04257,U01220,2026-07-08,5369.56
O04258,U06245,2026-06-11,4542.86
O04259,U05482,2026-05-28,2426.68
O04260,U03278,2026-06-17,5719.95
O04261,U00456,2026-02-07,4774.06
O04262,U08449,2026-05-12,6799.86
O04263,U04510,2026-04-09,3017.21
O04264,U07345,2026-05-10,8006.87
O04265,U04274,2026-02-19,8851.07
O04266,U05538,2026-02-03,9239.57
O04267,U03370,2026-05-02,567.12
O04268,U09771,2026-05-19,4248.46
O04269,U04068,2026-02-25,1432.84
O04270,U01602,2026-05-19,5986.6
O04271,U08926,2026-03-21,7729.58
O04272,U05472,2026-06-24,7164.01
O04273,U01301,2026-06-04,673.1
O04274,U04707,2026-03-26,652.17
O04275,U03126,2026-01-31,3770.24
O04276,U02442,2026-02-20,6932.53
O04277,U08726,2026-02-14,5514.18
O04278,U00880,2026-05-01,4135.06
O04279,U07612,2026-02-19,6717.35
O04280,U03797,2026-02-24,3885.78
O04281,U08471,2026-06-30,1853.54
O04282,U02893,2026-04-04,9861.25
O04283,U02046,2026-04-17,9925.82
O04284,U05695,2026-01-21,4939.74
O04285,U05087,2026-04-04,5255.87
O04286,U08946,2026-04-03,6985.54
O04287,U09959,2026-05-12,3735.93
O04288,U07688,2026-07-17,450.2
O04289,U02671,2026-05-31,4731.3
O04290,U03936,2026-06-13,8486.3
O04291,U04335,2026-06-03,9292.68
O04292,U05237,2026-05-04,1245.45
O04293,U08224,2026-03-27,7789.31
O04294,U09467,2026-06-24,4587.33
O04295,U07019,2026-06-29,6588.46
O04296,U07216,2026-03-14,2156.45
O04297,U01956,2026-03-10,8188.43
O04298,U06782,2026-04-05,3068.4
O04299,U06441,2026-07-16,7258.65
O04300,U03053,2026-01-28,4740.06
O04301,U00949,2026-03-07,5862.01
O04302,U03860,2026-05-15,5773.35
O04303,U05296,2026-03-04,7002.57
O04304,U07868,2026-02-14,2406.23
O04305,U06281,2026-02-23,6166.0
O04306,U09186,2026-03-23,3755.64
O04307,U06292,2026-03-11,4323.71
O04308,U03143,2026-06-25,5892.08
O04309,U02858,2026-01-25,4916.65
O04310,U00440,2026-02-10,5034.87
O04311,U04397,2026-03-31,8618.48
O04312,U03566,2026-07-10,6230.72
O04313,U08228,2026-03-04,2742.91
O04314,U03831,2026-07-08,3514.11
O04315,U00214,2026-02-12,2273.81
O04316,U00053,2026-03-30,6981.44
O04317,U00124,2026-07-19,475.81
O04318,U05844,2026-03-09,8242.97
O04319,U00112,2026-07-18,2891.18
O04320,U07038,2026-04-04,2551.86
O04321,U04570,2026-03-13,5462.34
O04322,U09953,2026-02-09,4804.82
O04323,U07394,2026-04-04,2245.04
O04324,U01595,2026-04-18,4880.24
O04325,U03165,2026-03-01,1902.81
O04326,U05216,2026-05-20,4283.02
O04327,U03592,2026-03-02,5178.81
O04328,U07749,2026-06-23,9312.38
O04329,U08548,2026-05-06,3031.62
O04330,U00526,2026-06-30,2823.06
O04331,U05212,2026-06-29,3211.1
O04332,U07588,2026-07-17,451.3
O04333,U00493,2026-01-31,9639.68
O04334,U07693,2026-02-27,4557.43
O04335,U08117,2026-04-21,8373.57
O04336,U06298,2026-01-25,9247.72
O04337,U01263,2026-05-13,9147.16
O04338,U04770,2026-04-16,6222.0
O04339,U01502,2026-02-15,9845.78
O04340,U07219,2026-04-09,4490.45
O04341,U04214,2026-06-01,6597.11
O04342,U00640,2026-07-16,8077.89
O04343,U07191,2026-02-01,4366.38
O04344,U07285,2026-02-23,1227.92
O04345,U05162,2026-07-04,4773.6
O04346,U07148,2026-05-18,3621.38
O04347,U09577,2026-05-01,9420.94
O04348,U02322,2026-03-29,5020.03
O04349,U07915,2026-07-09,5119.85
O04350,U01109,2026-04-30,1549.81
O04351,U01475,2026-04-24,1501.8
O04352,U09119,2026-06-14,8989.12
O04353,U08831,2026-07-19,4491.05
O04354,U00054,2026-02-28,2670.62
O04355,U08312,2026-05-04,6307.55
O04356,U09403,2026-01-30,3899.82
O04357,U07600,2026-06-16,7633.99
O04358,U03322,2026-05-09,9722.4
O04359,U06343,2026-07-19,9628.57
O04360,U02620,2026-03-12,5510.94
O04361,U06329,2026-02-15,2279.68
O04362,U03848,2026-04-30,6994.41
O04363,U07064,2026-05-05,4861.59
O04364,U03498,2026-02-17,7359.59
O04365,U07005,2026-05-14,7528.54
O04366,U02029,2026-06-15,6158.42
O04367,U03999,2026-07-11,3979.52
O04368,U09597,2026-02-01,385.03
O04369,U00800,2026-04-01,4149.4
O04370,U03870,2026-02-27,3257.5
O04371,U08885,2026-05-07,9832.87
O04372,U08596,2026-05-17,8521.82
O04373,U04478,2026-05-31,1744.23
O04374,U07729,2026-02-06,7590.62
O04375,U09941,2026-06-16,4225.98
O04376,U05502,2026-04-23,3714.04
O04377,U08347,2026-05-28,1255.35
O04378,U09284,2026-04-30,5598.17
O04379,U02823,2026-06-13,9382.18
O04380,U06293,2026-07-08,5620.22
O04381,U05560,2026-03-13,1706.66
O04382,U09655,2026-03-23,1647.98
O04383,U06176,2026-06-12,1926.44
O04384,U08536,2026-02-13,1986.09
O04385,U06470,2026-04-30,982.26
O04386,U01086,2026-04-06,6512.24
O04387,U07228,2026-05-28,4710.09
O04388,U09804,2026-06-27,6004.28
O04389,U04505,2026-06-13,558.53
O04390,U04108,2026-02-08,7218.88
O04391,U09283,2026-05-16,7666.63
O04392,U05537,2026-03-09,9503.22
O04393,U03268,2026-07-12,3760.83
O04394,U04730,2026-07-03,9448.54
O04395,U00796,2026-06-09,3632.22
O04396,U08531,2026-06-05,1320.43
O04397,U02834,2026-05-03,6399.97
O04398,U08344,2026-02-15,9561.77
O04399,U07206,2026-02-14,7851.82
O04400,U02069,2026-03-24,6794.13
O04401,U08820,2026-03-30,7806.46
O04402,U03782,2026-03-29,5729.45
O04403,U01819,2026-01-26,2229.54
O04404,U04327,2026-03-18,1699.59
O04405,U07459,2026-02-12,7097.52
O04406,U04059,2026-04-29,9615.25
O04407,U07191,2026-04-22,2109.9
O04408,U05508,2026-02-23,8602.85
O04409,U04423,2026-01-29,6367.89
O04410,U09779,2026-02-10,9520.27
O04411,U08487,2026-02-05,8813.83
O04412,U08092,2026-04-12,994.2
O04413,U09289,2026-02-06,3601.93
O04414,U02997,2026-05-29,9898.36
O04415,U03986,2026-02-22,9353.91
O04416,U00215,2026-04-20,1322.22
O04417,U03128,2026-05-03,9159.26
O04418,U05477,2026-06-30,2002.61
O04419,U04132,2026-02-07,1275.99
O04420,U00195,2026-05-30,670.35
O04421,U02459,2026-07-03,5749.47
O04422,U01377,2026-06-29,2108.65
O04423,U03125,2026-04-29,6917.3
O04424,U09377,2026-05-13,3586.33
O04425,U06677,2026-04-22,1025.79
O04426,U02029,2026-06-10,8664.09
O04427,U02976,2026-04-02,1446.17
O04428,U01846,2026-03-16,6533.39
O04429,U09455,2026-03-22,4949.75
O04430,U04403,2026-02-27,6115.12
O04431,U02325,2026-01-26,710.67
O04432,U02934,2026-02-22,7077.07
O04433,U08850,2026-04-20,738.28
O04434,U09355,2026-02-22,9254.08
O04435,U08803,2026-02-15,2547.26
O04436,U01680,2026-01-28,538.23
O04437,U00448,2026-03-24,552.49
O04438,U02890,2026-02-23,1303.65
O04439,U07464,2026-06-07,1334.78
O04440,U06750,2026-03-06,6454.81
O04441,U07607,2026-07-10,4537.51
O04442,U06973,2026-06-06,3598.99
O04443,U01175,2026-06-27,5414.91
O04444,U05090,2026-06-09,4171.92
O04445,U00356,2026-04-05,1742.39
O04446,U07381,2026-01-26,4652.04
O04447,U02704,2026-06-02,9936.07
O04448,U00712,2026-05-05,5069.63
O04449,U08979,2026-03-31,3999.06
O04450,U01897,2026-06-30,2304.12
O04451,U00995,2026-04-01,6721.82
O04452,U05646,2026-05-01,9801.31
O04453,U04392,2026-05-29,1454.31
O04454,U08858,2026-03-14,7299.25
O04455,U04639,2026-03-13,3952.93
O04456,U07119,2026-03-17,7142.37
O04457,U03231,2026-03-21,1562.64
O04458,U00825,2026-04-09,633.83
O04459,U04185,2026-03-01,4876.49
O04460,U05973,2026-03-20,508.26
O04461,U03992,2026-02-25,8596.77
O04462,U04928,2026-07-02,7882.71
O04463,U09229,2026-03-07,7036.82
O04464,U03453,2026-02-11,7133.28
O04465,U09344,2026-04-20,7900.65
O04466,U08207,2026-01-31,4587.76
O04467,U06223,2026-07-20,2990.17
O04468,U09684,2026-03-13,1115.37
O04469,U06160,2026-03-27,8807.82
O04470,U06043,2026-02-24,8355.01
O04471,U06979,2026-01-26,5245.14
O04472,U09518,2026-01-28,4301.73
O04473,U02384,2026-01-30,762.79
O04474,U03991,2026-03-26,1274.5
O04475,U01380,2026-03-16,2793.25
O04476,U07529,2026-02-28,5524.52
O04477,U06662,2026-05-09,8080.7
O04478,U03378,2026-05-01,5338.26
O04479,U03535,2026-03-10,854.08
O04480,U04632,2026-03-18,1425.72
O04481,U00598,2026-07-17,6491.77
O04482,U05939,2026-06-06,3308.71
O04483,U05107,2026-06-10,9048.75
O04484,U03665,2026-04-10,7097.72
O04485,U05515,2026-07-08,6766.91
O04486,U01802,2026-06-23,4049.17
O04487,U02083,2026-05-19,4967.64
O04488,U04184,2026-03-27,9785.52
O04489,U08814,2026-01-20,8037.64
O04490,U00277,2026-01-29,9753.56
O04491,U03622,2026-07-08,708.2
O04492,U05573,2026-03-22,6401.1
O04493,U03183,2026-07-16,6031.64
O04494,U01218,2026-06-22,8661.25
O04495,U05371,2026-03-19,536.12
O04496,U08437,2026-07-18,612.57
O04497,U09546,2026-07-03,4047.84
O04498,U00876,2026-02-01,3343.95
O04499,U09803,2026-02-01,8854.97
O04500,U07511,2026-04-01,3940.94
O04501,U03767,2026-02-01,1271.76
O04502,U02044,2026-05-16,8724.3
O04503,U09837,2026-03-29,4916.0
O04504,U04542,2026-03-14,3977.38
O04505,U06025,2026-03-07,2783.89
O04506,U07134,2026-02-15,2321.07
O04507,U05462,2026-05-16,428.71
O04508,U07320,2026-05-20,3185.97
O04509,U02109,2026-03-21,9376.2
O04510,U05363,2026-05-07,6527.11
O04511,U09577,2026-04-15,5712.16
O04512,U09456,2026-05-10,2985.88
O04513,U06974,2026-06-03,8979.1
O04514,U01414,2026-04-23,531.07
O04515,U08652,2026-06-04,1324.68
O04516,U04331,2026-04-19,7575.45
O04517,U07999,2026-07-06,7017.79
O04518,U08490,2026-01-28,3629.64
O04519,U04026,2026-03-03,5343.51
O04520,U03542,2026-06-30,515.77
O04521,U06072,2026-05-12,6383.46
O04522,U04293,2026-03-13,7638.87
O04523,U05572,2026-04-09,6480.13
O04524,U06791,2026-01-22,9556.63
O04525,U06988,2026-04-16,1281.97
O04526,U02726,2026-02-22,3527.87
O04527,U00452,2026-06-05,4648.72
O04528,U06398,2026-01-30,867.59
O04529,U07234,2026-05-20,884.96
O04530,U03249,2026-05-11,2180.93
O04531,U07611,2026-03-25,1745.64
O04532,U03275,2026-06-11,586.21
O04533,U08002,2026-04-15,9780.03
O04534,U04902,2026-03-29,8920.42
O04535,U09366,2026-02-18,3204.23
O04536,U05171,2026-04-19,3908.44
O04537,U04213,2026-03-25,5691.39
O04538,U01969,2026-07-10,4004.76
O04539,U02511,2026-07-17,2885.92
O04540,U05788,2026-07-09,7241.61
O04541,U07423,2026-02-28,9513.83
O04542,U08953,2026-06-07,2808.55
O04543,U08272,2026-03-04,3353.45
O04544,U05888,2026-07-09,2104.22
O04545,U08248,2026-05-25,8511.36
O04546,U07812,2026-02-14,6954.72
O04547,U01146,2026-06-20,3137.52
O04548,U04774,2026-05-22,7133.93
O04549,U08452,2026-07-15,5473.1
O04550,U06831,2026-06-27,9931.92
O04551,U03362,2026-02-24,7220.35
O04552,U00885,2026-06-25,3481.74
O04553,U00294,2026-07-03,4148.48
O04554,U02570,2026-02-12,9599.98
O04555,U06601,2026-07-18,2293.67
O04556,U02660,2026-02-11,9117.26
O04557,U03143,2026-06-24,3314.82
O04558,U07494,2026-03-11,7638.5
O04559,U04871,2026-07-09,6672.72
O04560,U00560,2026-01-25,6279.86
O04561,U02591,2026-06-06,8374.93
O04562,U04904,2026-02-11,7276.67
O04563,U07522,2026-05-07,5166.23
O04564,U06270,2026-02-18,7580.55
O04565,U04189,2026-06-30,623.49
O04566,U09329,2026-03-11,2719.46
O04567,U02134,2026-05-08,5023.44
O04568,U00102,2026-05-08,9470.56
O04569,U03992,2026-05-13,9849.58
O04570,U09979,2026-05-27,5748.88
O04571,U01718,2026-06-02,803.35
O04572,U05952,2026-07-02,9953.45
O04573,U07556,2026-03-21,5407.19
O04574,U09138,2026-01-22,5919.94
O04575,U07756,2026-02-21,8397.09
O04576,U01227,2026-06-24,1351.53
O04577,U08512,2026-05-13,556.74
O04578,U09046,2026-01-30,1227.68
O04579,U02688,2026-06-09,4523.51
O04580,U00352,2026-06-06,6934.3
O04581,U01390,2026-02-24,9448.3
O04582,U02909,2026-06-21,749.97
O04583,U02894,2026-06-13,2833.13
O04584,U07236,2026-04-28,8679.64
O04585,U09447,2026-03-17,2702.82
O04586,U08264,2026-03-19,3108.14
O04587,U05431,2026-05-21,3590.98
O04588,U07189,2026-07-11,394.4
O04589,U09835,2026-07-14,7192.93
O04590,U06832,2026-04-02,7471.32
O04591,U07749,2026-06-22,6315.42
O04592,U00916,2026-03-02,6866.27
O04593,U03136,2026-05-15,8902.91
O04594,U08290,2026-01-30,1493.39
O04595,U01644,2026-05-01,4646.62
O04596,U05912,2026-03-22,3163.69
O04597,U04670,2026-03-15,1065.25
O04598,U05203,2026-04-12,2374.99
O04599,U07640,2026-06-22,1554.19
O04600,U09401,2026-02-05,3179.82
O04601,U02608,2026-01-24,5861.62
O04602,U08070,2026-02-06,8120.19
O04603,U09487,2026-06-02,8718.19
O04604,U03956,2026-02-28,5215.49
O04605,U05235,2026-03-31,8117.28
O04606,U09782,2026-05-31,707.71
O04607,U04394,2026-05-03,7297.94
O04608,U09340,2026-03-08,7387.12
O04609,U02624,2026-05-27,900.93
O04610,U08654,2026-04-29,615.78
O04611,U04204,2026-04-09,4942.62
O04612,U07576,2026-06-08,1243.34
O04613,U08283,2026-03-13,952.06
O04614,U02424,2026-04-19,1210.99
O04615,U06714,2026-04-21,5639.51
O04616,U01109,2026-04-22,3326.57
O04617,U00906,2026-05-07,1895.58
O04618,U07155,2026-04-10,4066.89
O04619,U06676,2026-02-23,7770.41
O04620,U03232,2026-07-10,752.02
O04621,U06839,2026-05-20,2238.16
O04622,U03008,2026-05-05,2306.96
O04623,U01360,2026-04-19,2124.55
O04624,U09681,2026-02-17,9083.26
O04625,U00783,2026-05-23,7510.79
O04626,U00267,2026-07-05,2218.83
O04627,U01257,2026-04-21,1162.59
O04628,U06761,2026-03-22,752.99
O04629,U09671,2026-07-07,9633.86
O04630,U09966,2026-07-16,7222.0
O04631,U02306,2026-03-13,2752.14
O04632,U02851,2026-06-13,8048.18
O04633,U01808,2026-03-06,2181.82
O04634,U06311,2026-05-24,9375.97
O04635,U06086,2026-04-01,8868.02
O04636,U08794,2026-06-12,9625.32
O04637,U05940,2026-01-20,5347.54
O04638,U08034,2026-03-30,2882.27
O04639,U05630,2026-03-28,1858.97
O04640,U05353,2026-07-08,7256.5
O04641,U05334,2026-07-15,6869.29
O04642,U08533,2026-06-01,4344.2
O04643,U08228,2026-06-27,1594.61
O04644,U04136,2026-04-29,8422.92
O04645,U02445,2026-01-28,5979.58
O04646,U03867,2026-02-27,3764.41
O04647,U02456,2026-06-04,6359.21
O04648,U05411,2026-03-28,6158.02
O04649,U02794,2026-04-25,1607.94
O04650,U07189,2026-05-15,9898.41
O04651,U07590,2026-04-23,5926.78
O04652,U09210,2026-03-06,8242.33
O04653,U04157,2026-01-22,8713.29
O04654,U03322,2026-02-26,4858.96
O04655,U07330,2026-07-18,2616.07
O04656,U03586,2026-05-16,5686.46
O04657,U04133,2026-06-06,2326.77
O04658,U03977,2026-03-16,3216.89
O04659,U01362,2026-04-28,407.99
O04660,U02098,2026-03-24,5251.47
O04661,U08911,2026-05-25,3474.92
O04662,U01615,2026-03-04,8008.8
O04663,U03401,2026-04-18,7445.72
O04664,U07262,2026-04-15,3687.1
O04665,U02105,2026-05-13,7318.7
O04666,U08202,2026-03-25,6834.01
O04667,U00214,2026-04-05,3891.26
O04668,U05459,2026-07-17,7525.5
O04669,U03143,2026-06-05,966.74
O04670,U02625,2026-02-21,7422.98
O04671,U00133,2026-02-02,7422.06
O04672,U06896,2026-05-02,7549.66
O04673,U09153,2026-05-19,1218.9
O04674,U00771,2026-05-05,9728.61
O04675,U09822,2026-07-04,3953.73
O04676,U06641,2026-07-20,940.02
O04677,U03905,2026-06-14,3127.63
O04678,U06282,2026-04-30,3937.17
O04679,U09131,2026-04-10,5992.2
O04680,U02232,2026-06-23,5984.63
O04681,U06397,2026-06-26,929.62
O04682,U04944,2026-05-26,3556.21
O04683,U03842,2026-06-04,6403.23
O04684,U07076,2026-02-21,7472.36
O04685,U02457,2026-07-18,3076.41
O04686,U06154,2026-05-06,321.59
O04687,U07453,2026-05-04,6038.69
O04688,U06330,2026-06-08,7482.51
O04689,U05931,2026-05-16,9451.63
O04690,U04324,2026-04-07,5743.42
O04691,U02022,2026-03-31,6503.46
O04692,U00882,2026-04-28,6928.49
O04693,U07092,2026-02-14,3556.52
O04694,U06911,2026-06-05,690.27
O04695,U01059,2026-06-07,3980.48
O04696,U00639,2026-06-08,3738.02
O04697,U00231,2026-02-03,3633.39
O04698,U05649,2026-03-24,3721.7
O04699,U00712,2026-05-19,2535.75
O04700,U00410,2026-07-05,1942.33
O04701,U03816,2026-05-02,5552.18
O04702,U02020,2026-04-21,7645.36
O04703,U03094,2026-02-04,5915.44
O04704,U04372,2026-05-22,9224.38
O04705,U04947,2026-06-15,4122.5
O04706,U05378,2026-02-02,2227.31
O04707,U01016,2026-06-06,4854.0
O04708,U07998,2026-06-26,5623.99
O04709,U01344,2026-07-01,7481.4
O04710,U02203,2026-07-17,8347.96
O04711,U01088,2026-06-17,1120.99
O04712,U08841,2026-06-15,5170.99
O04713,U04505,2026-04-07,3958.89
O04714,U01129,2026-06-01,7487.96
O04715,U05938,2026-02-13,8553.76
O04716,U09363,2026-03-23,9909.68
O04717,U00583,2026-04-15,3272.39
O04718,U02734,2026-04-23,3168.28
O04719,U07505,2026-03-21,3932.22
O04720,U00074,2026-02-08,6189.06
O04721,U01660,2026-05-21,1941.59
O04722,U01438,2026-02-16,420.93
O04723,U09408,2026-03-16,5247.32
O04724,U00915,2026-06-24,5659.25
O04725,U06974,2026-02-25,2911.57
O04726,U01353,2026-05-07,7019.41
O04727,U07493,2026-02-03,4621.94
O04728,U03834,2026-03-18,3178.15
O04729,U01533,2026-06-24,5787.11
O04730,U09674,2026-04-27,5708.05
O04731,U02820,2026-03-29,8032.96
O04732,U06570,2026-03-13,3354.79
O04733,U06679,2026-06-27,5468.83
O04734,U06097,2026-07-17,1499.68
