user_id,signup_date,country,device_type
U00000,2025-10-31,India,Mobile
U00001,2025-12-12,UK,Mobile
U00002,2025-08-04,USA,Mobile
U00003,2026-01-24,India,Tablet
U00004,2026-06-27,Singapore,Mobile
U00005,2025-08-15,Singapore,Desktop
U00006,2026-07-11,India,Mobile
U00007,2026-01-14,India,Mobile
U00008,2026-07-02,USA,Tablet
U00009,2026-07-10,Singapore,Mobile
U00010,2025-08-05,Singapore,Mobile
U00011,2026-01-17,Singapore,Desktop
U00012,2025-10-21,USA,Desktop
U00013,2025-07-28,Singapore,Desktop
U00014,2026-06-02,India,Mobile
U00015,2025-07-27,UAE,Desktop
U00016,2026-05-27,UK,Mobile
U00017,2025-09-29,USA,Desktop
U00018,2025-09-26,India,Mobile
U00019,2026-06-04,UAE,Mobile
U00020,2026-03-20,UK,Desktop
U00021,2025-08-19,Singapore,Desktop
U00022,2025-10-12,India,Tablet
U00023,2025-11-28,UAE,Tablet
U00024,2025-11-22,India,Desktop
U00025,2025-10-12,India,Tablet
U00026,2026-01-05,UK,Tablet
U00027,2026-06-01,Singapore,Desktop
U00028,2026-01-28,Singapore,Mobile
U00029,2026-04-20,India,Mobile
U00030,2026-02-10,USA,Desktop
U00031,2026-07-08,India,Mobile
U00032,2026-01-01,India,Desktop
U00033,2025-10-17,UK,Desktop
U00034,2026-05-01,UK,Mobile
U00035,2026-05-25,UK,Desktop
U00036,2025-08-27,USA,Tablet
U00037,2026-07-17,UK,Tablet
U00038,2026-06-24,India,Tablet
U00039,2025-07-20,USA,Tablet
U00040,2026-01-17,USA,Mobile
U00041,2025-10-21,UAE,Desktop
U00042,2025-10-28,UK,Tablet
U00043,2026-05-13,Singapore,Mobile
U00044,2026-04-20,UK,Mobile
U00045,2025-11-25,USA,Mobile
U00046,2026-04-24,UK,Desktop
U00047,2025-12-25,UK,Mobile
U00048,2026-01-27,USA,Tablet
U00049,2025-11-28,UK,Mobile
U00050,2026-02-16,UAE,Desktop
U00051,2026-05-28,UAE,Mobile
U00052,2026-06-01,UK,Mobile
U00053,2026-01-21,USA,Tablet
U00054,2026-03-28,Singapore,Tablet
U00055,2025-09-24,UK,Tablet
U00056,2025-10-30,Singapore,Desktop
U00057,2025-11-23,Singapore,Desktop
U00058,2026-03-02,UK,Mobile
U00059,2026-04-13,USA,Tablet
U00060,2026-03-07,UAE,Mobile
U00061,2026-03-07,India,Mobile
U00062,2026-07-10,USA,Tablet
U00063,2026-01-29,USA,Tablet
U00064,2025-09-08,UAE,Tablet
U00065,2025-11-27,India,Desktop
U00066,2025-10-31,UAE,Tablet
U00067,2026-01-07,UAE,Tablet
U00068,2026-05-31,UK,Tablet
U00069,2025-07-30,India,Tablet
U00070,2025-12-25,India,Tablet
U00071,2025-12-20,Singapore,Desktop
U00072,2026-06-06,UK,Mobile
U00073,2026-01-07,UK,Desktop
U00074,2025-09-22,USA,Desktop
U00075,2025-09-18,India,Tablet
U00076,2025-08-15,UK,Tablet
U00077,2026-06-15,USA,Tablet
U00078,2026-07-12,India,Tablet
U00079,2025-08-23,UK,Tablet
U00080,2025-12-09,Singapore,Tablet
U00081,2026-03-10,USA,Mobile
U00082,2025-11-06,UK,Mobile
U00083,2025-07-25,Singapore,Tablet
U00084,2026-03-23,India,Tablet
U00085,2025-09-23,UK,Desktop
U00086,2026-04-15,India,Mobile
U00087,2025-11-10,UK,Desktop
U00088,2025-08-10,USA,Mobile
U00089,2026-07-12,USA,Tablet
U00090,2026-03-28,India,Mobile
U00091,2026-05-26,UAE,Mobile
U00092,2025-08-11,Singapore,Mobile
U00093,2026-05-20,USA,Tablet
U00094,2026-03-16,UAE,Tablet
U00095,2025-09-13,USA,Desktop
U00096,2025-07-23,Singapore,Tablet
U00097,2025-10-06,UAE,Mobile
U00098,2026-01-26,Singapore,Tablet
U00099,2026-02-02,USA,Tablet
U00100,2025-10-06,UK,Desktop
U00101,2026-01-25,UK,Desktop
U00102,2025-11-07,Singapore,Desktop
U00103,2026-03-11,India,Mobile
U00104,2026-06-11,USA,Mobile
U00105,2026-02-17,UK,Mobile
U00106,2025-10-24,Singapore,Tablet
U00107,2026-07-14,USA,Tablet
U00108,2026-07-09,USA,Mobile
U00109,2026-03-17,India,Tablet
U00110,2025-10-21,India,Mobile
U00111,2025-12-24,India,Mobile
U00112,2025-09-21,UK,Mobile
U00113,2026-04-02,Singapore,Mobile
U00114,2026-03-15,UK,Tablet
U00115,2026-04-04,UAE,Mobile
U00116,2026-01-05,Singapore,Mobile
U00117,2026-07-03,Singapore,Tablet
U00118,2026-04-27,UAE,Mobile
U00119,2025-07-20,UAE,Desktop
U00120,2025-08-10,USA,Mobile
U00121,2026-06-17,India,Tablet
U00122,2025-07-20,UAE,Desktop
U00123,2026-03-16,UAE,Desktop
U00124,2025-12-27,UAE,Tablet
U00125,2025-08-31,India,Tablet
U00126,2025-11-07,India,Mobile
U00127,2026-04-24,UAE,Tablet
U00128,2025-11-26,UK,Mobile
U00129,2025-12-27,USA,Mobile
U00130,2026-05-02,USA,Tablet
U00131,2025-10-27,UAE,Mobile
U00132,2026-01-12,UAE,Mobile
U00133,2025-11-28,UK,Desktop
U00134,2026-05-02,USA,Mobile
U00135,2026-05-05,UAE,Tablet
U00136,2026-06-13,India,Mobile
U00137,2026-04-27,Singapore,Mobile
U00138,2025-10-03,India,Mobile
U00139,2026-02-11,USA,Desktop
U00140,2025-08-26,UAE,Desktop
U00141,2025-09-17,USA,Desktop
U00142,2026-05-26,India,Mobile
U00143,2026-06-29,UAE,Mobile
U00144,2026-03-26,UAE,Desktop
U00145,2025-10-15,UAE,Desktop
U00146,2025-10-11,UAE,Tablet
U00147,2025-12-12,Singapore,Tablet
U00148,2026-06-08,UAE,Mobile
U00149,2025-12-01,USA,Desktop
U00150,2025-07-23,USA,Mobile
U00151,2025-09-17,Singapore,Tablet
U00152,2026-06-05,Singapore,Mobile
U00153,2026-04-11,UK,Mobile
U00154,2026-02-13,India,Tablet
U00155,2026-03-18,UAE,Tablet
U00156,2026-04-20,Singapore,Mobile
U00157,2025-08-15,India,Tablet
U00158,2026-05-16,India,Mobile
U00159,2026-01-22,India,Tablet
U00160,2026-03-07,India,Tablet
U00161,2025-09-10,USA,Desktop
U00162,2026-03-03,India,Tablet
U00163,2026-02-25,USA,Tablet
U00164,2025-10-21,Singapore,Mobile
U00165,2025-10-10,Singapore,Mobile
U00166,2026-02-28,UAE,Tablet
U00167,2026-05-21,Singapore,Tablet
U00168,2025-11-27,Singapore,Desktop
U00169,2026-02-16,UK,Mobile
U00170,2025-11-13,UK,Mobile
U00171,2026-04-03,UK,Desktop
U00172,2026-05-20,USA,Tablet
U00173,2025-11-14,UK,Desktop
U00174,2026-04-17,UK,Mobile
U00175,2026-06-20,India,Desktop
U00176,2025-07-26,Singapore,Tablet
U00177,2026-02-20,India,Mobile
U00178,2025-12-23,Singapore,Mobile
U00179,2026-05-13,Singapore,Desktop
U00180,2026-05-21,USA,Desktop
U00181,2026-05-19,India,Mobile
U00182,2025-11-18,UK,Desktop
U00183,2026-02-11,USA,Desktop
U00184,2025-12-19,Singapore,Tablet
U00185,2026-02-21,UK,Tablet
U00186,2025-09-09,Singapore,Mobile
U00187,2025-10-20,Singapore,Desktop
U00188,2025-12-24,India,Mobile
U00189,2025-10-26,UK,Mobile
U00190,2026-06-10,India,Tablet
U00191,2026-03-06,Singapore,Mobile
U00192,2025-09-09,UK,Desktop
U00193,2025-12-01,Singapore,Mobile
U00194,2025-12-26,UK,Mobile
U00195,2026-05-22,UK,Tablet
U00196,2025-08-19,UAE,Desktop
U00197,2026-05-22,India,Mobile
U00198,2026-04-13,UAE,Desktop
U00199,2025-11-05,India,Mobile
U00200,2026-04-28,UK,Mobile
U00201,2025-08-06,UK,Mobile
U00202,2026-06-13,UAE,Tablet
U00203,2026-02-27,UAE,Tablet
U00204,2026-04-29,India,Mobile
U00205,2025-08-07,India,Tablet
U00206,2025-09-16,USA,Tablet
U00207,2026-06-26,India,Desktop
U00208,2026-01-05,Singapore,Tablet
U00209,2025-09-15,USA,Desktop
U00210,2026-03-01,USA,Mobile
U00211,2025-09-17,UK,Desktop
U00212,2026-01-30,India,Desktop
U00213,2025-08-19,USA,Tablet
U00214,2026-06-25,USA,Tablet
U00215,2026-05-08,India,Desktop
U00216,2026-03-12,Singapore,Desktop
U00217,2026-01-29,Singapore,Tablet
U00218,2025-07-24,USA,Mobile
U00219,2025-07-23,USA,Mobile
U00220,2026-06-27,UAE,Mobile
U00221,2026-03-09,USA,Tablet
U00222,2026-03-08,UK,Desktop
U00223,2025-10-18,USA,Desktop
U00224,2026-03-17,USA,Tablet
U00225,2025-10-18,India,Desktop
U00226,2025-11-15,India,Desktop
U00227,2026-01-09,USA,Mobile
U00228,2026-05-04,UAE,Desktop
U00229,2025-10-20,UK,Mobile
U00230,2025-11-29,USA,Mobile
U00231,2025-11-13,USA,Desktop
U00232,2025-07-19,UK,Desktop
U00233,2026-02-21,India,Desktop
U00234,2025-07-30,UK,Tablet
U00235,2026-01-16,Singapore,Desktop
U00236,2026-01-21,Singapore,Desktop
U00237,2026-02-11,India,Mobile
U00238,2025-12-29,UK,Mobile
U00239,2025-08-27,Singapore,Desktop
U00240,2026-06-25,India,Mobile
U00241,2025-11-24,Singapore,Desktop
U00242,2026-06-02,UK,Tablet
U00243,2025-11-30,UK,Desktop
U00244,2025-12-23,Singapore,Tablet
U00245,2026-06-07,India,Desktop
U00246,2026-06-09,Singapore,Mobile
U00247,2025-09-18,UK,Mobile
U00248,2025-12-18,UAE,Mobile
U00249,2026-01-17,Singapore,Tablet
U00250,2025-12-14,USA,Desktop
U00251,2026-06-10,UAE,Mobile
U00252,2026-04-28,UK,Tablet
U00253,2025-11-26,UK,Tablet
U00254,2025-11-25,India,Tablet
U00255,2025-08-31,UK,Tablet
U00256,2026-05-08,UK,Tablet
U00257,2026-03-13,UAE,Desktop
U00258,2026-07-14,UAE,Tablet
U00259,2026-03-22,UK,Tablet
U00260,2025-09-14,USA,Mobile
U00261,2025-10-03,UAE,Tablet
U00262,2025-10-18,UAE,Tablet
U00263,2026-02-05,USA,Tablet
U00264,2025-10-31,Singapore,Desktop
U00265,2026-02-21,UAE,Tablet
U00266,2026-04-07,India,Desktop
U00267,2025-11-17,UK,Mobile
U00268,2026-01-09,UAE,Tablet
U00269,2025-12-05,Singapore,Tablet
U00270,2025-07-21,UK,Desktop
U00271,2026-02-15,UAE,Desktop
U00272,2026-06-27,USA,Tablet
U00273,2025-09-08,UAE,Tablet
U00274,2026-02-22,USA,Tablet
U00275,2026-02-12,India,Desktop
U00276,2025-08-29,Singapore,Tablet
U00277,2026-01-21,Singapore,Desktop
U00278,2026-02-28,India,Mobile
U00279,2026-06-30,UK,Mobile
U00280,2025-08-15,USA,Mobile
U00281,2026-03-19,India,Mobile
U00282,2026-03-02,USA,Desktop
U00283,2026-06-13,Singapore,Mobile
U00284,2026-04-10,UAE,Desktop
U00285,2026-07-07,Singapore,Mobile
U00286,2025-10-08,UAE,Desktop
U00287,2026-04-18,UAE,Mobile
U00288,2026-02-16,USA,Tablet
U00289,2026-02-22,India,Mobile
U00290,2025-09-09,UAE,Mobile
U00291,2026-05-17,USA,Tablet
U00292,2026-07-09,Singapore,Desktop
U00293,2026-04-11,India,Tablet
U00294,2026-03-21,USA,Mobile
U00295,2025-09-11,UAE,Mobile
U00296,2026-05-28,UAE,Tablet
U00297,2026-06-19,Singapore,Tablet
U00298,2026-01-28,Singapore,Desktop
U00299,2026-04-09,UAE,Tablet
U00300,2026-03-29,Singapore,Desktop
U00301,2026-02-03,Singapore,Desktop
U00302,2025-08-09,USA,Tablet
U00303,2026-06-22,UAE,Desktop
U00304,2026-06-08,UK,Mobile
U00305,2026-04-12,UK,Tablet
U00306,2026-04-14,UAE,Tablet
U00307,2026-04-06,USA,Desktop
U00308,2026-01-30,UAE,Mobile
U00309,2025-09-20,UK,Mobile
U00310,2026-05-27,UK,Desktop
U00311,2025-08-23,UK,Tablet
U00312,2026-01-18,India,Mobile
U00313,2025-10-04,USA,Mobile
U00314,2026-03-16,UAE,Tablet
U00315,2025-10-12,USA,Tablet
U00316,2025-11-17,USA,Mobile
U00317,2026-07-07,UAE,Desktop
U00318,2025-11-14,UK,Tablet
U00319,2025-07-26,UAE,Desktop
U00320,2026-07-08,India,Mobile
U00321,2026-06-11,UAE,Desktop
U00322,2026-05-17,Singapore,Tablet
U00323,2025-12-22,India,Tablet
U00324,2025-09-03,UAE,Desktop
U00325,2025-08-18,India,Desktop
U00326,2025-09-16,UK,Desktop
U00327,2025-10-16,UAE,Tablet
U00328,2025-08-31,Singapore,Tablet
U00329,2026-06-23,USA,Desktop
U00330,2026-03-16,USA,Desktop
U00331,2026-04-16,UAE,Desktop
U00332,2025-11-17,India,Desktop
U00333,2026-04-30,UK,Tablet
U00334,2026-05-15,UAE,Tablet
U00335,2025-11-13,USA,Desktop
U00336,2026-07-14,USA,Tablet
U00337,2026-06-09,Singapore,Mobile
U00338,2026-03-30,UAE,Tablet
U00339,2026-01-17,Singapore,Tablet
U00340,2026-01-31,India,Mobile
U00341,2026-05-26,UAE,Mobile
U00342,2025-12-17,UAE,Mobile
U00343,2026-01-07,India,Desktop
U00344,2025-11-15,UAE,Desktop
U00345,2025-12-06,USA,Desktop
U00346,2026-05-16,UK,Desktop
U00347,2025-08-01,UAE,Desktop
U00348,2026-03-17,UAE,Desktop
U00349,2025-08-27,India,Desktop
U00350,2026-03-09,India,Tablet
U00351,2025-12-09,Singapore,Mobile
U00352,2026-05-16,UK,Mobile
U00353,2025-12-31,India,Tablet
U00354,2026-04-10,India,Mobile
U00355,2026-02-21,USA,Mobile
U00356,2025-08-11,India,Tablet
U00357,2025-10-02,USA,Mobile
U00358,2025-10-19,USA,Desktop
U00359,2025-08-07,India,Tablet
U00360,2026-06-09,USA,Desktop
U00361,2025-09-15,UK,Desktop
U00362,2026-06-11,USA,Tablet
U00363,2025-10-20,Singapore,Tablet
U00364,2026-04-19,India,Mobile
U00365,2025-12-28,UK,Mobile
U00366,2026-05-15,Singapore,Mobile
U00367,2026-04-09,UK,Tablet
U00368,2026-07-11,UAE,Desktop
U00369,2025-10-07,USA,Mobile
U00370,2026-03-20,Singapore,Tablet
U00371,2026-03-21,USA,Mobile
U00372,2026-03-20,UK,Tablet
U00373,2026-04-11,Singapore,Mobile
U00374,2025-09-12,Singapore,Mobile
U00375,2025-07-23,UK,Tablet
U00376,2025-11-30,UAE,Tablet
U00377,2026-05-26,UK,Mobile
U00378,2025-11-09,Singapore,Tablet
U00379,2026-06-24,UK,Mobile
U00380,2026-07-06,UAE,Desktop
U00381,2025-08-14,India,Desktop
U00382,2025-10-11,UK,Tablet
U00383,2025-12-27,UAE,Tablet
U00384,2026-04-11,USA,Desktop
U00385,2026-05-06,USA,Tablet
U00386,2026-01-25,Singapore,Tablet
U00387,2025-12-12,UK,Tablet
U00388,2026-04-05,Singapore,Desktop
U00389,2026-02-03,UAE,Desktop
U00390,2026-06-26,Singapore,Desktop
U00391,2025-09-09,UK,Mobile
U00392,2025-11-19,India,Desktop
U00393,2025-08-20,UAE,Mobile
U00394,2025-10-20,UAE,Tablet
U00395,2026-07-07,Singapore,Tablet
U00396,2025-10-16,UAE,Desktop
U00397,2026-06-08,India,Desktop
U00398,2026-06-27,UK,Mobile
U00399,2026-05-30,UAE,Mobile
U00400,2025-10-31,UK,Desktop
U00401,2026-06-03,UK,Desktop
U00402,2026-05-24,Singapore,Tablet
U00403,2025-12-16,UK,Tablet
U00404,2026-07-17,India,Tablet
U00405,2026-05-17,USA,Mobile
U00406,2026-01-17,USA,Tablet
U00407,2025-11-13,UAE,Desktop
U00408,2025-10-30,Singapore,Mobile
U00409,2025-09-11,UAE,Tablet
U00410,2026-06-08,UAE,Desktop
U00411,2026-05-31,India,Mobile
U00412,2026-05-23,UK,Mobile
U00413,2026-03-06,UAE,Tablet
U00414,2025-09-29,USA,Desktop
U00415,2025-12-15,Singapore,Desktop
U00416,2025-09-21,UAE,Tablet
U00417,2026-04-06,Singapore,Desktop
U00418,2026-02-11,UAE,Tablet
U00419,2025-09-24,Singapore,Desktop
U00420,2025-07-26,UK,Tablet
U00421,2026-03-12,UAE,Desktop
U00422,2026-07-08,UK,Desktop
U00423,2026-05-19,USA,Mobile
U00424,2026-06-23,USA,Desktop
U00425,2026-04-26,India,Tablet
U00426,2026-03-18,Singapore,Tablet
U00427,2026-05-02,USA,Mobile
U00428,2026-07-03,USA,Tablet
U00429,2026-05-25,UAE,Desktop
U00430,2026-05-10,Singapore,Tablet
U00431,2026-01-01,Singapore,Desktop
U00432,2025-11-22,India,Mobile
U00433,2026-06-15,UK,Mobile
U00434,2025-11-13,UK,Mobile
U00435,2026-05-17,UK,Mobile
U00436,2026-06-26,Singapore,Mobile
U00437,2026-01-26,UK,Mobile
U00438,2026-01-18,India,Tablet
U00439,2025-11-16,UK,Tablet
U00440,2026-01-26,USA,Tablet
U00441,2026-02-01,UAE,Mobile
U00442,2025-08-05,India,Tablet
U00443,2025-08-07,UK,Desktop
U00444,2026-04-13,UAE,Desktop
U00445,2025-09-02,UK,Mobile
U00446,2025-09-03,India,Desktop
U00447,2025-10-28,UAE,Mobile
U00448,2025-11-14,India,Desktop
U00449,2025-07-24,UAE,Mobile
U00450,2025-11-08,Singapore,Tablet
U00451,2026-01-26,India,Mobile
U00452,2026-05-08,USA,Tablet
U00453,2026-02-19,UK,Mobile
U00454,2025-07-25,USA,Mobile
U00455,2025-10-27,Singapore,Desktop
U00456,2026-07-19,Singapore,Tablet
U00457,2025-08-12,Singapore,Mobile
U00458,2026-02-02,Singapore,Desktop
U00459,2026-07-01,UAE,Desktop
U00460,2025-11-02,UK,Tablet
U00461,2025-12-31,UAE,Desktop
U00462,2026-05-19,Singapore,Tablet
U00463,2025-12-26,India,Tablet
U00464,2025-12-21,India,Mobile
U00465,2025-10-08,USA,Desktop
U00466,2025-09-15,India,Mobile
U00467,2026-05-24,USA,Mobile
U00468,2026-05-28,Singapore,Mobile
U00469,2025-10-03,USA,Mobile
U00470,2025-12-26,UAE,Desktop
U00471,2025-08-02,Singapore,Desktop
U00472,2025-07-29,UK,Mobile
U00473,2025-10-09,USA,Desktop
U00474,2025-07-19,UK,Tablet
U00475,2026-07-17,UAE,Mobile
U00476,2025-11-08,USA,Desktop
U00477,2025-12-16,Singapore,Tablet
U00478,2025-09-12,USA,Desktop
U00479,2025-08-10,India,Tablet
U00480,2026-02-25,USA,Tablet
U00481,2026-04-07,USA,Desktop
U00482,2025-11-12,USA,Mobile
U00483,2025-10-06,India,Mobile
U00484,2026-05-06,UK,Tablet
U00485,2025-09-04,Singapore,Desktop
U00486,2026-05-23,UAE,Mobile
U00487,2026-06-15,UAE,Tablet
U00488,2025-11-19,UK,Tablet
U00489,2026-07-12,UAE,Desktop
U00490,2025-11-25,Singapore,Tablet
U00491,2025-12-31,UAE,Desktop
U00492,2025-09-08,India,Tablet
U00493,2025-09-10,India,Desktop
U00494,2026-01-29,UK,Tablet
U00495,2026-03-27,UK,Mobile
U00496,2026-04-13,India,Mobile
U00497,2026-03-29,Singapore,Tablet
U00498,2026-05-20,India,Tablet
U00499,2025-10-09,UK,Tablet
U00500,2025-07-24,India,Mobile
U00501,2025-12-31,UAE,Tablet
U00502,2026-07-18,UAE,Desktop
U00503,2025-07-27,USA,Tablet
U00504,2026-02-23,UAE,Tablet
U00505,2025-12-05,UAE,Mobile
U00506,2026-01-28,UAE,Desktop
U00507,2025-10-06,UAE,Desktop
U00508,2025-12-09,UK,Tablet
U00509,2026-05-07,India,Mobile
U00510,2025-08-28,UK,Desktop
U00511,2026-06-30,UAE,Desktop
U00512,2025-08-22,UAE,Tablet
U00513,2025-09-27,India,Desktop
U00514,2025-08-13,India,Desktop
U00515,2025-09-25,UK,Desktop
U00516,2026-04-03,India,Desktop
U00517,2026-03-04,Singapore,Mobile
U00518,2026-05-27,Singapore,Desktop
U00519,2026-02-13,UAE,Mobile
U00520,2025-12-23,USA,Tablet
U00521,2026-01-14,UK,Tablet
U00522,2026-05-26,UAE,Tablet
U00523,2026-03-21,UAE,Mobile
U00524,2025-07-21,USA,Desktop
U00525,2025-12-27,Singapore,Mobile
U00526,2025-08-12,UK,Desktop
U00527,2026-03-11,UAE,Mobile
U00528,2026-05-12,India,Tablet
U00529,2026-03-24,Singapore,Mobile
U00530,2026-06-29,USA,Desktop
U00531,2025-12-01,Singapore,Mobile
U00532,2026-07-11,Singapore,Desktop
U00533,2026-03-16,India,Mobile
U00534,2025-09-30,India,Desktop
U00535,2026-04-11,India,Tablet
U00536,2025-12-10,USA,Desktop
U00537,2026-04-09,UK,Tablet
U00538,2025-12-06,UK,Desktop
U00539,2026-01-08,UAE,Desktop
U00540,2026-01-30,USA,Desktop
U00541,2026-03-02,Singapore,Mobile
U00542,2026-05-30,UAE,Mobile
U00543,2025-11-05,Singapore,Tablet
U00544,2026-01-15,USA,Mobile
U00545,2026-02-08,UK,Desktop
U00546,2026-03-27,UK,Tablet
U00547,2025-08-17,UK,Mobile
U00548,2026-02-11,UK,Tablet
U00549,2026-05-02,UK,Tablet
U00550,2026-05-17,Singapore,Tablet
U00551,2025-11-08,UAE,Mobile
U00552,2026-01-16,UAE,Tablet
U00553,2026-01-02,UAE,Desktop
U00554,2026-04-19,UK,Tablet
U00555,2025-09-18,Singapore,Desktop
U00556,2026-06-24,UAE,Desktop
U00557,2026-05-30,USA,Tablet
U00558,2025-10-31,USA,Tablet
U00559,2026-01-19,UAE,Mobile
U00560,2026-01-07,UAE,Mobile
U00561,2026-02-18,UK,Tablet
U00562,2025-11-23,UAE,Tablet
U00563,2026-06-29,UAE,Desktop
U00564,2026-01-11,USA,Desktop
U00565,2025-09-09,India,Mobile
U00566,2026-07-07,Singapore,Tablet
U00567,2025-07-23,UK,Mobile
U00568,2026-05-19,UAE,Mobile
U00569,2025-08-19,Singapore,Desktop
U00570,2026-02-05,India,Tablet
U00571,2026-05-28,USA,Desktop
U00572,2026-03-25,USA,Mobile
U00573,2026-02-09,UAE,Desktop
U00574,2026-02-03,UK,Tablet
U00575,2026-02-26,UAE,Tablet
U00576,2026-03-05,India,Desktop
U00577,2026-02-22,Singapore,Desktop
U00578,2026-03-24,UK,Tablet
U00579,2025-07-29,UAE,Tablet
U00580,2025-10-04,India,Tablet
U00581,2025-07-25,India,Mobile
U00582,2025-07-19,UK,Mobile
U00583,2025-10-29,India,Desktop
U00584,2026-02-08,India,Tablet
U00585,2026-07-16,India,Desktop
U00586,2025-08-23,USA,Tablet
U00587,2025-11-17,UK,Mobile
U00588,2026-03-06,India,Desktop
U00589,2025-09-03,India,Desktop
U00590,2026-04-08,UK,Desktop
U00591,2026-05-14,UAE,Mobile
U00592,2026-05-11,USA,Tablet
U00593,2025-08-12,UAE,Tablet
U00594,2025-09-16,USA,Mobile
U00595,2025-10-17,USA,Mobile
U00596,2025-10-21,Singapore,Desktop
U00597,2025-11-28,Singapore,Tablet
U00598,2025-12-14,USA,Desktop
U00599,2025-10-30,Singapore,Mobile
U00600,2026-07-12,USA,Desktop
U00601,2025-10-24,UK,Desktop
U00602,2025-08-27,UK,Tablet
U00603,2026-03-30,India,Desktop
U00604,2026-03-30,UK,Tablet
U00605,2026-01-10,Singapore,Mobile
U00606,2026-03-28,India,Desktop
U00607,2026-07-15,UK,Tablet
U00608,2025-09-02,UK,Tablet
U00609,2025-10-26,UAE,Tablet
U00610,2025-08-09,UK,Desktop
U00611,2025-10-18,UK,Mobile
U00612,2026-06-09,UAE,Desktop
U00613,2026-02-26,India,Mobile
U00614,2025-09-14,UAE,Tablet
U00615,2026-06-02,UK,Tablet
U00616,2025-10-12,UK,Tablet
U00617,2025-10-03,UK,Mobile
U00618,2026-02-26,UAE,Desktop
U00619,2026-03-21,India,Tablet
U00620,2026-01-24,India,Tablet
U00621,2026-07-13,UAE,Desktop
U00622,2025-10-12,USA,Tablet
U00623,2025-07-31,UK,Mobile
U00624,2026-04-29,USA,Tablet
U00625,2026-02-15,UK,Tablet
U00626,2026-04-09,USA,Tablet
U00627,2025-11-25,India,Tablet
U00628,2026-01-28,India,Desktop
U00629,2026-07-16,UAE,Mobile
U00630,2025-08-07,Singapore,Desktop
U00631,2026-07-04,USA,Mobile
U00632,2025-12-04,UK,Desktop
U00633,2025-09-10,UAE,Mobile
U00634,2025-08-05,USA,Mobile
U00635,2026-01-31,Singapore,Desktop
U00636,2026-04-16,Singapore,Tablet
U00637,2026-07-17,UK,Mobile
U00638,2026-03-05,UK,Desktop
U00639,2026-03-05,UK,Tablet
U00640,2026-07-16,UK,Mobile
U00641,2026-05-29,UAE,Mobile
U00642,2026-04-13,USA,Mobile
U00643,2026-06-27,UAE,Tablet
U00644,2026-01-18,UK,Mobile
U00645,2026-02-22,UAE,Mobile
U00646,2026-06-12,UK,Tablet
U00647,2025-08-19,India,Desktop
U00648,2026-02-24,UK,Tablet
U00649,2026-03-10,UK,Tablet
U00650,2026-05-25,UAE,Tablet
U00651,2026-06-09,UK,Mobile
U00652,2025-11-03,USA,Desktop
U00653,2025-12-07,India,Tablet
U00654,2025-11-07,Singapore,Desktop
U00655,2025-08-28,Singapore,Mobile
U00656,2026-03-30,India,Tablet
U00657,2026-05-29,UAE,Tablet
U00658,2026-06-14,UK,Tablet
U00659,2026-04-25,UAE,Mobile
U00660,2025-08-20,USA,Mobile
U00661,2025-09-06,India,Desktop
U00662,2026-02-02,UAE,Mobile
U00663,2025-10-02,India,Mobile
U00664,2025-08-27,Singapore,Mobile
U00665,2026-07-17,UAE,Desktop
U00666,2025-09-16,UK,Tablet
U00667,2025-12-02,Singapore,Desktop
U00668,2026-01-09,Singapore,Tablet
U00669,2025-07-24,USA,Desktop
U00670,2025-07-27,India,Desktop
U00671,2026-05-17,Singapore,Desktop
U00672,2026-03-25,UK,Mobile
U00673,2025-09-20,UK,Mobile
U00674,2025-08-10,UAE,Desktop
U00675,2025-10-22,USA,Desktop
U00676,2026-03-25,India,Tablet
U00677,2025-10-16,UK,Tablet
U00678,2025-07-30,UK,Mobile
U00679,2025-10-23,UAE,Desktop
U00680,2026-01-01,USA,Mobile
U00681,2025-12-16,UAE,Mobile
U00682,2026-02-23,USA,Tablet
U00683,2025-09-05,Singapore,Mobile
U00684,2026-04-01,India,Desktop
U00685,2026-06-15,USA,Mobile
U00686,2025-08-10,Singapore,Mobile
U00687,2026-06-17,India,Tablet
U00688,2025-10-02,USA,Tablet
U00689,2026-01-23,USA,Mobile
U00690,2025-08-12,UK,Mobile
U00691,2026-02-20,Singapore,Mobile
U00692,2025-08-17,UK,Mobile
U00693,2026-05-08,USA,Tablet
U00694,2026-03-21,UK,Mobile
U00695,2025-08-16,India,Tablet
U00696,2025-11-23,India,Mobile
U00697,2026-02-27,India,Desktop
U00698,2026-03-24,USA,Tablet
U00699,2025-09-03,UK,Mobile
U00700,2025-12-08,USA,Desktop
U00701,2026-01-21,India,Mobile
U00702,2026-02-19,UAE,Tablet
U00703,2026-06-24,India,Tablet
U00704,2026-06-20,India,Desktop
U00705,2025-12-07,UAE,Desktop
U00706,2025-12-01,Singapore,Tablet
U00707,2026-07-18,India,Desktop
U00708,2026-02-27,Singapore,Mobile
U00709,2025-10-07,Singapore,Mobile
U00710,2025-11-12,Singapore,Desktop
U00711,2025-07-19,UAE,Tablet
U00712,2025-12-19,India,Mobile
U00713,2026-06-16,UAE,Desktop
U00714,2025-12-18,UAE,Tablet
U00715,2025-09-09,India,Desktop
U00716,2026-05-10,UAE,Mobile
U00717,2025-07-25,India,Desktop
U00718,2025-11-29,Singapore,Mobile
U00719,2026-07-18,India,Mobile
U00720,2025-07-20,UK,Tablet
U00721,2026-03-09,Singapore,Tablet
U00722,2026-04-26,UK,Desktop
U00723,2026-02-24,Singapore,Tablet
U00724,2026-04-21,UK,Desktop
U00725,2025-07-30,Singapore,Tablet
U00726,2026-06-13,UAE,Mobile
U00727,2025-12-04,India,Tablet
U00728,2025-12-28,Singapore,Tablet
U00729,2025-10-24,USA,Desktop
U00730,2026-03-15,UAE,Mobile
U00731,2025-11-24,UAE,Desktop
U00732,2025-10-05,UAE,Desktop
U00733,2025-12-24,UAE,Tablet
U00734,2025-10-06,India,Desktop
U00735,2025-11-27,UAE,Desktop
U00736,2026-02-17,UK,Desktop
U00737,2026-03-03,USA,Tablet
U00738,2025-12-01,UAE,Mobile
U00739,2026-03-24,India,Mobile
U00740,2026-05-11,India,Desktop
U00741,2026-03-23,India,Tablet
U00742,2026-04-03,UK,Mobile
U00743,2026-06-15,Singapore,Mobile
U00744,2026-05-21,Singapore,Tablet
U00745,2025-08-30,Singapore,Desktop
U00746,2025-09-23,India,Desktop
U00747,2026-04-02,UK,Tablet
U00748,2025-09-15,UAE,Tablet
U00749,2026-02-10,India,Desktop
U00750,2026-05-28,Singapore,Desktop
U00751,2025-11-16,UK,Mobile
U00752,2025-08-20,Singapore,Tablet
U00753,2025-12-29,USA,Mobile
U00754,2025-11-01,UAE,Mobile
U00755,2025-12-13,India,Desktop
U00756,2026-03-07,Singapore,Desktop
U00757,2025-09-02,India,Desktop
U00758,2025-10-17,Singapore,Mobile
U00759,2026-03-19,UAE,Tablet
U00760,2026-05-16,Singapore,Tablet
U00761,2026-05-20,Singapore,Mobile
U00762,2025-10-26,Singapore,Tablet
U00763,2026-01-29,UK,Mobile
U00764,2026-05-13,USA,Desktop
U00765,2025-11-16,UK,Desktop
U00766,2025-11-09,UK,Mobile
U00767,2025-08-22,USA,Mobile
U00768,2025-11-17,Singapore,Tablet
U00769,2026-04-09,UAE,Mobile
U00770,2025-08-07,USA,Tablet
U00771,2026-05-23,India,Mobile
U00772,2025-10-27,Singapore,Mobile
U00773,2026-02-28,UAE,Desktop
U00774,2026-05-28,UAE,Desktop
U00775,2025-10-01,USA,Desktop
U00776,2025-11-08,UK,Tablet
U00777,2026-03-08,UK,Tablet
U00778,2026-05-08,Singapore,Mobile
U00779,2026-07-17,India,Mobile
U00780,2026-05-29,USA,Tablet
U00781,2025-12-08,India,Tablet
U00782,2025-11-07,India,Desktop
U00783,2025-12-22,UAE,Tablet
U00784,2025-08-25,UAE,Desktop
U00785,2026-03-03,Singapore,Desktop
U00786,2026-03-26,UAE,Desktop
U00787,2026-05-31,USA,Tablet
U00788,2025-10-14,India,Desktop
U00789,2026-01-31,UAE,Mobile
U00790,2026-06-17,UK,Tablet
U00791,2026-05-29,Singapore,Desktop
U00792,2026-01-10,Singapore,Tablet
U00793,2025-11-05,UK,Mobile
U00794,2026-06-01,USA,Desktop
U00795,2025-12-31,Singapore,Mobile
U00796,2026-03-18,India,Mobile
U00797,2026-01-08,UK,Mobile
U00798,2025-09-14,USA,Desktop
U00799,2025-10-20,UK,Desktop
U00800,2025-11-22,India,Mobile
U00801,2026-04-20,UAE,Tablet
U00802,2026-04-18,UAE,Mobile
U00803,2026-07-11,USA,Desktop
U00804,2025-12-23,Singapore,Tablet
U00805,2026-04-16,USA,Tablet
U00806,2026-02-16,Singapore,Tablet
U00807,2025-11-28,UK,Mobile
U00808,2026-01-22,UAE,Tablet
U00809,2025-10-17,India,Desktop
U00810,2026-03-06,India,Desktop
U00811,2025-10-18,India,Desktop
U00812,2026-06-17,Singapore,Desktop
U00813,2026-01-07,Singapore,Desktop
U00814,2026-05-31,UAE,Desktop
U00815,2025-08-17,India,Desktop
U00816,2025-10-03,India,Desktop
U00817,2026-04-05,USA,Tablet
U00818,2025-10-23,UAE,Tablet
U00819,2025-12-06,UK,Mobile
U00820,2026-01-25,UAE,Mobile
U00821,2025-10-05,USA,Desktop
U00822,2025-08-09,Singapore,Desktop
U00823,2026-01-30,Singapore,Mobile
U00824,2025-11-18,UAE,Desktop
U00825,2025-12-16,UK,Mobile
U00826,2025-10-25,UK,Mobile
U00827,2025-10-19,India,Tablet
U00828,2026-02-25,India,Tablet
U00829,2026-06-02,Singapore,Mobile
U00830,2026-01-31,UK,Desktop
U00831,2026-06-21,USA,Mobile
U00832,2025-09-14,India,Mobile
U00833,2026-07-04,UK,Mobile
U00834,2025-09-14,USA,Tablet
U00835,2026-03-31,USA,Tablet
U00836,2026-05-10,India,Mobile
U00837,2026-02-28,UAE,Desktop
U00838,2026-02-13,Singapore,Tablet
U00839,2026-06-23,UAE,Tablet
U00840,2025-10-09,Singapore,Tablet
U00841,2025-11-09,Singapore,Desktop
U00842,2026-04-13,UK,Mobile
U00843,2026-04-06,UAE,Mobile
U00844,2026-02-11,UAE,Desktop
U00845,2025-12-28,UK,Desktop
U00846,2026-03-24,Singapore,Mobile
U00847,2026-01-01,UK,Tablet
U00848,2026-04-09,India,Desktop
U00849,2025-07-31,UAE,Desktop
U00850,2025-08-12,India,Mobile
U00851,2026-05-30,UK,Desktop
U00852,2025-11-11,India,Tablet
U00853,2025-09-04,India,Tablet
U00854,2026-02-03,Singapore,Tablet
U00855,2026-02-11,UAE,Desktop
U00856,2026-03-11,Singapore,Tablet
U00857,2025-07-28,India,Desktop
U00858,2026-04-30,Singapore,Tablet
U00859,2026-03-08,USA,Desktop
U00860,2026-02-11,Singapore,Desktop
U00861,2025-12-09,Singapore,Mobile
U00862,2025-09-06,India,Desktop
U00863,2026-03-20,India,Desktop
U00864,2025-10-06,India,Tablet
U00865,2026-03-12,USA,Mobile
U00866,2025-12-10,USA,Tablet
U00867,2025-10-26,UAE,Desktop
U00868,2026-01-29,Singapore,Tablet
U00869,2025-09-06,Singapore,Mobile
U00870,2025-12-15,UK,Desktop
U00871,2025-09-22,UK,Desktop
U00872,2026-06-26,UAE,Desktop
U00873,2026-04-17,Singapore,Mobile
U00874,2026-04-23,UK,Mobile
U00875,2026-01-23,UK,Mobile
U00876,2026-05-23,Singapore,Tablet
U00877,2025-10-06,UAE,Desktop
U00878,2025-09-14,UK,Tablet
U00879,2025-09-26,Singapore,Mobile
U00880,2026-05-04,UK,Mobile
U00881,2025-12-19,Singapore,Tablet
U00882,2025-11-07,USA,Desktop
U00883,2025-12-08,UK,Tablet
U00884,2026-07-01,UAE,Mobile
U00885,2025-07-22,Singapore,Tablet
U00886,2025-10-29,India,Desktop
U00887,2026-01-23,Singapore,Desktop
U00888,2026-04-18,UK,Mobile
U00889,2025-07-26,Singapore,Mobile
U00890,2025-10-21,UAE,Tablet
U00891,2025-08-02,UK,Mobile
U00892,2026-03-17,UK,Desktop
U00893,2025-07-22,USA,Mobile
U00894,2026-01-01,UK,Desktop
U00895,2026-01-26,USA,Mobile
U00896,2026-03-10,USA,Mobile
U00897,2026-03-16,India,Desktop
U00898,2025-09-17,India,Tablet
U00899,2026-01-02,Singapore,Tablet
U00900,2025-11-07,Singapore,Mobile
U00901,2026-04-05,UK,Tablet
U00902,2026-07-02,USA,Tablet
U00903,2026-07-04,UAE,Mobile
U00904,2025-10-05,USA,Mobile
U00905,2025-12-04,Singapore,Mobile
U00906,2026-01-04,UAE,Mobile
U00907,2026-02-01,UAE,Desktop
U00908,2026-07-09,USA,Desktop
U00909,2025-08-28,Singapore,Desktop
U00910,2026-04-09,UAE,Mobile
U00911,2026-03-19,Singapore,Mobile
U00912,2025-09-11,UK,Desktop
U00913,2025-10-15,USA,Desktop
U00914,2025-08-30,Singapore,Desktop
U00915,2026-05-07,UAE,Desktop
U00916,2026-04-23,UAE,Tablet
U00917,2025-10-23,Singapore,Desktop
U00918,2026-07-05,USA,Mobile
U00919,2025-10-02,Singapore,Mobile
U00920,2026-04-12,UK,Mobile
U00921,2025-11-15,UAE,Desktop
U00922,2026-03-31,Singapore,Mobile
U00923,2025-11-18,Singapore,Mobile
U00924,2025-12-23,UK,Mobile
U00925,2025-09-15,USA,Desktop
U00926,2026-05-25,UAE,Tablet
U00927,2025-10-03,USA,Desktop
U00928,2026-03-14,India,Mobile
U00929,2025-08-12,UAE,Desktop
U00930,2025-12-07,India,Desktop
U00931,2026-03-31,India,Desktop
U00932,2025-09-04,Singapore,Desktop
U00933,2025-10-10,USA,Desktop
U00934,2026-01-20,India,Desktop
U00935,2025-09-04,USA,Mobile
U00936,2026-01-15,UK,Mobile
U00937,2025-12-21,UK,Mobile
U00938,2026-01-10,USA,Mobile
U00939,2026-01-18,UK,Desktop
U00940,2025-08-30,USA,Tablet
U00941,2025-11-05,UAE,Desktop
U00942,2026-01-27,Singapore,Mobile
U00943,2025-12-02,India,Mobile
U00944,2025-10-29,UK,Mobile
U00945,2026-03-30,USA,Tablet
U00946,2026-03-02,Singapore,Tablet
U00947,2026-04-25,UAE,Mobile
U00948,2026-06-24,UK,Mobile
U00949,2026-02-02,UK,Mobile
U00950,2026-05-01,India,Mobile
U00951,2025-10-19,UAE,Tablet
U00952,2025-12-25,Singapore,Desktop
U00953,2026-06-16,India,Mobile
U00954,2026-06-26,UAE,Tablet
U00955,2026-02-12,Singapore,Mobile
U00956,2026-07-19,Singapore,Tablet
U00957,2025-12-30,USA,Tablet
U00958,2025-08-12,USA,Desktop
U00959,2025-12-17,UAE,Mobile
U00960,2026-05-19,Singapore,Desktop
U00961,2025-12-30,USA,Tablet
U00962,2026-03-28,UAE,Mobile
U00963,2025-12-04,India,Tablet
U00964,2026-02-04,UK,Mobile
U00965,2026-01-20,Singapore,Tablet
U00966,2025-07-27,Singapore,Tablet
U00967,2025-09-19,Singapore,Mobile
U00968,2026-06-05,UAE,Desktop
U00969,2025-10-26,India,Tablet
U00970,2026-02-13,UAE,Desktop
U00971,2026-05-18,UK,Tablet
U00972,2026-01-07,India,Desktop
U00973,2025-08-05,India,Desktop
U00974,2025-11-10,USA,Tablet
U00975,2025-08-01,India,Tablet
U00976,2026-06-19,UK,Mobile
U00977,2026-03-02,India,Desktop
U00978,2026-02-21,Singapore,Desktop
U00979,2026-07-08,USA,Tablet
U00980,2026-02-09,UAE,Tablet
U00981,2026-03-20,UAE,Tablet
U00982,2025-07-21,USA,Mobile
U00983,2025-08-12,India,Tablet
U00984,2026-06-20,UAE,Mobile
U00985,2025-08-07,UK,Mobile
U00986,2025-12-02,India,Mobile
U00987,2026-06-27,India,Desktop
U00988,2026-02-19,UK,Tablet
U00989,2025-11-01,UAE,Tablet
U00990,2025-07-20,UAE,Desktop
U00991,2025-12-03,India,Tablet
U00992,2025-10-20,USA,Desktop
U00993,2026-06-19,UK,Mobile
U00994,2026-04-10,UK,Desktop
U00995,2026-01-27,India,Desktop
U00996,2026-03-15,UAE,Desktop
U00997,2025-12-02,UAE,Desktop
U00998,2025-10-07,UK,Mobile
U00999,2026-01-01,UAE,Tablet
U01000,2025-12-19,UAE,Desktop
U01001,2025-12-11,Singapore,Desktop
U01002,2025-12-19,India,Tablet
U01003,2025-10-04,UAE,Mobile
U01004,2025-08-11,UAE,Tablet
U01005,2025-10-27,USA,Tablet
U01006,2025-11-30,UK,Desktop
U01007,2025-08-24,India,Mobile
U01008,2025-11-13,UK,Tablet
U01009,2026-04-20,UK,Desktop
U01010,2025-12-23,UAE,Tablet
U01011,2026-02-05,UAE,Mobile
U01012,2025-12-31,UAE,Desktop
U01013,2025-08-26,UAE,Mobile
U01014,2025-09-02,UK,Tablet
U01015,2025-10-02,UAE,Desktop
U01016,2026-02-25,India,Mobile
U01017,2025-12-09,UAE,Desktop
U01018,2026-05-04,Singapore,Tablet
U01019,2025-12-16,USA,Mobile
U01020,2026-01-18,USA,Tablet
U01021,2026-01-05,UAE,Mobile
U01022,2026-03-07,USA,Mobile
U01023,2026-06-22,USA,Tablet
U01024,2026-02-09,UK,Desktop
U01025,2025-12-13,UAE,Tablet
U01026,2025-11-14,India,Tablet
U01027,2026-03-31,USA,Tablet
U01028,2025-11-11,UAE,Desktop
U01029,2026-02-05,UK,Desktop
U01030,2025-11-28,India,Tablet
U01031,2026-06-03,USA,Tablet
U01032,2025-09-05,UK,Desktop
U01033,2026-07-16,UK,Tablet
U01034,2026-01-10,UK,Mobile
U01035,2026-03-19,India,Mobile
U01036,2026-03-31,USA,Desktop
U01037,2025-09-12,Singapore,Desktop
U01038,2026-02-21,Singapore,Mobile
U01039,2026-06-16,UK,Desktop
U01040,2025-09-17,UAE,Mobile
U01041,2025-12-06,Singapore,Desktop
U01042,2026-04-14,UAE,Mobile
U01043,2025-12-05,India,Mobile
U01044,2025-08-21,India,Desktop
U01045,2025-10-21,USA,Tablet
U01046,2025-10-22,UAE,Mobile
U01047,2026-04-19,UK,Tablet
U01048,2026-02-07,UK,Tablet
U01049,2026-05-04,India,Tablet
U01050,2026-05-16,Singapore,Desktop
U01051,2026-06-03,UK,Mobile
U01052,2026-03-28,USA,Desktop
U01053,2026-05-19,Singapore,Mobile
U01054,2025-08-26,India,Mobile
U01055,2026-07-08,USA,Mobile
U01056,2025-12-30,UAE,Mobile
U01057,2025-09-03,UK,Tablet
U01058,2025-12-02,Singapore,Desktop
U01059,2026-05-25,UAE,Tablet
U01060,2025-12-22,USA,Tablet
U01061,2026-02-26,India,Mobile
U01062,2025-12-24,UK,Desktop
U01063,2026-01-30,UAE,Tablet
U01064,2026-04-21,UAE,Desktop
U01065,2025-08-21,Singapore,Mobile
U01066,2026-05-26,USA,Desktop
U01067,2025-11-11,India,Desktop
U01068,2025-12-24,UAE,Tablet
U01069,2025-07-22,Singapore,Desktop
U01070,2026-05-25,USA,Tablet
U01071,2026-02-04,Singapore,Mobile
U01072,2026-04-18,USA,Desktop
U01073,2025-10-22,Singapore,Mobile
U01074,2025-11-11,India,Tablet
U01075,2026-01-26,USA,Desktop
U01076,2026-04-18,USA,Mobile
U01077,2026-02-02,UK,Tablet
U01078,2025-09-22,USA,Desktop
U01079,2025-09-30,Singapore,Desktop
U01080,2025-11-26,India,Desktop
U01081,2025-08-10,USA,Tablet
U01082,2025-08-11,Singapore,Desktop
U01083,2025-08-14,USA,Tablet
U01084,2025-12-28,UK,Tablet
U01085,2026-03-08,Singapore,Mobile
U01086,2025-12-18,Singapore,Tablet
U01087,2026-04-14,USA,Tablet
U01088,2025-07-24,Singapore,Mobile
U01089,2026-05-14,USA,Tablet
U01090,2026-05-12,Singapore,Tablet
U01091,2026-04-16,Singapore,Desktop
U01092,2025-12-05,Singapore,Mobile
U01093,2025-10-17,India,Mobile
U01094,2026-02-05,India,Tablet
U01095,2026-01-31,Singapore,Desktop
U01096,2025-12-06,USA,Tablet
U01097,2025-11-19,UAE,Tablet
U01098,2025-09-11,India,Desktop
U01099,2026-02-23,Singapore,Desktop
U01100,2026-03-31,UK,Desktop
U01101,2026-01-03,USA,Tablet
U01102,2025-07-31,UAE,Desktop
U01103,2026-05-19,UAE,Mobile
U01104,2026-05-01,India,Mobile
U01105,2025-09-05,UAE,Desktop
U01106,2026-01-01,UAE,Desktop
U01107,2025-10-21,USA,Desktop
U01108,2025-09-22,Singapore,Mobile
U01109,2025-09-07,UK,Tablet
U01110,2025-10-18,UK,Tablet
U01111,2026-03-20,UK,Desktop
U01112,2026-03-09,USA,Desktop
U01113,2025-12-05,Singapore,Tablet
U01114,2025-09-21,India,Desktop
U01115,2026-03-13,USA,Desktop
U01116,2025-11-28,India,Desktop
U01117,2026-07-13,UAE,Mobile
U01118,2025-11-08,USA,Mobile
U01119,2025-12-03,India,Desktop
U01120,2026-02-12,UAE,Tablet
U01121,2025-09-07,UAE,Mobile
U01122,2026-01-21,USA,Desktop
U01123,2025-09-15,Singapore,Tablet
U01124,2026-06-10,UK,Mobile
U01125,2025-11-18,USA,Desktop
U01126,2025-09-13,Singapore,Desktop
U01127,2025-08-05,UAE,Desktop
U01128,2026-05-07,UAE,Mobile
U01129,2025-08-21,India,Desktop
U01130,2025-10-13,Singapore,Desktop
U01131,2026-02-04,USA,Mobile
U01132,2026-06-11,Singapore,Desktop
U01133,2026-06-10,India,Mobile
U01134,2026-03-12,UK,Desktop
U01135,2026-06-22,Singapore,Tablet
U01136,2025-11-28,UAE,Desktop
U01137,2025-09-04,Singapore,Mobile
U01138,2025-11-10,India,Desktop
U01139,2025-10-23,USA,Desktop
U01140,2025-08-16,UK,Desktop
U01141,2026-05-02,UK,Mobile
U01142,2025-09-27,UAE,Mobile
U01143,2025-12-15,Singapore,Tablet
U01144,2025-09-06,USA,Desktop
U01145,2026-04-06,Singapore,Desktop
U01146,2026-04-30,India,Desktop
U01147,2025-09-18,Singapore,Desktop
U01148,2026-02-20,Singapore,Desktop
U01149,2026-04-17,Singapore,Tablet
U01150,2026-05-22,Singapore,Mobile
U01151,2026-01-02,USA,Mobile
U01152,2025-08-08,UAE,Desktop
U01153,2026-04-17,UK,Tablet
U01154,2025-10-06,UK,Mobile
U01155,2026-01-07,USA,Tablet
U01156,2026-03-27,Singapore,Desktop
U01157,2025-12-07,Singapore,Mobile
U01158,2026-06-12,India,Mobile
U01159,2025-07-26,USA,Tablet
U01160,2026-06-27,UK,Desktop
U01161,2025-12-25,Singapore,Desktop
U01162,2025-07-30,USA,Tablet
U01163,2026-03-14,Singapore,Mobile
U01164,2026-06-09,UK,Tablet
U01165,2026-04-08,UK,Mobile
U01166,2026-04-12,UAE,Tablet
U01167,2025-10-11,UK,Tablet
U01168,2026-03-08,UK,Tablet
U01169,2026-03-08,Singapore,Tablet
U01170,2025-08-17,UAE,Tablet
U01171,2026-07-05,Singapore,Desktop
U01172,2026-02-12,UAE,Mobile
U01173,2026-06-25,UK,Desktop
U01174,2025-12-29,India,Desktop
U01175,2026-01-01,Singapore,Desktop
U01176,2025-10-17,India,Tablet
U01177,2026-05-22,UAE,Desktop
U01178,2025-08-22,Singapore,Tablet
U01179,2025-11-21,USA,Tablet
U01180,2026-01-31,India,Tablet
U01181,2025-11-12,UAE,Mobile
U01182,2026-03-07,Singapore,Tablet
U01183,2026-05-28,Singapore,Desktop
U01184,2025-09-26,USA,Tablet
U01185,2026-07-04,USA,Mobile
U01186,2025-10-27,Singapore,Tablet
U01187,2026-06-29,India,Mobile
U01188,2026-05-07,India,Desktop
U01189,2025-09-05,UK,Desktop
U01190,2026-04-24,USA,Desktop
U01191,2025-11-26,USA,Desktop
U01192,2025-10-06,Singapore,Tablet
U01193,2026-02-21,UAE,Tablet
U01194,2026-06-28,India,Tablet
U01195,2026-03-19,USA,Tablet
U01196,2026-05-01,USA,Tablet
U01197,2025-11-23,UK,Tablet
U01198,2026-05-28,UAE,Tablet
U01199,2026-06-23,UAE,Desktop
U01200,2025-09-30,USA,Desktop
U01201,2025-12-01,Singapore,Desktop
U01202,2026-04-04,Singapore,Desktop
U01203,2025-11-04,UK,Tablet
U01204,2025-11-23,UAE,Mobile
U01205,2025-10-08,USA,Desktop
U01206,2025-09-03,Singapore,Desktop
U01207,2026-07-12,USA,Desktop
U01208,2025-10-24,UK,Tablet
U01209,2026-05-16,USA,Tablet
U01210,2025-09-27,UAE,Desktop
U01211,2026-03-16,UAE,Desktop
U01212,2026-04-25,Singapore,Tablet
U01213,2025-11-23,UK,Desktop
U01214,2026-02-02,India,Tablet
U01215,2026-03-12,Singapore,Desktop
U01216,2025-12-17,UAE,Desktop
U01217,2026-02-11,USA,Desktop
U01218,2026-01-05,India,Desktop
U01219,2025-12-22,India,Desktop
U01220,2026-04-12,UAE,Tablet
U01221,2025-11-11,UK,Tablet
U01222,2025-12-30,UAE,Mobile
U01223,2026-02-06,USA,Tablet
U01224,2026-06-08,UK,Tablet
U01225,2025-07-24,UK,Mobile
U01226,2025-11-17,India,Tablet
U01227,2026-02-20,Singapore,Mobile
U01228,2026-01-18,USA,Mobile
U01229,2025-10-31,Singapore,Mobile
U01230,2025-10-08,USA,Mobile
U01231,2026-06-04,India,Desktop
U01232,2025-09-17,UK,Tablet
U01233,2025-12-15,UAE,Mobile
U01234,2026-04-26,USA,Mobile
U01235,2025-12-31,Singapore,Mobile
U01236,2026-03-30,UAE,Tablet
U01237,2026-06-12,UAE,Desktop
U01238,2026-03-26,USA,Desktop
U01239,2025-12-25,UK,Desktop
U01240,2025-09-20,India,Mobile
U01241,2025-12-07,Singapore,Mobile
U01242,2025-11-13,Singapore,Tablet
U01243,2025-11-23,India,Mobile
U01244,2025-09-12,UAE,Mobile
U01245,2026-01-21,India,Desktop
U01246,2026-01-28,UAE,Mobile
U01247,2025-12-08,UK,Mobile
U01248,2025-10-10,India,Desktop
U01249,2026-01-30,Singapore,Tablet
U01250,2026-05-30,India,Desktop
U01251,2026-05-31,UK,Desktop
U01252,2025-12-06,Singapore,Tablet
U01253,2025-10-24,UAE,Mobile
U01254,2026-07-04,Singapore,Desktop
U01255,2025-11-05,UK,Mobile
U01256,2025-08-10,India,Desktop
U01257,2026-07-02,USA,Tablet
U01258,2026-04-20,UAE,Tablet
U01259,2025-09-22,UK,Tablet
U01260,2025-09-03,USA,Mobile
U01261,2025-10-29,UK,Desktop
U01262,2026-07-08,Singapore,Tablet
U01263,2025-11-24,USA,Mobile
U01264,2026-02-15,Singapore,Tablet
U01265,2025-08-17,UAE,Desktop
U01266,2026-02-21,Singapore,Desktop
U01267,2026-01-19,India,Desktop
U01268,2026-06-03,India,Mobile
U01269,2025-07-31,USA,Desktop
U01270,2025-10-31,UK,Mobile
U01271,2026-01-26,India,Desktop
U01272,2026-01-09,UAE,Mobile
U01273,2025-11-13,UAE,Desktop
U01274,2026-01-11,UK,Desktop
U01275,2025-12-02,Singapore,Tablet
U01276,2025-09-11,Singapore,Mobile
U01277,2026-01-14,UK,Tablet
U01278,2025-08-14,UK,Tablet
U01279,2026-04-06,USA,Mobile
U01280,2026-04-16,India,Desktop
U01281,2025-12-24,UK,Mobile
U01282,2025-12-28,UAE,Tablet
U01283,2026-04-25,Singapore,Tablet
U01284,2026-04-28,UK,Tablet
U01285,2026-04-26,India,Tablet
U01286,2026-02-28,UK,Desktop
U01287,2025-10-16,Singapore,Mobile
U01288,2026-07-07,USA,Mobile
U01289,2026-04-12,UAE,Mobile
U01290,2025-11-15,UAE,Tablet
U01291,2025-12-16,Singapore,Desktop
U01292,2025-09-08,UAE,Tablet
U01293,2026-06-23,Singapore,Desktop
U01294,2025-08-20,Singapore,Tablet
U01295,2026-02-23,USA,Mobile
U01296,2026-01-04,Singapore,Mobile
U01297,2025-12-23,Singapore,Desktop
U01298,2025-09-30,Singapore,Tablet
U01299,2025-10-15,UK,Mobile
U01300,2026-01-07,Singapore,Mobile
U01301,2025-09-17,India,Tablet
U01302,2025-10-06,Singapore,Mobile
U01303,2026-05-20,Singapore,Tablet
U01304,2026-06-04,USA,Mobile
U01305,2026-03-11,UK,Tablet
U01306,2025-12-18,UAE,Mobile
U01307,2026-02-01,USA,Tablet
U01308,2026-03-14,Singapore,Desktop
U01309,2026-01-10,India,Tablet
U01310,2025-12-24,UAE,Mobile
U01311,2025-11-14,UAE,Mobile
U01312,2026-04-10,Singapore,Desktop
U01313,2026-07-02,UAE,Tablet
U01314,2025-10-14,India,Tablet
U01315,2025-09-29,UAE,Tablet
U01316,2026-04-09,UK,Tablet
U01317,2025-12-10,India,Desktop
U01318,2025-11-15,UK,Mobile
U01319,2025-10-17,USA,Tablet
U01320,2026-02-14,India,Mobile
U01321,2025-09-21,UAE,Desktop
U01322,2025-12-27,India,Tablet
U01323,2025-10-25,India,Mobile
U01324,2025-10-14,UAE,Mobile
U01325,2026-07-09,UK,Desktop
U01326,2025-08-04,USA,Mobile
U01327,2026-07-05,UAE,Desktop
U01328,2026-05-20,UAE,Desktop
U01329,2025-07-31,UAE,Desktop
U01330,2026-07-09,India,Tablet
U01331,2025-12-01,Singapore,Mobile
U01332,2025-07-22,UK,Mobile
U01333,2026-06-26,USA,Tablet
U01334,2025-09-14,UAE,Tablet
U01335,2025-10-03,USA,Tablet
U01336,2025-08-12,USA,Mobile
U01337,2026-05-23,India,Desktop
U01338,2026-06-13,UAE,Tablet
U01339,2025-08-24,Singapore,Desktop
U01340,2025-11-16,Singapore,Desktop
U01341,2026-01-07,USA,Mobile
U01342,2026-04-01,UAE,Desktop
U01343,2026-04-23,USA,Desktop
U01344,2025-11-25,USA,Tablet
U01345,2025-07-21,India,Mobile
U01346,2026-02-04,UAE,Tablet
U01347,2025-08-24,India,Mobile
U01348,2025-11-10,USA,Mobile
U01349,2025-11-30,India,Tablet
U01350,2025-08-10,India,Desktop
U01351,2026-05-14,Singapore,Tablet
U01352,2026-01-23,India,Mobile
U01353,2025-10-30,India,Desktop
U01354,2026-04-14,UAE,Mobile
U01355,2026-05-20,Singapore,Mobile
U01356,2026-04-23,India,Mobile
U01357,2025-09-29,Singapore,Desktop
U01358,2025-11-22,USA,Tablet
U01359,2026-01-23,Singapore,Desktop
U01360,2026-04-07,Singapore,Tablet
U01361,2025-09-16,UK,Mobile
U01362,2025-12-27,UK,Mobile
U01363,2025-11-22,Singapore,Mobile
U01364,2025-11-04,UAE,Desktop
U01365,2025-12-20,UK,Mobile
U01366,2025-11-05,Singapore,Tablet
U01367,2026-04-06,USA,Tablet
U01368,2025-10-13,UAE,Tablet
U01369,2025-12-22,UAE,Mobile
U01370,2026-03-05,UK,Tablet
U01371,2026-04-06,UAE,Tablet
U01372,2026-01-10,UK,Tablet
U01373,2025-08-09,UAE,Desktop
U01374,2025-11-21,USA,Desktop
U01375,2026-02-25,UAE,Mobile
U01376,2026-03-04,Singapore,Desktop
U01377,2025-11-03,USA,Mobile
U01378,2025-10-07,UK,Tablet
U01379,2025-12-20,USA,Desktop
U01380,2025-10-09,India,Tablet
U01381,2026-03-04,UAE,Desktop
U01382,2026-04-26,Singapore,Tablet
U01383,2026-03-29,USA,Desktop
U01384,2026-03-06,USA,Desktop
U01385,2026-02-02,USA,Desktop
U01386,2025-08-07,India,Desktop
U01387,2025-08-02,UK,Mobile
U01388,2026-01-05,Singapore,Tablet
U01389,2025-12-28,USA,Mobile
U01390,2026-03-03,UK,Desktop
U01391,2025-09-16,Singapore,Tablet
U01392,2025-10-22,India,Mobile
U01393,2026-04-07,USA,Tablet
U01394,2026-05-16,Singapore,Mobile
U01395,2025-09-11,UAE,Mobile
U01396,2025-11-24,UK,Desktop
U01397,2026-01-22,India,Mobile
U01398,2025-10-28,USA,Tablet
U01399,2025-09-28,India,Tablet
U01400,2025-10-19,UAE,Mobile
U01401,2026-01-09,Singapore,Tablet
U01402,2026-02-08,USA,Desktop
U01403,2025-12-20,USA,Tablet
U01404,2025-07-30,UK,Desktop
U01405,2025-12-02,UAE,Desktop
U01406,2026-02-03,Singapore,Tablet
U01407,2025-08-04,UK,Desktop
U01408,2025-11-11,UK,Desktop
U01409,2026-05-14,Singapore,Desktop
U01410,2025-07-23,UAE,Mobile
U01411,2025-11-04,UAE,Desktop
U01412,2026-02-05,USA,Desktop
U01413,2026-06-25,UK,Desktop
U01414,2025-07-23,India,Tablet
U01415,2025-11-09,USA,Tablet
U01416,2026-03-14,USA,Mobile
U01417,2026-04-18,UK,Tablet
U01418,2026-06-14,Singapore,Tablet
U01419,2025-09-25,UAE,Desktop
U01420,2026-04-10,USA,Mobile
U01421,2025-09-15,UK,Mobile
U01422,2025-10-06,UAE,Tablet
U01423,2025-11-27,USA,Desktop
U01424,2026-06-12,Singapore,Tablet
U01425,2025-11-22,UK,Desktop
U01426,2025-08-10,UAE,Tablet
U01427,2025-11-08,UAE,Desktop
U01428,2026-04-02,USA,Tablet
U01429,2025-09-12,UK,Mobile
U01430,2025-08-04,USA,Tablet
U01431,2026-01-12,Singapore,Desktop
U01432,2026-06-15,USA,Tablet
U01433,2026-03-22,India,Tablet
U01434,2026-06-29,India,Mobile
U01435,2026-07-08,India,Mobile
U01436,2025-09-16,UAE,Mobile
U01437,2026-03-21,USA,Mobile
U01438,2025-12-31,USA,Mobile
U01439,2026-06-03,USA,Tablet
U01440,2026-02-23,UAE,Desktop
U01441,2026-04-15,India,Tablet
U01442,2026-05-01,Singapore,Desktop
U01443,2025-09-22,UAE,Mobile
U01444,2025-11-29,India,Tablet
U01445,2026-06-07,Singapore,Desktop
U01446,2025-09-29,India,Mobile
U01447,2026-01-12,Singapore,Tablet
U01448,2026-03-12,UK,Tablet
U01449,2026-03-26,UK,Mobile
U01450,2025-08-31,Singapore,Tablet
U01451,2026-02-17,UAE,Mobile
U01452,2026-03-27,India,Mobile
U01453,2026-03-06,Singapore,Mobile
U01454,2026-04-06,USA,Mobile
U01455,2026-06-18,Singapore,Tablet
U01456,2026-04-29,UK,Desktop
U01457,2026-01-21,UK,Desktop
U01458,2026-05-02,India,Desktop
U01459,2025-09-02,UAE,Desktop
U01460,2025-10-19,Singapore,Mobile
U01461,2026-02-15,USA,Desktop
U01462,2025-10-14,India,Tablet
U01463,2026-06-02,India,Mobile
U01464,2026-01-02,UAE,Desktop
U01465,2025-12-09,UAE,Tablet
U01466,2026-05-25,UAE,Mobile
U01467,2026-05-28,India,Tablet
U01468,2025-08-18,USA,Mobile
U01469,2025-09-07,UAE,Desktop
U01470,2026-03-02,UK,Tablet
U01471,2025-11-20,India,Tablet
U01472,2026-04-27,India,Mobile
U01473,2026-03-25,USA,Tablet
U01474,2026-01-01,Singapore,Desktop
U01475,2025-12-30,UK,Mobile
U01476,2025-10-22,India,Tablet
U01477,2025-10-01,UK,Tablet
U01478,2025-10-30,Singapore,Tablet
U01479,2026-05-26,India,Mobile
U01480,2025-10-02,UK,Mobile
U01481,2026-04-05,USA,Tablet
U01482,2025-08-07,USA,Tablet
U01483,2025-10-05,UAE,Mobile
U01484,2025-09-02,UK,Mobile
U01485,2026-01-01,Singapore,Mobile
U01486,2026-02-16,Singapore,Desktop
U01487,2026-06-03,Singapore,Desktop
U01488,2026-07-15,UAE,Tablet
U01489,2025-11-26,USA,Tablet
U01490,2025-11-20,India,Tablet
U01491,2025-09-02,UK,Mobile
U01492,2025-12-11,India,Desktop
U01493,2026-06-06,USA,Mobile
U01494,2026-04-18,UK,Tablet
U01495,2025-09-02,Singapore,Tablet
U01496,2025-11-12,UAE,Desktop
U01497,2025-09-17,India,Tablet
U01498,2026-04-03,UK,Desktop
U01499,2025-08-11,UAE,Mobile
U01500,2025-11-10,UK,Tablet
U01501,2026-04-26,UAE,Desktop
U01502,2026-03-28,USA,Tablet
U01503,2026-02-16,Singapore,Tablet
U01504,2026-02-03,UAE,Mobile
U01505,2025-10-04,Singapore,Desktop
U01506,2026-04-06,USA,Tablet
U01507,2025-09-26,India,Mobile
U01508,2026-04-07,UK,Mobile
U01509,2025-08-02,UAE,Tablet
U01510,2026-01-01,USA,Tablet
U01511,2025-11-04,UAE,Desktop
U01512,2026-03-25,UK,Mobile
U01513,2025-12-18,India,Mobile
U01514,2025-09-21,UK,Desktop
U01515,2026-05-27,UK,Desktop
U01516,2026-06-27,India,Mobile
U01517,2026-01-07,India,Mobile
U01518,2025-10-20,UAE,Desktop
U01519,2025-09-09,Singapore,Tablet
U01520,2026-04-03,Singapore,Desktop
U01521,2026-04-08,India,Mobile
U01522,2025-10-11,India,Desktop
U01523,2026-04-14,Singapore,Mobile
U01524,2026-01-06,Singapore,Tablet
U01525,2025-09-05,UK,Desktop
U01526,2025-07-25,India,Desktop
U01527,2025-08-02,UAE,Desktop
U01528,2025-12-15,India,Tablet
U01529,2025-08-23,Singapore,Mobile
U01530,2025-08-21,Singapore,Tablet
U01531,2026-06-11,USA,Tablet
U01532,2026-03-22,UAE,Mobile
U01533,2025-12-06,USA,Desktop
U01534,2025-09-29,UK,Desktop
U01535,2026-01-26,UAE,Mobile
U01536,2026-05-03,India,Mobile
U01537,2025-09-02,UAE,Desktop
U01538,2025-11-22,UAE,Desktop
U01539,2026-07-06,UAE,Mobile
U01540,2025-07-19,UK,Desktop
U01541,2026-03-18,USA,Tablet
U01542,2025-07-28,UAE,Tablet
U01543,2025-09-14,Singapore,Mobile
U01544,2026-04-25,UAE,Mobile
U01545,2025-09-27,USA,Desktop
U01546,2026-02-01,India,Desktop
U01547,2026-06-27,UK,Tablet
U01548,2026-01-16,UAE,Desktop
U01549,2026-06-05,UAE,Desktop
U01550,2026-03-09,UAE,Tablet
U01551,2025-12-26,Singapore,Mobile
U01552,2026-05-25,UK,Desktop
U01553,2026-02-24,Singapore,Tablet
U01554,2026-07-17,USA,Desktop
U01555,2025-12-18,UK,Mobile
U01556,2025-11-20,UAE,Desktop
U01557,2025-10-20,UK,Tablet
U01558,2026-04-01,UAE,Tablet
U01559,2025-11-28,USA,Desktop
U01560,2025-07-31,UAE,Desktop
U01561,2025-07-31,UAE,Desktop
U01562,2026-04-26,India,Tablet
U01563,2026-01-12,USA,Tablet
U01564,2025-12-10,Singapore,Mobile
U01565,2025-10-16,Singapore,Mobile
U01566,2026-02-09,UAE,Tablet
U01567,2026-05-23,USA,Desktop
U01568,2026-05-31,UK,Tablet
U01569,2026-04-23,India,Desktop
U01570,2026-03-24,UAE,Mobile
U01571,2026-03-22,UK,Mobile
U01572,2025-07-24,UK,Tablet
U01573,2026-03-14,USA,Tablet
U01574,2025-08-09,UAE,Desktop
U01575,2025-08-12,India,Desktop
U01576,2025-10-29,Singapore,Desktop
U01577,2025-08-17,Singapore,Desktop
U01578,2025-12-30,Singapore,Tablet
U01579,2025-09-24,UAE,Tablet
U01580,2026-02-15,India,Desktop
U01581,2026-01-05,Singapore,Tablet
U01582,2026-05-23,India,Mobile
U01583,2026-03-26,USA,Tablet
U01584,2026-02-15,UK,Mobile
U01585,2025-12-17,Singapore,Mobile
U01586,2026-06-12,Singapore,Tablet
U01587,2026-06-24,UAE,Desktop
U01588,2026-05-22,UAE,Mobile
U01589,2025-12-19,India,Mobile
U01590,2025-11-17,UK,Mobile
U01591,2026-02-10,Singapore,Tablet
U01592,2026-04-11,Singapore,Tablet
U01593,2025-08-29,Singapore,Tablet
U01594,2025-09-03,Singapore,Mobile
U01595,2026-02-18,UAE,Desktop
U01596,2025-08-22,UAE,Desktop
U01597,2025-09-03,Singapore,Tablet
U01598,2026-02-19,Singapore,Mobile
U01599,2025-08-30,UK,Mobile
U01600,2026-05-17,UAE,Mobile
U01601,2025-08-27,UK,Desktop
U01602,2026-04-17,India,Mobile
U01603,2025-10-10,USA,Desktop
U01604,2025-09-14,UK,Desktop
U01605,2026-05-14,UAE,Mobile
U01606,2025-12-11,Singapore,Desktop
U01607,2026-02-23,UK,Desktop
U01608,2026-07-02,India,Desktop
U01609,2025-09-04,UAE,Desktop
U01610,2025-08-23,India,Desktop
U01611,2026-05-31,India,Tablet
U01612,2026-07-03,India,Mobile
U01613,2026-06-10,UK,Tablet
U01614,2025-11-14,India,Tablet
U01615,2026-06-25,USA,Tablet
U01616,2026-02-25,USA,Tablet
U01617,2025-08-09,USA,Tablet
U01618,2026-02-11,USA,Desktop
U01619,2025-12-12,Singapore,Desktop
U01620,2026-03-16,UAE,Mobile
U01621,2025-11-12,UAE,Tablet
U01622,2025-09-21,USA,Mobile
U01623,2025-12-18,UAE,Desktop
U01624,2026-03-20,India,Tablet
U01625,2025-07-29,Singapore,Mobile
U01626,2026-01-25,UAE,Tablet
U01627,2025-10-02,UAE,Desktop
U01628,2026-02-16,India,Tablet
U01629,2026-05-16,USA,Mobile
U01630,2026-03-09,UK,Tablet
U01631,2025-08-06,India,Tablet
U01632,2026-02-28,India,Tablet
U01633,2025-11-29,USA,Desktop
U01634,2025-12-08,UK,Mobile
U01635,2025-12-19,UAE,Mobile
U01636,2026-05-11,UK,Tablet
U01637,2026-03-26,UAE,Tablet
U01638,2025-10-02,UK,Tablet
U01639,2026-01-10,UAE,Tablet
U01640,2026-01-15,UAE,Tablet
U01641,2026-04-22,India,Desktop
U01642,2025-10-30,UK,Desktop
U01643,2026-06-06,Singapore,Mobile
U01644,2025-09-24,UK,Tablet
U01645,2025-11-19,Singapore,Mobile
U01646,2025-07-25,USA,Desktop
U01647,2025-09-08,India,Mobile
U01648,2025-12-13,UK,Mobile
U01649,2025-12-23,USA,Desktop
U01650,2026-01-06,USA,Tablet
U01651,2026-06-28,UAE,Desktop
U01652,2026-06-08,Singapore,Mobile
U01653,2025-11-21,Singapore,Desktop
U01654,2026-07-09,UAE,Mobile
U01655,2026-06-20,UAE,Tablet
U01656,2026-02-23,Singapore,Tablet
U01657,2025-10-29,USA,Tablet
U01658,2025-11-24,USA,Desktop
U01659,2025-11-22,UK,Mobile
U01660,2026-01-13,USA,Desktop
U01661,2026-04-19,UAE,Tablet
U01662,2025-09-17,India,Desktop
U01663,2025-10-25,India,Desktop
U01664,2026-01-04,USA,Mobile
U01665,2026-01-18,UAE,Tablet
U01666,2026-02-02,Singapore,Tablet
U01667,2025-08-29,UAE,Desktop
U01668,2025-12-12,UAE,Desktop
U01669,2025-07-20,UAE,Desktop
U01670,2025-11-06,USA,Mobile
U01671,2025-09-25,Singapore,Mobile
U01672,2025-10-20,USA,Desktop
U01673,2025-08-29,India,Desktop
U01674,2025-09-02,USA,Tablet
U01675,2026-06-12,UK,Mobile
U01676,2026-07-05,UAE,Tablet
U01677,2025-08-13,UAE,Tablet
U01678,2025-08-17,Singapore,Mobile
U01679,2026-07-08,Singapore,Mobile
U01680,2026-06-16,UK,Tablet
U01681,2026-04-05,UK,Tablet
U01682,2026-02-17,India,Tablet
U01683,2026-05-13,UAE,Tablet
U01684,2026-02-20,USA,Desktop
U01685,2025-10-29,India,Tablet
U01686,2025-11-13,USA,Desktop
U01687,2025-11-15,India,Desktop
U01688,2025-07-28,UK,Desktop
U01689,2025-10-01,India,Desktop
U01690,2026-02-27,India,Mobile
U01691,2025-12-13,USA,Tablet
U01692,2026-02-23,Singapore,Tablet
U01693,2026-06-02,UK,Tablet
U01694,2025-09-03,Singapore,Tablet
U01695,2025-09-06,UAE,Mobile
U01696,2025-10-25,Singapore,Mobile
U01697,2025-09-22,USA,Mobile
U01698,2025-07-26,India,Tablet
U01699,2025-10-05,UK,Tablet
U01700,2025-08-06,UK,Tablet
U01701,2026-05-02,Singapore,Mobile
U01702,2025-12-04,UK,Tablet
U01703,2026-05-30,UK,Desktop
U01704,2026-04-23,Singapore,Desktop
U01705,2026-06-11,Singapore,Tablet
U01706,2026-04-03,India,Mobile
U01707,2026-06-12,UAE,Mobile
U01708,2025-11-25,UK,Tablet
U01709,2025-08-12,USA,Tablet
U01710,2026-04-16,USA,Mobile
U01711,2025-10-28,USA,Tablet
U01712,2025-12-04,UK,Mobile
U01713,2026-02-19,UAE,Desktop
U01714,2026-02-26,USA,Tablet
U01715,2025-10-08,UK,Tablet
U01716,2026-01-12,UAE,Desktop
U01717,2025-12-09,UAE,Mobile
U01718,2025-10-19,India,Desktop
U01719,2026-06-23,Singapore,Tablet
U01720,2025-11-11,UK,Tablet
U01721,2025-08-03,UK,Desktop
U01722,2026-04-30,UAE,Desktop
U01723,2025-08-15,Singapore,Mobile
U01724,2025-08-03,India,Tablet
U01725,2025-10-04,UAE,Tablet
U01726,2026-05-12,UK,Mobile
U01727,2026-06-20,Singapore,Desktop
U01728,2026-02-16,USA,Desktop
U01729,2025-12-10,USA,Desktop
U01730,2026-05-16,UK,Desktop
U01731,2026-01-26,UK,Desktop
U01732,2026-01-04,Singapore,Tablet
U01733,2025-10-13,USA,Tablet
U01734,2025-10-01,UAE,Desktop
U01735,2025-08-15,India,Mobile
U01736,2025-08-26,India,Tablet
U01737,2026-01-31,UAE,Mobile
U01738,2025-09-03,India,Mobile
U01739,2025-08-14,UAE,Desktop
U01740,2026-02-05,India,Desktop
U01741,2026-06-01,USA,Tablet
U01742,2026-04-17,USA,Tablet
U01743,2025-12-28,UK,Mobile
U01744,2025-11-21,UK,Mobile
U01745,2025-12-27,UK,Desktop
U01746,2026-07-07,India,Desktop
U01747,2025-11-30,USA,Mobile
U01748,2025-11-09,UAE,Tablet
U01749,2026-04-01,UK,Tablet
U01750,2026-01-31,USA,Desktop
U01751,2025-11-04,India,Tablet
U01752,2025-09-01,India,Mobile
U01753,2025-07-27,USA,Desktop
U01754,2026-01-27,India,Mobile
U01755,2026-07-08,Singapore,Mobile
U01756,2026-07-15,Singapore,Tablet
U01757,2026-05-28,UAE,Mobile
U01758,2026-06-21,India,Tablet
U01759,2025-10-19,UK,Mobile
U01760,2025-10-29,UAE,Tablet
U01761,2025-09-08,USA,Desktop
U01762,2025-09-04,India,Mobile
U01763,2025-10-05,UAE,Mobile
U01764,2025-12-06,India,Mobile
U01765,2026-05-12,UK,Desktop
U01766,2026-02-18,UK,Mobile
U01767,2025-10-24,UAE,Mobile
U01768,2026-06-09,USA,Mobile
U01769,2026-04-08,Singapore,Tablet
U01770,2026-07-16,India,Tablet
U01771,2026-04-29,USA,Desktop
U01772,2026-01-14,UK,Tablet
U01773,2025-11-19,USA,Tablet
U01774,2026-04-19,USA,Desktop
U01775,2026-04-07,Singapore,Tablet
U01776,2026-04-30,UAE,Mobile
U01777,2025-09-30,India,Mobile
U01778,2025-10-07,USA,Mobile
U01779,2025-10-16,Singapore,Tablet
U01780,2026-07-13,UAE,Desktop
U01781,2025-11-07,UAE,Desktop
U01782,2025-10-01,USA,Mobile
U01783,2025-12-04,UK,Tablet
U01784,2025-08-10,India,Mobile
U01785,2025-09-10,Singapore,Tablet
U01786,2026-04-04,Singapore,Tablet
U01787,2025-12-01,Singapore,Desktop
U01788,2026-06-22,India,Tablet
U01789,2025-10-26,UK,Mobile
U01790,2025-07-19,Singapore,Tablet
U01791,2026-01-01,Singapore,Mobile
U01792,2026-05-16,UAE,Desktop
U01793,2025-09-13,India,Mobile
U01794,2025-12-06,UAE,Desktop
U01795,2026-02-08,India,Mobile
U01796,2025-09-06,UAE,Tablet
U01797,2026-03-02,Singapore,Mobile
U01798,2025-08-03,Singapore,Mobile
U01799,2026-06-12,UK,Desktop
U01800,2026-04-06,USA,Desktop
U01801,2025-10-17,Singapore,Desktop
U01802,2026-06-27,UK,Tablet
U01803,2026-05-16,USA,Desktop
U01804,2026-02-03,India,Mobile
U01805,2026-04-19,Singapore,Mobile
U01806,2026-02-14,India,Desktop
U01807,2026-02-28,USA,Mobile
U01808,2026-01-26,India,Desktop
U01809,2025-07-26,Singapore,Desktop
U01810,2025-12-28,Singapore,Desktop
U01811,2025-12-04,UAE,Tablet
U01812,2026-05-19,UAE,Mobile
U01813,2026-04-04,Singapore,Tablet
U01814,2026-04-04,Singapore,Mobile
U01815,2025-10-01,UK,Mobile
U01816,2026-02-02,UK,Mobile
U01817,2026-07-07,Singapore,Mobile
U01818,2026-07-17,USA,Tablet
U01819,2026-06-25,UK,Desktop
U01820,2025-12-22,Singapore,Tablet
U01821,2026-06-12,India,Desktop
U01822,2025-09-29,UAE,Tablet
U01823,2025-09-10,USA,Mobile
U01824,2025-12-31,USA,Mobile
U01825,2025-08-28,UAE,Mobile
U01826,2026-02-13,UAE,Tablet
U01827,2026-07-14,Singapore,Mobile
U01828,2025-10-01,UK,Tablet
U01829,2026-03-21,USA,Mobile
U01830,2025-12-14,India,Tablet
U01831,2026-06-10,USA,Tablet
U01832,2026-06-18,India,Mobile
U01833,2025-08-16,UAE,Desktop
U01834,2025-07-24,Singapore,Tablet
U01835,2026-07-16,UK,Mobile
U01836,2026-03-12,UK,Mobile
U01837,2025-09-05,UK,Tablet
U01838,2026-01-08,India,Mobile
U01839,2026-01-08,UK,Desktop
U01840,2025-10-28,UK,Tablet
U01841,2026-01-31,India,Desktop
U01842,2026-02-18,Singapore,Tablet
U01843,2026-06-16,India,Desktop
U01844,2025-11-30,UAE,Tablet
U01845,2026-03-09,UK,Mobile
U01846,2026-03-26,UAE,Tablet
U01847,2025-08-18,USA,Desktop
U01848,2026-01-10,USA,Desktop
U01849,2025-09-29,India,Tablet
U01850,2025-12-04,India,Mobile
U01851,2025-11-10,Singapore,Mobile
U01852,2025-10-15,India,Mobile
U01853,2025-12-18,USA,Mobile
U01854,2025-12-21,UAE,Desktop
U01855,2025-07-28,UAE,Mobile
U01856,2026-01-28,USA,Mobile
U01857,2025-08-24,Singapore,Tablet
U01858,2026-06-02,UAE,Mobile
U01859,2026-04-26,UK,Mobile
U01860,2025-10-01,UAE,Tablet
U01861,2026-07-03,UK,Desktop
U01862,2026-05-15,India,Tablet
U01863,2026-03-05,UK,Mobile
U01864,2026-03-15,Singapore,Tablet
U01865,2025-11-15,India,Mobile
U01866,2026-01-11,USA,Tablet
U01867,2026-01-13,India,Desktop
U01868,2025-08-17,India,Desktop
U01869,2025-10-11,UK,Desktop
U01870,2025-10-21,UK,Mobile
U01871,2026-03-20,Singapore,Desktop
U01872,2025-09-02,India,Desktop
U01873,2026-01-31,USA,Desktop
U01874,2025-08-27,Singapore,Desktop
U01875,2025-08-27,Singapore,Mobile
U01876,2025-10-18,UAE,Desktop
U01877,2026-05-04,Singapore,Desktop
U01878,2026-04-28,USA,Tablet
U01879,2026-04-11,Singapore,Mobile
U01880,2026-02-15,USA,Mobile
U01881,2026-01-02,UAE,Mobile
U01882,2026-02-10,USA,Tablet
U01883,2026-01-21,UK,Tablet
U01884,2025-07-30,India,Desktop
U01885,2025-09-13,India,Tablet
U01886,2025-10-02,UAE,Tablet
U01887,2025-12-28,UK,Mobile
U01888,2025-09-23,USA,Tablet
U01889,2025-07-25,USA,Desktop
U01890,2026-03-22,UAE,Mobile
U01891,2026-02-10,USA,Tablet
U01892,2025-10-02,UK,Mobile
U01893,2026-02-03,India,Mobile
U01894,2025-10-21,Singapore,Desktop
U01895,2026-05-25,UK,Desktop
U01896,2026-05-31,India,Tablet
U01897,2025-09-22,India,Tablet
U01898,2026-05-19,USA,Tablet
U01899,2026-05-13,UAE,Mobile
U01900,2025-10-03,Singapore,Tablet
U01901,2026-03-19,India,Desktop
U01902,2025-12-05,USA,Mobile
U01903,2025-09-04,UK,Desktop
U01904,2025-11-07,UK,Desktop
U01905,2026-01-20,UK,Desktop
U01906,2026-01-04,UAE,Desktop
U01907,2025-09-09,USA,Mobile
U01908,2026-02-10,USA,Mobile
U01909,2026-07-05,Singapore,Mobile
U01910,2025-11-16,USA,Mobile
U01911,2026-01-04,USA,Desktop
U01912,2025-10-23,UAE,Desktop
U01913,2025-10-11,UAE,Mobile
U01914,2025-07-30,Singapore,Desktop
U01915,2025-08-17,USA,Desktop
U01916,2025-07-28,UK,Desktop
U01917,2026-03-31,UK,Mobile
U01918,2026-03-04,India,Mobile
U01919,2025-08-14,UK,Tablet
U01920,2026-05-29,Singapore,Mobile
U01921,2025-12-11,USA,Desktop
U01922,2025-09-13,USA,Mobile
U01923,2026-06-14,USA,Desktop
U01924,2026-03-12,UAE,Tablet
U01925,2026-05-01,India,Tablet
U01926,2026-03-12,UK,Desktop
U01927,2026-04-18,USA,Mobile
U01928,2026-06-04,UAE,Desktop
U01929,2025-10-10,Singapore,Tablet
U01930,2025-12-19,Singapore,Mobile
U01931,2025-10-22,India,Desktop
U01932,2025-11-12,India,Mobile
U01933,2026-01-14,India,Mobile
U01934,2025-12-19,India,Mobile
U01935,2025-07-23,USA,Mobile
U01936,2025-12-06,UAE,Desktop
U01937,2026-04-12,India,Tablet
U01938,2026-03-20,Singapore,Desktop
U01939,2026-03-02,India,Mobile
U01940,2025-08-23,India,Mobile
U01941,2025-07-30,UAE,Mobile
U01942,2025-07-21,India,Desktop
U01943,2025-09-23,India,Mobile
U01944,2026-05-17,UAE,Mobile
U01945,2025-12-16,USA,Tablet
U01946,2025-07-24,UAE,Tablet
U01947,2025-10-26,UAE,Desktop
U01948,2025-10-20,India,Desktop
U01949,2026-01-30,UAE,Mobile
U01950,2026-03-06,UK,Mobile
U01951,2026-06-27,USA,Desktop
U01952,2025-11-02,UK,Desktop
U01953,2025-11-01,USA,Mobile
U01954,2026-02-05,Singapore,Tablet
U01955,2026-03-02,Singapore,Mobile
U01956,2026-02-20,UK,Desktop
U01957,2026-01-11,UAE,Tablet
U01958,2025-12-21,UAE,Mobile
U01959,2026-01-01,India,Desktop
U01960,2025-11-01,UAE,Mobile
U01961,2026-07-09,UAE,Mobile
U01962,2025-09-27,Singapore,Mobile
U01963,2026-04-03,Singapore,Mobile
U01964,2025-11-28,UAE,Tablet
U01965,2026-02-26,UK,Desktop
U01966,2026-07-04,Singapore,Desktop
U01967,2025-11-18,UK,Tablet
U01968,2026-07-12,Singapore,Desktop
U01969,2025-08-11,UAE,Desktop
U01970,2026-05-12,USA,Mobile
U01971,2025-09-30,UK,Tablet
U01972,2025-12-18,USA,Mobile
U01973,2026-04-07,UK,Mobile
U01974,2025-10-17,UAE,Tablet
U01975,2025-09-22,UK,Tablet
U01976,2026-02-09,USA,Mobile
U01977,2025-08-26,India,Mobile
U01978,2025-07-31,USA,Desktop
U01979,2025-10-25,Singapore,Tablet
U01980,2025-08-20,India,Mobile
U01981,2026-04-12,Singapore,Desktop
U01982,2025-10-29,UK,Mobile
U01983,2025-07-31,USA,Mobile
U01984,2026-04-13,Singapore,Desktop
U01985,2026-05-18,UK,Tablet
U01986,2025-08-05,India,Tablet
U01987,2025-12-28,UK,Tablet
U01988,2025-10-23,Singapore,Mobile
U01989,2026-01-04,Singapore,Mobile
U01990,2026-03-05,UAE,Tablet
U01991,2026-03-11,UK,Mobile
U01992,2025-11-09,UAE,Mobile
U01993,2026-03-09,India,Mobile
U01994,2026-02-19,USA,Tablet
U01995,2025-07-20,USA,Mobile
U01996,2025-11-28,Singapore,Desktop
U01997,2026-03-14,India,Desktop
U01998,2025-11-19,Singapore,Mobile
U01999,2025-11-21,USA,Desktop
U02000,2026-06-10,USA,Desktop
U02001,2025-08-28,India,Mobile
U02002,2026-04-21,USA,Tablet
U02003,2025-07-19,USA,Mobile
U02004,2026-02-12,Singapore,Desktop
U02005,2026-02-19,India,Desktop
U02006,2025-11-20,UAE,Tablet
U02007,2026-01-17,India,Desktop
U02008,2026-07-15,UK,Desktop
U02009,2026-05-07,USA,Mobile
U02010,2025-11-08,UAE,Tablet
U02011,2025-07-20,UAE,Tablet
U02012,2025-09-02,UK,Mobile
U02013,2025-09-12,Singapore,Tablet
U02014,2025-10-17,Singapore,Desktop
U02015,2026-07-07,USA,Tablet
U02016,2025-09-20,Singapore,Mobile
U02017,2025-12-13,UAE,Desktop
U02018,2026-03-17,UK,Mobile
U02019,2026-07-14,USA,Tablet
U02020,2026-01-31,India,Tablet
U02021,2025-08-16,Singapore,Desktop
U02022,2026-04-24,Singapore,Mobile
U02023,2026-02-10,USA,Tablet
U02024,2025-07-23,UK,Tablet
U02025,2026-02-04,USA,Tablet
U02026,2025-10-10,Singapore,Mobile
U02027,2026-04-21,UAE,Mobile
U02028,2025-08-08,UK,Tablet
U02029,2025-10-22,India,Mobile
U02030,2026-01-08,UK,Desktop
U02031,2026-01-21,USA,Tablet
U02032,2025-09-22,India,Tablet
U02033,2026-05-14,UK,Desktop
U02034,2025-08-04,India,Desktop
U02035,2026-04-14,USA,Mobile
U02036,2026-07-10,India,Desktop
U02037,2026-07-17,UK,Mobile
U02038,2025-09-13,India,Mobile
U02039,2026-04-08,UAE,Desktop
U02040,2026-03-10,UAE,Mobile
U02041,2025-11-14,UAE,Desktop
U02042,2026-04-24,UAE,Desktop
U02043,2026-01-11,Singapore,Desktop
U02044,2026-03-02,India,Desktop
U02045,2026-03-12,Singapore,Tablet
U02046,2025-08-08,USA,Mobile
U02047,2025-08-13,UAE,Mobile
U02048,2025-10-09,India,Desktop
U02049,2025-12-04,India,Desktop
U02050,2026-04-15,UK,Mobile
U02051,2026-05-04,India,Desktop
U02052,2026-07-19,USA,Desktop
U02053,2026-04-16,USA,Tablet
U02054,2025-08-08,India,Tablet
U02055,2025-10-23,India,Desktop
U02056,2026-01-16,Singapore,Tablet
U02057,2025-11-30,UAE,Tablet
U02058,2026-05-14,India,Desktop
U02059,2026-02-21,USA,Tablet
U02060,2026-03-30,UAE,Mobile
U02061,2026-07-05,India,Mobile
U02062,2026-04-06,UK,Mobile
U02063,2026-07-10,USA,Desktop
U02064,2025-10-04,Singapore,Tablet
U02065,2025-11-06,Singapore,Desktop
U02066,2026-07-16,UK,Desktop
U02067,2026-04-13,USA,Mobile
U02068,2026-01-12,India,Desktop
U02069,2025-10-16,Singapore,Tablet
U02070,2026-05-09,UAE,Mobile
U02071,2026-04-15,India,Desktop
U02072,2026-01-05,India,Desktop
U02073,2025-10-30,India,Desktop
U02074,2026-01-24,Singapore,Desktop
U02075,2026-02-24,USA,Mobile
U02076,2026-06-03,India,Mobile
U02077,2025-11-04,USA,Tablet
U02078,2026-01-14,UK,Mobile
U02079,2025-10-28,UAE,Mobile
U02080,2025-12-10,UK,Desktop
U02081,2025-09-25,UAE,Desktop
U02082,2025-09-10,UK,Mobile
U02083,2025-09-12,Singapore,Desktop
U02084,2026-03-04,USA,Desktop
U02085,2025-07-28,UAE,Desktop
U02086,2026-05-07,USA,Desktop
U02087,2025-07-24,India,Desktop
U02088,2025-10-21,UAE,Desktop
U02089,2025-12-09,UK,Mobile
U02090,2026-04-26,UK,Tablet
U02091,2026-02-27,India,Mobile
U02092,2025-07-19,India,Mobile
U02093,2025-11-02,UK,Tablet
U02094,2025-10-10,UAE,Tablet
U02095,2025-08-19,USA,Tablet
U02096,2025-08-03,India,Desktop
U02097,2026-02-25,Singapore,Desktop
U02098,2026-05-30,Singapore,Tablet
U02099,2026-07-14,UAE,Tablet
U02100,2026-05-31,USA,Desktop
U02101,2025-10-31,UK,Mobile
U02102,2026-01-26,UAE,Tablet
U02103,2025-11-14,India,Tablet
U02104,2025-11-19,Singapore,Tablet
U02105,2025-09-01,Singapore,Tablet
U02106,2026-05-11,Singapore,Mobile
U02107,2026-05-11,India,Desktop
U02108,2026-02-02,USA,Mobile
U02109,2026-04-03,USA,Mobile
U02110,2025-10-05,USA,Mobile
U02111,2026-01-16,UAE,Mobile
U02112,2025-07-27,UAE,Mobile
U02113,2026-01-24,USA,Tablet
U02114,2026-02-20,UK,Desktop
U02115,2025-09-21,India,Mobile
U02116,2025-08-19,UAE,Tablet
U02117,2026-04-06,UAE,Tablet
U02118,2026-04-28,UK,Desktop
U02119,2026-04-16,Singapore,Desktop
U02120,2026-04-04,India,Tablet
U02121,2025-11-22,Singapore,Tablet
U02122,2026-02-03,Singapore,Desktop
U02123,2026-03-11,India,Desktop
U02124,2026-01-23,USA,Mobile
U02125,2026-04-02,Singapore,Tablet
U02126,2026-01-06,Singapore,Mobile
U02127,2025-11-11,India,Tablet
U02128,2026-07-11,India,Desktop
U02129,2025-10-07,Singapore,Desktop
U02130,2025-08-12,UAE,Desktop
U02131,2026-06-24,UAE,Tablet
U02132,2025-07-24,UAE,Tablet
U02133,2026-05-03,Singapore,Desktop
U02134,2026-06-21,India,Mobile
U02135,2026-01-30,UK,Desktop
U02136,2025-11-19,USA,Tablet
U02137,2025-08-04,Singapore,Tablet
U02138,2025-11-20,UAE,Mobile
U02139,2026-03-03,UAE,Desktop
U02140,2026-01-02,USA,Mobile
U02141,2026-03-15,UAE,Desktop
U02142,2025-12-06,UK,Mobile
U02143,2026-01-09,UK,Desktop
U02144,2026-01-18,UK,Desktop
U02145,2026-02-09,UAE,Tablet
U02146,2025-08-19,India,Mobile
U02147,2025-12-25,USA,Desktop
U02148,2026-03-01,UAE,Desktop
U02149,2025-11-03,UK,Tablet
U02150,2026-03-28,UAE,Tablet
U02151,2026-05-27,India,Mobile
U02152,2026-05-17,UAE,Mobile
U02153,2026-04-16,UAE,Tablet
U02154,2025-09-16,UAE,Tablet
U02155,2025-08-28,UK,Mobile
U02156,2026-01-10,Singapore,Mobile
U02157,2025-08-29,India,Desktop
U02158,2026-02-22,Singapore,Desktop
U02159,2025-08-05,USA,Tablet
U02160,2025-07-20,Singapore,Mobile
U02161,2025-09-23,USA,Mobile
U02162,2026-05-31,USA,Mobile
U02163,2025-10-16,USA,Mobile
U02164,2025-10-25,UAE,Mobile
U02165,2025-08-09,UK,Tablet
U02166,2025-09-23,USA,Desktop
U02167,2025-09-09,UK,Desktop
U02168,2025-11-16,Singapore,Desktop
U02169,2025-11-28,India,Tablet
U02170,2026-01-18,India,Mobile
U02171,2026-05-13,UK,Desktop
U02172,2026-01-30,Singapore,Desktop
U02173,2025-11-09,USA,Desktop
U02174,2025-10-23,Singapore,Tablet
U02175,2025-10-29,UK,Desktop
U02176,2026-01-22,USA,Desktop
U02177,2025-08-30,India,Desktop
U02178,2026-03-31,India,Desktop
U02179,2026-05-26,India,Mobile
U02180,2026-02-27,Singapore,Mobile
U02181,2026-06-25,USA,Tablet
U02182,2026-02-11,USA,Tablet
U02183,2025-08-25,USA,Desktop
U02184,2026-05-01,UAE,Tablet
U02185,2026-02-17,India,Tablet
U02186,2026-06-02,India,Desktop
U02187,2026-03-20,USA,Tablet
U02188,2026-01-13,USA,Tablet
U02189,2026-01-12,India,Mobile
U02190,2025-09-23,UK,Tablet
U02191,2026-01-01,UK,Tablet
U02192,2025-09-25,UK,Desktop
U02193,2025-11-25,UAE,Desktop
U02194,2025-11-02,UAE,Desktop
U02195,2026-06-22,USA,Desktop
U02196,2025-12-09,UK,Tablet
U02197,2026-05-15,Singapore,Tablet
U02198,2026-03-24,UAE,Tablet
U02199,2026-03-08,India,Mobile
U02200,2026-02-16,Singapore,Tablet
U02201,2026-01-24,UK,Tablet
U02202,2025-11-22,Singapore,Tablet
U02203,2026-07-15,UK,Desktop
U02204,2025-12-13,India,Desktop
U02205,2025-07-19,India,Desktop
U02206,2025-12-11,UK,Tablet
U02207,2026-06-13,UK,Desktop
U02208,2026-01-26,UK,Tablet
U02209,2025-12-10,UK,Mobile
U02210,2026-04-24,USA,Tablet
U02211,2026-01-03,USA,Mobile
U02212,2026-06-10,Singapore,Desktop
U02213,2025-11-12,UK,Tablet
U02214,2026-07-14,USA,Tablet
U02215,2026-05-21,India,Tablet
U02216,2026-03-06,UAE,Desktop
U02217,2025-10-25,UK,Desktop
U02218,2025-12-19,UAE,Desktop
U02219,2026-05-17,India,Tablet
U02220,2026-05-31,Singapore,Mobile
U02221,2025-07-30,UK,Tablet
U02222,2025-07-20,USA,Tablet
U02223,2025-10-03,Singapore,Tablet
U02224,2026-06-07,UAE,Tablet
U02225,2026-01-20,UK,Tablet
U02226,2025-08-03,UK,Mobile
U02227,2026-05-10,Singapore,Mobile
U02228,2026-05-24,UK,Mobile
U02229,2025-09-03,UAE,Mobile
U02230,2026-04-08,UK,Tablet
U02231,2025-08-12,Singapore,Mobile
U02232,2026-04-11,UK,Tablet
U02233,2026-01-31,India,Mobile
U02234,2025-09-01,UK,Mobile
U02235,2025-10-19,UK,Desktop
U02236,2026-05-06,UK,Desktop
U02237,2025-08-05,UK,Tablet
U02238,2026-05-01,UK,Desktop
U02239,2025-08-17,India,Desktop
U02240,2026-01-08,India,Tablet
U02241,2026-05-31,Singapore,Tablet
U02242,2025-09-12,Singapore,Mobile
U02243,2026-07-14,UAE,Mobile
U02244,2026-04-14,Singapore,Mobile
U02245,2026-04-04,UAE,Tablet
U02246,2025-11-01,UK,Desktop
U02247,2025-09-06,India,Mobile
U02248,2025-10-25,USA,Mobile
U02249,2025-08-04,UK,Desktop
U02250,2025-08-02,Singapore,Desktop
U02251,2026-05-12,USA,Desktop
U02252,2025-08-08,USA,Mobile
U02253,2025-12-04,UAE,Desktop
U02254,2026-05-16,USA,Desktop
U02255,2025-08-25,India,Mobile
U02256,2025-10-06,UAE,Desktop
U02257,2026-05-20,USA,Mobile
U02258,2025-10-17,Singapore,Mobile
U02259,2025-10-11,UAE,Mobile
U02260,2026-04-17,USA,Tablet
U02261,2026-04-18,UAE,Tablet
U02262,2025-12-15,UAE,Desktop
U02263,2026-05-16,UAE,Desktop
U02264,2026-07-11,UAE,Mobile
U02265,2026-06-26,India,Tablet
U02266,2025-12-04,USA,Tablet
U02267,2026-02-03,UK,Mobile
U02268,2025-07-28,UK,Tablet
U02269,2026-04-26,USA,Mobile
U02270,2026-04-01,India,Tablet
U02271,2025-07-26,USA,Mobile
U02272,2026-06-27,UK,Desktop
U02273,2026-02-14,USA,Mobile
U02274,2025-08-06,UAE,Tablet
U02275,2025-12-17,Singapore,Desktop
U02276,2026-06-25,USA,Mobile
U02277,2025-09-28,India,Desktop
U02278,2026-05-15,UK,Desktop
U02279,2025-11-11,Singapore,Tablet
U02280,2025-09-27,Singapore,Desktop
U02281,2026-03-02,UAE,Tablet
U02282,2025-08-11,USA,Desktop
U02283,2025-10-19,UAE,Desktop
U02284,2026-06-25,USA,Mobile
U02285,2025-12-16,UAE,Mobile
U02286,2025-09-27,USA,Mobile
U02287,2026-02-12,USA,Mobile
U02288,2026-07-05,India,Tablet
U02289,2025-10-08,Singapore,Mobile
U02290,2025-09-21,India,Desktop
U02291,2025-12-17,India,Desktop
U02292,2025-10-22,UK,Tablet
U02293,2026-06-11,Singapore,Mobile
U02294,2025-10-23,Singapore,Mobile
U02295,2025-09-07,India,Tablet
U02296,2025-11-14,India,Mobile
U02297,2026-06-10,India,Desktop
U02298,2026-03-22,UAE,Desktop
U02299,2025-11-29,India,Tablet
U02300,2025-11-01,UK,Desktop
U02301,2026-07-05,USA,Mobile
U02302,2025-08-04,India,Desktop
U02303,2026-03-10,UAE,Tablet
U02304,2025-11-08,India,Tablet
U02305,2025-12-03,Singapore,Desktop
U02306,2025-10-26,Singapore,Tablet
U02307,2026-03-23,USA,Desktop
U02308,2025-08-05,India,Tablet
U02309,2026-01-26,Singapore,Mobile
U02310,2026-05-19,UK,Mobile
U02311,2025-08-02,India,Desktop
U02312,2025-12-14,USA,Tablet
U02313,2025-10-29,USA,Desktop
U02314,2025-12-09,Singapore,Mobile
U02315,2026-01-06,UK,Tablet
U02316,2026-02-04,UAE,Desktop
U02317,2025-08-19,USA,Mobile
U02318,2025-12-21,Singapore,Desktop
U02319,2025-11-04,USA,Tablet
U02320,2025-08-15,UAE,Desktop
U02321,2025-07-20,USA,Mobile
U02322,2026-03-17,India,Tablet
U02323,2026-06-25,India,Mobile
U02324,2025-12-26,Singapore,Tablet
U02325,2025-09-10,UAE,Mobile
U02326,2026-03-18,India,Tablet
U02327,2025-10-26,India,Tablet
U02328,2025-08-09,India,Desktop
U02329,2025-09-25,USA,Desktop
U02330,2025-10-01,UK,Desktop
U02331,2025-12-04,UAE,Mobile
U02332,2026-05-23,India,Mobile
U02333,2026-03-03,India,Desktop
U02334,2025-08-26,UK,Tablet
U02335,2025-12-05,UK,Desktop
U02336,2026-04-12,India,Mobile
U02337,2025-09-04,India,Mobile
U02338,2025-11-12,USA,Tablet
U02339,2026-05-29,USA,Desktop
U02340,2026-02-27,UK,Desktop
U02341,2025-10-19,Singapore,Desktop
U02342,2026-05-24,India,Desktop
U02343,2025-09-04,UK,Mobile
U02344,2025-12-20,India,Desktop
U02345,2025-07-28,UAE,Desktop
U02346,2025-12-05,UK,Desktop
U02347,2026-05-21,UAE,Desktop
U02348,2025-12-28,USA,Mobile
U02349,2026-02-22,USA,Tablet
U02350,2026-04-18,India,Mobile
U02351,2026-01-01,India,Desktop
U02352,2026-01-30,Singapore,Desktop
U02353,2026-01-24,Singapore,Tablet
U02354,2026-05-05,UAE,Mobile
U02355,2025-09-24,Singapore,Desktop
U02356,2025-12-31,UK,Tablet
U02357,2025-10-11,India,Tablet
U02358,2026-06-07,USA,Desktop
U02359,2026-06-27,UAE,Mobile
U02360,2025-12-16,UAE,Desktop
U02361,2026-03-26,India,Mobile
U02362,2025-10-03,UK,Tablet
U02363,2026-01-12,UK,Mobile
U02364,2026-03-26,Singapore,Tablet
U02365,2025-12-01,Singapore,Tablet
U02366,2026-02-28,Singapore,Mobile
U02367,2026-01-01,UK,Tablet
U02368,2025-09-14,Singapore,Tablet
U02369,2025-11-07,Singapore,Mobile
U02370,2025-07-23,UAE,Tablet
U02371,2025-11-26,USA,Desktop
U02372,2026-06-10,UK,Tablet
U02373,2025-10-29,UAE,Mobile
U02374,2026-03-02,Singapore,Tablet
U02375,2025-11-10,India,Mobile
U02376,2026-03-15,USA,Tablet
U02377,2025-11-10,UAE,Desktop
U02378,2026-01-19,USA,Mobile
U02379,2025-07-29,UAE,Desktop
U02380,2026-05-13,USA,Desktop
U02381,2026-01-25,UK,Mobile
U02382,2026-03-09,Singapore,Mobile
U02383,2025-11-03,Singapore,Tablet
U02384,2026-05-02,UAE,Desktop
U02385,2026-06-21,USA,Mobile
U02386,2026-04-29,UAE,Desktop
U02387,2026-02-01,Singapore,Desktop
U02388,2026-02-08,India,Desktop
U02389,2025-08-25,UAE,Desktop
U02390,2026-06-23,India,Desktop
U02391,2025-08-11,India,Mobile
U02392,2026-03-04,UAE,Desktop
U02393,2026-02-12,India,Tablet
U02394,2026-01-26,Singapore,Mobile
U02395,2026-06-15,India,Tablet
U02396,2026-03-28,Singapore,Tablet
U02397,2026-02-09,UK,Tablet
U02398,2026-03-18,Singapore,Mobile
U02399,2025-07-26,UAE,Desktop
U02400,2025-07-23,UK,Mobile
U02401,2026-07-11,USA,Desktop
U02402,2025-07-21,UK,Tablet
U02403,2025-12-02,Singapore,Tablet
U02404,2025-12-09,UAE,Tablet
U02405,2025-09-19,UK,Tablet
U02406,2025-07-26,UAE,Mobile
U02407,2026-03-25,India,Tablet
U02408,2026-06-28,USA,Mobile
U02409,2025-12-05,UK,Desktop
U02410,2026-03-08,UK,Tablet
U02411,2026-05-08,Singapore,Desktop
U02412,2026-04-05,India,Mobile
U02413,2026-04-24,USA,Desktop
U02414,2026-02-06,USA,Tablet
U02415,2026-05-25,UAE,Mobile
U02416,2025-10-20,UK,Tablet
U02417,2026-01-18,USA,Mobile
U02418,2026-01-11,India,Desktop
U02419,2025-12-26,USA,Desktop
U02420,2026-07-05,USA,Tablet
U02421,2026-06-07,UK,Mobile
U02422,2025-11-03,UAE,Mobile
U02423,2025-08-10,Singapore,Mobile
U02424,2026-01-27,UAE,Desktop
U02425,2025-09-29,Singapore,Tablet
U02426,2026-05-04,USA,Desktop
U02427,2025-10-15,India,Tablet
U02428,2025-11-29,India,Tablet
U02429,2026-05-06,UAE,Tablet
U02430,2025-11-07,UAE,Tablet
U02431,2026-02-24,USA,Tablet
U02432,2026-05-07,Singapore,Mobile
U02433,2025-11-02,USA,Mobile
U02434,2025-09-01,UAE,Tablet
U02435,2026-03-11,Singapore,Tablet
U02436,2026-01-01,UK,Tablet
U02437,2025-09-27,UAE,Desktop
U02438,2026-07-05,Singapore,Tablet
U02439,2026-02-23,USA,Desktop
U02440,2025-11-11,UAE,Desktop
U02441,2026-03-22,UK,Desktop
U02442,2026-03-07,USA,Mobile
U02443,2026-05-05,UAE,Tablet
U02444,2025-11-21,Singapore,Desktop
U02445,2026-05-29,Singapore,Desktop
U02446,2025-12-25,Singapore,Tablet
U02447,2025-10-11,USA,Mobile
U02448,2026-05-05,USA,Tablet
U02449,2026-04-05,UK,Tablet
U02450,2025-09-01,UK,Tablet
U02451,2025-08-28,USA,Tablet
U02452,2026-01-05,USA,Tablet
U02453,2025-10-31,Singapore,Tablet
U02454,2025-08-14,UK,Tablet
U02455,2025-07-30,India,Desktop
U02456,2025-08-16,Singapore,Desktop
U02457,2026-01-20,Singapore,Tablet
U02458,2025-08-04,UAE,Tablet
U02459,2026-03-03,Singapore,Desktop
U02460,2026-04-27,UAE,Mobile
U02461,2026-04-13,Singapore,Mobile
U02462,2026-05-24,India,Desktop
U02463,2026-04-29,USA,Mobile
U02464,2025-09-11,India,Mobile
U02465,2025-08-11,UK,Mobile
U02466,2025-12-07,UK,Tablet
U02467,2026-04-24,UK,Mobile
U02468,2026-06-02,India,Tablet
U02469,2025-08-22,UK,Mobile
U02470,2025-10-29,Singapore,Mobile
U02471,2026-06-25,UK,Desktop
U02472,2025-10-24,India,Tablet
U02473,2025-08-29,Singapore,Mobile
U02474,2026-05-27,Singapore,Desktop
U02475,2025-08-07,USA,Tablet
U02476,2026-04-05,UK,Tablet
U02477,2026-05-16,India,Desktop
U02478,2026-01-04,UAE,Desktop
U02479,2026-04-10,UK,Tablet
U02480,2025-11-26,India,Mobile
U02481,2025-11-04,UK,Mobile
U02482,2025-11-18,Singapore,Desktop
U02483,2026-03-15,USA,Tablet
U02484,2025-08-14,UK,Tablet
U02485,2026-05-27,Singapore,Tablet
U02486,2025-08-29,Singapore,Mobile
U02487,2025-12-28,USA,Desktop
U02488,2025-07-25,UAE,Mobile
U02489,2025-12-29,India,Mobile
U02490,2026-03-30,USA,Tablet
U02491,2026-01-29,Singapore,Mobile
U02492,2025-11-03,UAE,Mobile
U02493,2026-04-08,UAE,Desktop
U02494,2026-01-28,Singapore,Desktop
U02495,2025-08-26,USA,Mobile
U02496,2026-07-09,Singapore,Desktop
U02497,2026-03-27,India,Desktop
U02498,2026-07-15,UAE,Tablet
U02499,2026-02-12,USA,Mobile
U02500,2025-11-22,USA,Desktop
U02501,2025-12-25,Singapore,Mobile
U02502,2025-07-24,Singapore,Tablet
U02503,2025-09-08,UK,Desktop
U02504,2025-11-19,Singapore,Tablet
U02505,2026-01-14,UK,Mobile
U02506,2025-10-29,UK,Tablet
U02507,2026-03-17,USA,Mobile
U02508,2026-04-21,Singapore,Mobile
U02509,2026-07-03,Singapore,Mobile
U02510,2026-02-21,UAE,Tablet
U02511,2026-05-31,Singapore,Desktop
U02512,2025-12-24,India,Desktop
U02513,2026-03-06,USA,Mobile
U02514,2025-11-24,UK,Desktop
U02515,2025-10-30,UK,Desktop
U02516,2025-12-10,USA,Tablet
U02517,2025-09-26,Singapore,Desktop
U02518,2026-02-09,Singapore,Tablet
U02519,2025-11-01,India,Mobile
U02520,2025-11-11,UK,Desktop
U02521,2026-06-14,USA,Tablet
U02522,2025-10-15,Singapore,Tablet
U02523,2025-10-14,USA,Mobile
U02524,2026-07-06,UK,Desktop
U02525,2026-01-31,India,Desktop
U02526,2026-05-24,UK,Tablet
U02527,2025-11-03,UK,Mobile
U02528,2026-04-03,Singapore,Desktop
U02529,2026-04-02,Singapore,Tablet
U02530,2026-02-24,UAE,Desktop
U02531,2025-08-05,India,Desktop
U02532,2026-02-14,USA,Desktop
U02533,2026-02-02,Singapore,Mobile
U02534,2026-05-02,India,Mobile
U02535,2026-03-07,Singapore,Tablet
U02536,2025-12-11,India,Tablet
U02537,2025-12-15,India,Mobile
U02538,2026-02-14,USA,Tablet
U02539,2026-05-24,UAE,Mobile
U02540,2026-02-26,USA,Tablet
U02541,2026-05-21,UAE,Tablet
U02542,2026-04-02,India,Tablet
U02543,2025-10-15,USA,Mobile
U02544,2026-02-03,UAE,Tablet
U02545,2026-02-21,UK,Mobile
U02546,2026-01-16,India,Mobile
U02547,2026-06-13,India,Mobile
U02548,2026-05-01,UK,Tablet
U02549,2026-01-02,India,Tablet
U02550,2026-03-05,USA,Desktop
U02551,2025-07-25,UAE,Desktop
U02552,2026-04-27,UAE,Tablet
U02553,2026-05-29,UAE,Desktop
U02554,2025-10-21,UK,Mobile
U02555,2026-07-10,UAE,Tablet
U02556,2025-11-28,India,Tablet
U02557,2026-01-09,India,Tablet
U02558,2026-03-22,Singapore,Mobile
U02559,2026-04-04,Singapore,Mobile
U02560,2026-04-06,India,Desktop
U02561,2025-12-10,Singapore,Mobile
U02562,2025-11-20,UK,Tablet
U02563,2026-03-08,UK,Tablet
U02564,2026-06-08,India,Desktop
U02565,2026-02-08,UAE,Desktop
U02566,2026-06-25,UAE,Tablet
U02567,2026-01-31,India,Desktop
U02568,2026-06-06,USA,Tablet
U02569,2025-07-22,USA,Mobile
U02570,2025-11-26,UAE,Tablet
U02571,2026-07-10,UK,Tablet
U02572,2026-03-09,USA,Desktop
U02573,2025-09-18,UK,Mobile
U02574,2026-02-28,Singapore,Tablet
U02575,2026-06-14,USA,Mobile
U02576,2026-03-11,India,Mobile
U02577,2025-11-10,Singapore,Tablet
U02578,2025-12-03,UAE,Tablet
U02579,2026-02-28,Singapore,Mobile
U02580,2025-08-09,UK,Mobile
U02581,2026-02-14,UK,Mobile
U02582,2026-05-23,UAE,Tablet
U02583,2025-11-24,Singapore,Mobile
U02584,2025-09-22,USA,Mobile
U02585,2026-03-06,USA,Tablet
U02586,2026-06-03,UK,Mobile
U02587,2025-10-21,India,Mobile
U02588,2026-03-07,Singapore,Mobile
U02589,2026-03-23,Singapore,Desktop
U02590,2026-03-12,Singapore,Mobile
U02591,2025-07-19,UK,Tablet
U02592,2026-01-29,India,Desktop
U02593,2025-11-20,India,Mobile
U02594,2025-11-16,Singapore,Desktop
U02595,2025-12-16,UK,Desktop
U02596,2026-05-22,USA,Tablet
U02597,2026-01-23,USA,Mobile
U02598,2025-08-23,UK,Tablet
U02599,2025-11-05,India,Mobile
U02600,2025-09-25,UK,Desktop
U02601,2026-07-12,UAE,Desktop
U02602,2026-01-29,Singapore,Tablet
U02603,2026-03-16,UK,Tablet
U02604,2025-07-23,Singapore,Mobile
U02605,2026-02-02,Singapore,Tablet
U02606,2025-09-03,UK,Desktop
U02607,2025-08-17,UAE,Mobile
U02608,2026-03-19,India,Desktop
U02609,2026-07-07,USA,Mobile
U02610,2025-08-28,UAE,Desktop
U02611,2025-10-13,UK,Mobile
U02612,2026-04-27,UK,Desktop
U02613,2026-02-10,UAE,Desktop
U02614,2025-09-01,UK,Desktop
U02615,2026-05-28,UAE,Tablet
U02616,2026-01-09,India,Mobile
U02617,2025-11-25,Singapore,Mobile
U02618,2026-06-26,UK,Mobile
U02619,2026-01-30,Singapore,Mobile
U02620,2026-05-28,UK,Tablet
U02621,2026-06-17,India,Tablet
U02622,2025-11-29,India,Mobile
U02623,2026-07-11,Singapore,Tablet
U02624,2026-03-27,India,Tablet
U02625,2026-04-21,Singapore,Desktop
U02626,2025-09-15,Singapore,Mobile
U02627,2026-06-09,India,Tablet
U02628,2025-10-17,UK,Tablet
U02629,2026-01-05,Singapore,Desktop
U02630,2025-07-25,USA,Desktop
U02631,2025-08-23,UAE,Mobile
U02632,2026-04-08,Singapore,Tablet
U02633,2025-10-12,UK,Mobile
U02634,2026-05-16,UAE,Tablet
U02635,2026-05-25,Singapore,Mobile
U02636,2026-02-22,UAE,Desktop
U02637,2026-05-10,Singapore,Mobile
U02638,2025-10-28,USA,Tablet
U02639,2026-03-31,USA,Tablet
U02640,2026-05-03,USA,Desktop
U02641,2025-11-04,USA,Mobile
U02642,2026-04-17,Singapore,Tablet
U02643,2026-05-20,USA,Tablet
U02644,2026-01-24,UAE,Desktop
U02645,2026-04-20,India,Mobile
U02646,2025-12-23,UAE,Mobile
U02647,2026-02-01,India,Desktop
U02648,2025-09-16,UK,Mobile
U02649,2025-08-04,India,Tablet
U02650,2026-05-27,USA,Tablet
U02651,2026-01-11,UK,Desktop
U02652,2025-08-31,UAE,Desktop
U02653,2025-09-02,India,Mobile
U02654,2025-09-27,UK,Mobile
U02655,2026-01-14,Singapore,Tablet
U02656,2026-01-04,UK,Tablet
U02657,2025-11-11,UK,Tablet
U02658,2025-08-28,Singapore,Tablet
U02659,2026-03-16,USA,Desktop
U02660,2026-02-07,UAE,Desktop
U02661,2025-12-23,Singapore,Tablet
U02662,2025-08-31,India,Tablet
U02663,2025-11-24,UK,Desktop
U02664,2026-05-21,USA,Tablet
U02665,2026-05-09,UAE,Desktop
U02666,2025-11-30,UK,Desktop
U02667,2025-11-21,UAE,Tablet
U02668,2026-02-28,India,Tablet
U02669,2025-12-01,USA,Desktop
U02670,2026-07-06,USA,Mobile
U02671,2026-01-12,India,Tablet
U02672,2026-05-09,UK,Mobile
U02673,2026-02-15,USA,Mobile
U02674,2026-03-29,USA,Desktop
U02675,2026-06-26,Singapore,Tablet
U02676,2026-03-24,India,Tablet
U02677,2025-12-21,USA,Desktop
U02678,2025-12-25,UK,Tablet
U02679,2025-11-23,India,Desktop
U02680,2026-03-25,UAE,Desktop
U02681,2025-10-28,USA,Tablet
U02682,2025-10-22,USA,Tablet
U02683,2026-01-28,UAE,Mobile
U02684,2026-02-22,USA,Mobile
U02685,2026-04-19,USA,Tablet
U02686,2026-06-11,Singapore,Mobile
U02687,2026-01-30,USA,Tablet
U02688,2026-04-03,Singapore,Mobile
U02689,2025-10-11,Singapore,Mobile
U02690,2026-02-05,India,Mobile
U02691,2026-02-15,UK,Mobile
U02692,2026-02-17,Singapore,Desktop
U02693,2025-11-25,Singapore,Tablet
U02694,2025-08-07,India,Tablet
U02695,2026-01-21,UK,Mobile
U02696,2026-01-31,USA,Desktop
U02697,2026-06-14,Singapore,Desktop
U02698,2026-03-17,UAE,Mobile
U02699,2025-09-04,USA,Desktop
U02700,2026-04-12,Singapore,Mobile
U02701,2025-12-10,Singapore,Mobile
U02702,2025-11-06,Singapore,Tablet
U02703,2025-12-23,Singapore,Desktop
U02704,2026-06-06,USA,Tablet
U02705,2026-06-16,UK,Desktop
U02706,2025-11-13,Singapore,Tablet
U02707,2026-05-04,India,Mobile
U02708,2026-04-30,UAE,Desktop
U02709,2025-07-29,USA,Mobile
U02710,2026-06-29,India,Mobile
U02711,2026-07-06,Singapore,Tablet
U02712,2025-10-17,UAE,Mobile
U02713,2026-05-14,Singapore,Mobile
U02714,2025-08-16,USA,Desktop
U02715,2025-08-04,Singapore,Tablet
U02716,2026-04-02,India,Tablet
U02717,2026-06-23,Singapore,Mobile
U02718,2025-12-25,India,Desktop
U02719,2026-01-30,USA,Tablet
U02720,2026-03-13,Singapore,Mobile
U02721,2026-07-08,UAE,Tablet
U02722,2025-12-26,UAE,Desktop
U02723,2026-06-18,India,Tablet
U02724,2026-01-18,Singapore,Desktop
U02725,2026-02-04,USA,Desktop
U02726,2026-04-12,UAE,Desktop
U02727,2025-12-11,Singapore,Tablet
U02728,2026-03-23,Singapore,Mobile
U02729,2026-03-01,UAE,Mobile
U02730,2025-09-04,UK,Desktop
U02731,2026-02-16,USA,Mobile
U02732,2026-03-11,UK,Tablet
U02733,2026-05-17,Singapore,Desktop
U02734,2026-06-28,UK,Mobile
U02735,2025-11-26,India,Tablet
U02736,2026-01-10,India,Tablet
U02737,2026-07-05,Singapore,Mobile
U02738,2025-09-01,Singapore,Mobile
U02739,2026-03-20,UAE,Tablet
U02740,2025-10-16,USA,Tablet
U02741,2025-11-23,UK,Desktop
U02742,2026-05-04,UK,Mobile
U02743,2026-01-03,USA,Desktop
U02744,2025-08-24,Singapore,Desktop
U02745,2026-06-14,UK,Tablet
U02746,2025-10-20,UAE,Tablet
U02747,2025-09-28,UK,Tablet
U02748,2025-10-07,UK,Tablet
U02749,2025-10-30,UAE,Mobile
U02750,2025-10-09,UAE,Tablet
U02751,2025-11-16,Singapore,Desktop
U02752,2025-08-29,USA,Desktop
U02753,2025-08-23,Singapore,Tablet
U02754,2026-02-13,UAE,Desktop
U02755,2025-10-03,UK,Tablet
U02756,2026-07-04,UK,Tablet
U02757,2026-06-03,UAE,Tablet
U02758,2026-05-01,USA,Tablet
U02759,2025-09-20,India,Tablet
U02760,2026-05-25,USA,Desktop
U02761,2026-05-04,USA,Mobile
U02762,2026-05-20,USA,Tablet
U02763,2026-03-14,UAE,Desktop
U02764,2026-04-21,Singapore,Tablet
U02765,2025-12-20,India,Mobile
U02766,2026-05-03,UAE,Tablet
U02767,2025-08-12,India,Mobile
U02768,2026-02-17,USA,Desktop
U02769,2025-10-15,Singapore,Desktop
U02770,2026-01-18,India,Mobile
U02771,2025-09-25,UK,Mobile
U02772,2025-10-13,UK,Mobile
U02773,2025-12-27,Singapore,Mobile
U02774,2025-10-17,UAE,Desktop
U02775,2026-02-05,Singapore,Tablet
U02776,2026-03-11,Singapore,Desktop
U02777,2026-04-13,Singapore,Mobile
U02778,2026-03-21,USA,Tablet
U02779,2026-06-04,UAE,Desktop
U02780,2025-10-08,India,Mobile
U02781,2026-06-05,Singapore,Desktop
U02782,2026-01-02,USA,Mobile
U02783,2026-01-08,Singapore,Tablet
U02784,2026-07-16,Singapore,Tablet
U02785,2026-03-29,USA,Tablet
U02786,2025-08-01,USA,Tablet
U02787,2026-07-11,India,Desktop
U02788,2026-07-02,USA,Tablet
U02789,2025-10-03,India,Mobile
U02790,2025-07-26,India,Desktop
U02791,2025-10-19,UAE,Desktop
U02792,2026-06-26,UAE,Desktop
U02793,2025-10-15,Singapore,Mobile
U02794,2026-02-07,Singapore,Mobile
U02795,2026-07-08,India,Mobile
U02796,2025-12-18,Singapore,Desktop
U02797,2026-01-16,Singapore,Tablet
U02798,2025-11-30,UK,Desktop
U02799,2026-02-18,UK,Mobile
U02800,2026-04-22,Singapore,Mobile
U02801,2026-02-08,UAE,Desktop
U02802,2026-03-30,Singapore,Mobile
U02803,2026-04-09,UK,Mobile
U02804,2026-02-15,UAE,Tablet
U02805,2025-09-28,India,Tablet
U02806,2025-09-20,India,Tablet
U02807,2025-09-20,UK,Desktop
U02808,2025-10-16,India,Tablet
U02809,2026-05-01,UK,Tablet
U02810,2026-04-18,Singapore,Desktop
U02811,2025-10-18,UAE,Desktop
U02812,2026-07-01,Singapore,Desktop
U02813,2026-06-30,USA,Desktop
U02814,2026-07-16,UAE,Tablet
U02815,2025-12-10,UAE,Tablet
U02816,2026-03-23,India,Desktop
U02817,2026-06-06,India,Desktop
U02818,2026-03-21,India,Desktop
U02819,2026-07-02,USA,Tablet
U02820,2026-06-30,USA,Desktop
U02821,2025-10-04,UAE,Desktop
U02822,2026-04-13,Singapore,Tablet
U02823,2025-12-03,India,Tablet
U02824,2025-10-14,UK,Mobile
U02825,2025-09-13,UK,Mobile
U02826,2026-06-12,UAE,Tablet
U02827,2026-05-02,UK,Mobile
U02828,2025-07-27,Singapore,Mobile
U02829,2025-12-14,UAE,Desktop
U02830,2026-01-07,UK,Mobile
U02831,2025-08-13,Singapore,Desktop
U02832,2026-05-06,USA,Tablet
U02833,2025-08-30,USA,Desktop
U02834,2026-01-04,USA,Mobile
U02835,2026-02-26,USA,Desktop
U02836,2026-01-29,USA,Mobile
U02837,2025-09-17,USA,Mobile
U02838,2026-04-21,Singapore,Desktop
U02839,2025-08-02,USA,Mobile
U02840,2026-02-12,India,Mobile
U02841,2025-11-02,UAE,Tablet
U02842,2026-04-03,India,Tablet
U02843,2026-07-14,India,Desktop
U02844,2025-10-07,UK,Tablet
U02845,2025-08-19,UK,Desktop
U02846,2025-10-11,Singapore,Desktop
U02847,2026-05-07,UAE,Mobile
U02848,2025-11-30,Singapore,Desktop
U02849,2026-02-21,UAE,Mobile
U02850,2025-09-01,Singapore,Mobile
U02851,2026-05-02,India,Tablet
U02852,2025-09-02,UAE,Desktop
U02853,2025-12-03,Singapore,Mobile
U02854,2026-03-28,Singapore,Desktop
U02855,2026-05-23,UAE,Tablet
U02856,2026-02-08,USA,Desktop
U02857,2026-07-05,India,Tablet
U02858,2026-05-13,Singapore,Desktop
U02859,2025-09-04,UK,Tablet
U02860,2026-03-05,India,Mobile
U02861,2026-01-15,USA,Desktop
U02862,2026-02-23,Singapore,Mobile
U02863,2025-09-07,UK,Desktop
U02864,2026-01-20,Singapore,Desktop
U02865,2025-12-15,USA,Tablet
U02866,2026-05-11,UK,Mobile
U02867,2025-11-19,UK,Desktop
U02868,2025-12-07,Singapore,Desktop
U02869,2025-12-25,UK,Mobile
U02870,2026-04-10,UAE,Desktop
U02871,2026-03-19,USA,Desktop
U02872,2026-01-07,UK,Desktop
U02873,2026-07-16,UAE,Desktop
U02874,2026-03-18,UAE,Mobile
U02875,2026-01-05,Singapore,Mobile
U02876,2025-12-20,Singapore,Tablet
U02877,2026-06-06,USA,Mobile
U02878,2025-08-15,UK,Mobile
U02879,2025-10-30,Singapore,Desktop
U02880,2025-08-02,UAE,Mobile
U02881,2025-08-31,USA,Tablet
U02882,2025-12-17,USA,Desktop
U02883,2025-09-13,India,Mobile
U02884,2025-09-10,UAE,Desktop
U02885,2026-07-01,USA,Tablet
U02886,2026-05-08,Singapore,Tablet
U02887,2026-05-25,UK,Desktop
U02888,2026-07-03,UK,Desktop
U02889,2026-06-23,Singapore,Tablet
U02890,2026-01-13,India,Desktop
U02891,2026-02-26,India,Tablet
U02892,2025-11-24,USA,Mobile
U02893,2026-03-10,USA,Desktop
U02894,2026-05-06,UAE,Tablet
U02895,2025-12-17,India,Desktop
U02896,2026-04-01,UK,Desktop
U02897,2026-05-31,UK,Desktop
U02898,2025-08-30,Singapore,Tablet
U02899,2026-02-06,UK,Desktop
U02900,2025-09-19,India,Desktop
U02901,2025-08-30,India,Desktop
U02902,2025-08-21,Singapore,Mobile
U02903,2026-06-22,Singapore,Tablet
U02904,2025-09-20,Singapore,Mobile
U02905,2025-08-23,UK,Desktop
U02906,2026-04-26,UK,Tablet
U02907,2025-11-12,Singapore,Desktop
U02908,2025-10-12,UAE,Mobile
U02909,2025-10-04,UAE,Tablet
U02910,2026-04-01,UK,Desktop
U02911,2025-08-20,USA,Mobile
U02912,2026-01-23,UK,Desktop
U02913,2025-09-29,Singapore,Tablet
U02914,2025-07-25,UAE,Mobile
U02915,2025-11-05,India,Mobile
U02916,2025-10-06,UK,Mobile
U02917,2026-05-04,UK,Desktop
U02918,2026-04-11,UK,Tablet
U02919,2025-11-21,UK,Tablet
U02920,2026-03-11,UAE,Desktop
U02921,2025-12-19,UAE,Desktop
U02922,2026-04-06,Singapore,Tablet
U02923,2026-07-03,UAE,Desktop
U02924,2025-08-28,USA,Mobile
U02925,2026-01-08,India,Mobile
U02926,2026-04-30,USA,Tablet
U02927,2025-07-31,UK,Tablet
U02928,2026-06-14,India,Mobile
U02929,2026-06-01,USA,Desktop
U02930,2026-04-04,India,Mobile
U02931,2026-06-28,India,Desktop
U02932,2025-08-11,Singapore,Mobile
U02933,2026-02-16,India,Desktop
U02934,2026-04-25,Singapore,Mobile
U02935,2026-03-22,India,Desktop
U02936,2026-04-04,Singapore,Mobile
U02937,2026-06-19,India,Tablet
U02938,2025-08-31,UAE,Desktop
U02939,2025-10-26,USA,Mobile
U02940,2026-03-31,UK,Desktop
U02941,2026-04-25,USA,Mobile
U02942,2025-09-19,Singapore,Mobile
U02943,2025-12-22,India,Mobile
U02944,2026-02-21,UK,Desktop
U02945,2026-02-06,UAE,Desktop
U02946,2026-07-16,Singapore,Desktop
U02947,2026-01-28,Singapore,Desktop
U02948,2026-02-03,USA,Tablet
U02949,2026-02-08,Singapore,Mobile
U02950,2025-09-27,Singapore,Tablet
U02951,2026-01-31,UAE,Tablet
U02952,2025-11-22,Singapore,Desktop
U02953,2026-05-04,Singapore,Tablet
U02954,2026-02-14,Singapore,Desktop
U02955,2026-03-30,UK,Desktop
U02956,2025-10-31,Singapore,Mobile
U02957,2025-08-14,India,Desktop
U02958,2026-01-15,UK,Desktop
U02959,2026-06-12,UAE,Desktop
U02960,2025-10-22,USA,Desktop
U02961,2026-05-29,India,Mobile
U02962,2026-01-07,Singapore,Mobile
U02963,2025-11-17,UK,Desktop
U02964,2025-09-23,UAE,Tablet
U02965,2026-05-09,India,Tablet
U02966,2026-07-02,UAE,Desktop
U02967,2025-12-13,UK,Mobile
U02968,2026-02-22,UAE,Desktop
U02969,2025-09-17,Singapore,Mobile
U02970,2026-05-07,India,Tablet
U02971,2026-04-03,UK,Mobile
U02972,2026-04-17,UAE,Tablet
U02973,2025-11-12,UAE,Desktop
U02974,2026-04-06,USA,Mobile
U02975,2025-08-08,UAE,Desktop
U02976,2026-01-24,USA,Desktop
U02977,2026-03-12,India,Desktop
U02978,2025-11-12,USA,Tablet
U02979,2026-06-17,Singapore,Tablet
U02980,2025-07-19,UK,Desktop
U02981,2025-10-10,Singapore,Desktop
U02982,2026-02-06,UAE,Mobile
U02983,2026-06-10,India,Mobile
U02984,2026-03-20,USA,Desktop
U02985,2025-10-24,India,Tablet
U02986,2026-06-28,UAE,Tablet
U02987,2025-11-12,UAE,Desktop
U02988,2026-04-25,Singapore,Desktop
U02989,2025-10-30,USA,Desktop
U02990,2026-05-03,India,Mobile
U02991,2025-10-01,India,Tablet
U02992,2025-08-02,India,Mobile
U02993,2026-04-25,India,Desktop
U02994,2026-04-15,UK,Mobile
U02995,2026-03-24,UAE,Tablet
U02996,2026-03-25,India,Mobile
U02997,2025-12-04,India,Mobile
U02998,2026-07-09,India,Desktop
U02999,2025-11-10,USA,Desktop
U03000,2025-12-21,UAE,Desktop
U03001,2026-03-27,UAE,Desktop
U03002,2026-03-07,UAE,Tablet
U03003,2025-09-29,India,Desktop
U03004,2025-07-20,India,Mobile
U03005,2026-06-01,India,Desktop
U03006,2025-10-04,UAE,Mobile
U03007,2025-07-26,Singapore,Desktop
U03008,2026-07-12,USA,Mobile
U03009,2026-02-21,UK,Desktop
U03010,2025-08-07,India,Mobile
U03011,2026-04-22,USA,Desktop
U03012,2026-02-09,UAE,Mobile
U03013,2025-08-31,India,Mobile
U03014,2026-05-14,UAE,Tablet
U03015,2026-05-30,India,Tablet
U03016,2025-10-18,USA,Desktop
U03017,2026-07-12,UAE,Tablet
U03018,2025-11-03,UK,Desktop
U03019,2026-05-11,USA,Tablet
U03020,2025-09-10,India,Tablet
U03021,2026-06-16,Singapore,Tablet
U03022,2025-07-27,India,Desktop
U03023,2026-03-30,UAE,Tablet
U03024,2025-12-19,UK,Mobile
U03025,2026-01-17,UK,Mobile
U03026,2026-07-07,USA,Mobile
U03027,2026-01-13,USA,Tablet
U03028,2025-11-24,UAE,Desktop
U03029,2026-03-27,India,Mobile
U03030,2025-12-04,UK,Tablet
U03031,2025-09-30,India,Desktop
U03032,2026-01-12,USA,Mobile
U03033,2026-04-28,India,Tablet
U03034,2026-07-06,UAE,Tablet
U03035,2026-04-23,Singapore,Mobile
U03036,2025-10-24,UK,Mobile
U03037,2025-12-12,USA,Mobile
U03038,2025-11-25,UAE,Mobile
U03039,2026-02-13,Singapore,Desktop
U03040,2026-04-15,India,Mobile
U03041,2026-02-17,UK,Tablet
U03042,2025-11-28,USA,Tablet
U03043,2026-05-21,Singapore,Mobile
U03044,2025-12-25,USA,Desktop
U03045,2025-11-13,USA,Desktop
U03046,2026-07-12,Singapore,Tablet
U03047,2026-01-15,UK,Desktop
U03048,2026-07-19,USA,Mobile
U03049,2026-06-08,UAE,Desktop
U03050,2026-04-23,USA,Desktop
U03051,2026-02-27,India,Desktop
U03052,2025-11-23,UAE,Tablet
U03053,2026-05-15,UK,Tablet
U03054,2025-08-05,UAE,Mobile
U03055,2026-05-29,Singapore,Mobile
U03056,2026-06-22,Singapore,Desktop
U03057,2025-11-04,UK,Tablet
U03058,2025-12-05,UAE,Desktop
U03059,2026-06-21,Singapore,Tablet
U03060,2026-07-03,USA,Mobile
U03061,2026-03-18,Singapore,Mobile
U03062,2025-12-16,UAE,Desktop
U03063,2025-11-30,UK,Tablet
U03064,2025-10-06,UK,Desktop
U03065,2026-06-16,India,Tablet
U03066,2026-04-11,Singapore,Desktop
U03067,2026-07-10,USA,Mobile
U03068,2026-03-30,Singapore,Desktop
U03069,2026-05-25,Singapore,Mobile
U03070,2025-07-21,UK,Tablet
U03071,2026-01-13,India,Tablet
U03072,2026-03-02,Singapore,Desktop
U03073,2026-07-14,USA,Tablet
U03074,2025-10-21,UAE,Tablet
U03075,2026-04-25,USA,Tablet
U03076,2025-10-10,UK,Desktop
U03077,2026-05-27,UAE,Tablet
U03078,2025-10-07,UK,Mobile
U03079,2025-12-02,India,Tablet
U03080,2026-06-26,India,Mobile
U03081,2025-08-26,USA,Mobile
U03082,2026-03-29,India,Mobile
U03083,2026-04-22,India,Desktop
U03084,2025-08-09,USA,Mobile
U03085,2025-11-19,India,Tablet
U03086,2026-05-04,UAE,Tablet
U03087,2025-12-05,UAE,Tablet
U03088,2025-09-20,Singapore,Tablet
U03089,2025-12-01,Singapore,Desktop
U03090,2026-07-06,India,Desktop
U03091,2025-08-12,USA,Tablet
U03092,2025-12-16,India,Mobile
U03093,2026-06-17,USA,Tablet
U03094,2026-05-27,UAE,Mobile
U03095,2026-03-29,UAE,Tablet
U03096,2026-07-05,India,Desktop
U03097,2025-12-26,Singapore,Tablet
U03098,2025-11-06,UAE,Desktop
U03099,2026-01-25,India,Tablet
U03100,2025-09-17,UK,Tablet
U03101,2026-02-14,India,Tablet
U03102,2025-09-13,India,Desktop
U03103,2025-10-07,India,Mobile
U03104,2025-11-05,Singapore,Mobile
U03105,2025-10-11,India,Tablet
U03106,2026-04-12,USA,Tablet
U03107,2026-03-05,UAE,Mobile
U03108,2025-09-01,USA,Tablet
U03109,2026-03-19,USA,Tablet
U03110,2026-03-16,USA,Tablet
U03111,2025-09-28,Singapore,Desktop
U03112,2026-04-09,India,Tablet
U03113,2026-07-15,Singapore,Desktop
U03114,2025-11-30,UAE,Tablet
U03115,2026-05-10,UAE,Mobile
U03116,2025-07-20,USA,Mobile
U03117,2025-12-27,Singapore,Desktop
U03118,2026-05-15,Singapore,Desktop
U03119,2025-08-13,USA,Tablet
U03120,2025-11-06,Singapore,Desktop
U03121,2026-04-29,UK,Desktop
U03122,2026-04-23,Singapore,Desktop
U03123,2026-05-12,UK,Desktop
U03124,2025-07-19,UAE,Tablet
U03125,2026-07-17,UK,Tablet
U03126,2026-03-28,USA,Tablet
U03127,2026-05-15,Singapore,Mobile
U03128,2025-09-20,UAE,Tablet
U03129,2026-02-15,UK,Desktop
U03130,2025-11-16,UAE,Desktop
U03131,2026-02-14,UAE,Mobile
U03132,2026-05-31,India,Desktop
U03133,2026-01-22,Singapore,Mobile
U03134,2025-09-30,Singapore,Mobile
U03135,2025-12-21,UK,Mobile
U03136,2025-12-21,UK,Mobile
U03137,2026-05-25,USA,Desktop
U03138,2025-09-17,India,Tablet
U03139,2025-10-03,UK,Tablet
U03140,2025-10-31,Singapore,Tablet
U03141,2025-12-08,Singapore,Tablet
U03142,2026-07-19,USA,Mobile
U03143,2026-05-30,India,Desktop
U03144,2025-08-07,UK,Mobile
U03145,2026-03-08,USA,Desktop
U03146,2025-07-23,UK,Tablet
U03147,2025-08-05,USA,Mobile
U03148,2025-12-17,UK,Desktop
U03149,2026-03-14,India,Tablet
U03150,2026-04-01,UAE,Tablet
U03151,2025-11-30,USA,Tablet
U03152,2026-02-10,India,Tablet
U03153,2025-09-10,UK,Desktop
U03154,2026-01-07,USA,Desktop
U03155,2026-07-17,Singapore,Mobile
U03156,2026-03-16,Singapore,Tablet
U03157,2026-01-07,UK,Mobile
U03158,2025-09-12,Singapore,Desktop
U03159,2026-05-15,India,Mobile
U03160,2026-03-04,UK,Desktop
U03161,2025-08-25,UAE,Desktop
U03162,2026-06-07,India,Mobile
U03163,2025-08-16,Singapore,Mobile
U03164,2026-02-27,UAE,Mobile
U03165,2025-10-28,UK,Tablet
U03166,2026-05-22,India,Desktop
U03167,2026-02-22,Singapore,Tablet
U03168,2025-09-16,USA,Desktop
U03169,2026-01-25,Singapore,Tablet
U03170,2026-01-07,USA,Mobile
U03171,2026-03-19,India,Tablet
U03172,2025-11-24,UAE,Desktop
U03173,2026-01-10,Singapore,Tablet
U03174,2025-11-17,Singapore,Mobile
U03175,2025-10-31,USA,Desktop
U03176,2025-09-26,UK,Desktop
U03177,2026-07-11,USA,Mobile
U03178,2025-09-04,UK,Mobile
U03179,2026-02-02,UAE,Tablet
U03180,2025-07-19,India,Tablet
U03181,2025-11-20,UAE,Desktop
U03182,2025-09-11,India,Desktop
U03183,2025-11-29,Singapore,Desktop
U03184,2026-06-02,USA,Mobile
U03185,2026-07-03,UAE,Tablet
U03186,2026-06-17,USA,Desktop
U03187,2026-03-08,UAE,Tablet
U03188,2025-12-14,Singapore,Mobile
U03189,2025-08-31,Singapore,Tablet
U03190,2025-12-05,Singapore,Mobile
U03191,2026-04-21,USA,Mobile
U03192,2026-01-30,UK,Desktop
U03193,2025-08-30,UK,Tablet
U03194,2025-11-23,Singapore,Mobile
U03195,2026-01-28,India,Tablet
U03196,2026-03-09,UAE,Desktop
U03197,2025-08-01,UK,Desktop
U03198,2026-07-08,USA,Desktop
U03199,2026-04-18,UK,Tablet
U03200,2025-12-01,India,Desktop
U03201,2025-11-19,USA,Desktop
U03202,2025-07-29,Singapore,Desktop
U03203,2025-10-19,Singapore,Mobile
U03204,2025-10-02,UAE,Mobile
U03205,2025-12-17,USA,Mobile
U03206,2025-09-15,UK,Mobile
U03207,2025-12-11,India,Mobile
U03208,2025-10-02,India,Mobile
U03209,2025-11-25,Singapore,Mobile
U03210,2026-01-12,UK,Mobile
U03211,2025-08-23,UK,Tablet
U03212,2025-11-07,India,Desktop
U03213,2025-11-03,UAE,Desktop
U03214,2025-08-23,India,Desktop
U03215,2026-04-28,USA,Tablet
U03216,2026-03-02,Singapore,Mobile
U03217,2026-04-06,USA,Tablet
U03218,2026-03-29,Singapore,Desktop
U03219,2025-10-22,Singapore,Desktop
U03220,2026-04-04,Singapore,Tablet
U03221,2025-11-22,USA,Tablet
U03222,2026-03-24,India,Desktop
U03223,2026-06-09,Singapore,Tablet
U03224,2026-02-24,Singapore,Mobile
U03225,2026-05-06,UK,Mobile
U03226,2026-06-13,India,Desktop
U03227,2025-09-22,USA,Tablet
U03228,2025-11-26,Singapore,Desktop
U03229,2026-02-26,India,Desktop
U03230,2026-07-08,India,Mobile
U03231,2026-04-13,UAE,Tablet
U03232,2026-02-21,UK,Tablet
U03233,2025-08-20,UK,Mobile
U03234,2026-06-17,India,Desktop
U03235,2025-09-30,UAE,Mobile
U03236,2026-02-26,UAE,Tablet
U03237,2026-02-05,India,Desktop
U03238,2026-02-08,UAE,Tablet
U03239,2026-02-13,Singapore,Mobile
U03240,2026-01-13,USA,Mobile
U03241,2026-05-24,Singapore,Desktop
U03242,2026-01-25,Singapore,Tablet
U03243,2026-04-07,India,Mobile
U03244,2026-04-20,USA,Tablet
U03245,2026-03-31,UK,Desktop
U03246,2026-01-16,UAE,Desktop
U03247,2025-09-23,USA,Mobile
U03248,2025-07-30,UK,Tablet
U03249,2026-04-27,UK,Desktop
U03250,2026-05-08,UK,Mobile
U03251,2026-07-10,Singapore,Desktop
U03252,2025-12-24,India,Tablet
U03253,2026-01-05,UK,Desktop
U03254,2026-05-22,India,Tablet
U03255,2026-02-14,UK,Mobile
U03256,2025-08-06,USA,Desktop
U03257,2026-05-24,UAE,Tablet
U03258,2025-11-10,USA,Mobile
U03259,2026-03-07,UAE,Tablet
U03260,2025-12-03,Singapore,Tablet
U03261,2026-06-19,USA,Desktop
U03262,2026-07-03,USA,Tablet
U03263,2026-05-17,USA,Desktop
U03264,2025-08-27,UK,Tablet
U03265,2026-05-27,UK,Desktop
U03266,2026-03-29,Singapore,Mobile
U03267,2026-05-06,USA,Tablet
U03268,2026-01-09,USA,Tablet
U03269,2026-03-12,Singapore,Tablet
U03270,2026-06-11,USA,Mobile
U03271,2026-05-16,UK,Tablet
U03272,2025-08-26,Singapore,Mobile
U03273,2025-08-18,UAE,Mobile
U03274,2025-07-26,Singapore,Mobile
U03275,2025-10-07,UK,Mobile
U03276,2025-08-07,Singapore,Tablet
U03277,2025-12-17,India,Mobile
U03278,2026-06-04,UK,Mobile
U03279,2026-04-14,India,Desktop
U03280,2026-07-11,UAE,Desktop
U03281,2025-09-26,UK,Desktop
U03282,2026-05-28,UK,Mobile
U03283,2026-03-19,USA,Mobile
U03284,2026-07-07,USA,Mobile
U03285,2025-08-01,India,Tablet
U03286,2025-12-20,Singapore,Desktop
U03287,2025-12-14,Singapore,Tablet
U03288,2025-09-14,Singapore,Mobile
U03289,2026-06-30,Singapore,Mobile
U03290,2026-03-09,USA,Tablet
U03291,2025-09-12,India,Desktop
U03292,2026-01-25,India,Tablet
U03293,2025-08-30,UAE,Mobile
U03294,2026-01-28,Singapore,Tablet
U03295,2026-02-18,UAE,Tablet
U03296,2026-01-20,UK,Mobile
U03297,2026-01-01,UAE,Desktop
U03298,2025-09-20,UAE,Mobile
U03299,2025-07-21,USA,Mobile
U03300,2025-10-27,USA,Mobile
U03301,2025-07-23,UAE,Mobile
U03302,2026-01-29,UK,Desktop
U03303,2026-05-07,USA,Tablet
U03304,2026-01-23,USA,Mobile
U03305,2025-11-02,India,Mobile
U03306,2026-01-17,UAE,Tablet
U03307,2026-03-26,UAE,Tablet
U03308,2025-10-14,UK,Desktop
U03309,2026-01-04,USA,Desktop
U03310,2026-03-05,UAE,Mobile
U03311,2025-08-20,Singapore,Tablet
U03312,2026-05-06,UAE,Tablet
U03313,2025-11-17,UK,Desktop
U03314,2026-04-05,Singapore,Tablet
U03315,2026-07-11,Singapore,Tablet
U03316,2025-12-25,Singapore,Tablet
U03317,2026-03-01,India,Tablet
U03318,2025-07-28,India,Desktop
U03319,2026-07-08,UAE,Mobile
U03320,2026-07-06,USA,Tablet
U03321,2025-10-02,Singapore,Desktop
U03322,2026-03-14,India,Tablet
U03323,2025-11-13,UAE,Tablet
U03324,2026-01-07,India,Mobile
U03325,2025-10-06,UK,Desktop
U03326,2026-04-21,UAE,Desktop
U03327,2025-09-21,UK,Desktop
U03328,2026-01-29,USA,Desktop
U03329,2026-02-09,UK,Tablet
U03330,2026-05-02,India,Tablet
U03331,2026-07-08,Singapore,Mobile
U03332,2026-01-19,UAE,Tablet
U03333,2025-07-31,UAE,Mobile
U03334,2025-11-14,Singapore,Mobile
U03335,2025-12-17,USA,Tablet
U03336,2026-01-13,Singapore,Mobile
U03337,2026-03-17,UAE,Desktop
U03338,2026-02-05,UK,Desktop
U03339,2025-09-19,India,Mobile
U03340,2026-06-04,UAE,Tablet
U03341,2026-06-18,USA,Desktop
U03342,2026-03-30,India,Desktop
U03343,2026-01-21,UK,Tablet
U03344,2025-08-17,USA,Tablet
U03345,2026-02-05,India,Mobile
U03346,2025-08-09,India,Tablet
U03347,2026-04-18,UAE,Tablet
U03348,2026-07-04,UK,Mobile
U03349,2025-11-07,Singapore,Tablet
U03350,2026-05-06,UAE,Tablet
U03351,2026-06-05,Singapore,Tablet
U03352,2025-11-16,USA,Desktop
U03353,2025-12-27,Singapore,Desktop
U03354,2026-02-10,India,Mobile
U03355,2025-12-23,UK,Tablet
U03356,2026-01-28,USA,Mobile
U03357,2025-07-23,USA,Mobile
U03358,2026-04-21,India,Desktop
U03359,2025-10-07,UK,Desktop
U03360,2025-09-04,UAE,Desktop
U03361,2025-09-18,USA,Mobile
U03362,2025-11-05,USA,Mobile
U03363,2025-09-13,India,Tablet
U03364,2025-09-08,UK,Mobile
U03365,2026-06-14,UAE,Desktop
U03366,2026-02-26,UAE,Tablet
U03367,2025-08-22,India,Tablet
U03368,2026-03-22,UAE,Mobile
U03369,2026-06-19,USA,Tablet
U03370,2026-03-08,UAE,Desktop
U03371,2026-06-04,UAE,Desktop
U03372,2025-10-20,India,Tablet
U03373,2025-10-21,Singapore,Mobile
U03374,2025-12-24,USA,Tablet
U03375,2026-07-10,UK,Tablet
U03376,2026-02-05,Singapore,Mobile
U03377,2025-09-19,India,Mobile
U03378,2025-07-25,USA,Mobile
U03379,2026-04-09,UK,Mobile
U03380,2026-01-15,USA,Mobile
U03381,2026-06-22,Singapore,Tablet
U03382,2026-05-08,UK,Desktop
U03383,2026-02-11,India,Mobile
U03384,2025-09-29,India,Desktop
U03385,2025-10-22,USA,Mobile
U03386,2025-12-02,UK,Tablet
U03387,2026-03-30,Singapore,Tablet
U03388,2026-03-04,Singapore,Mobile
U03389,2026-03-21,UAE,Tablet
U03390,2025-09-09,Singapore,Desktop
U03391,2025-10-03,India,Mobile
U03392,2026-04-08,UK,Desktop
U03393,2025-07-20,UK,Desktop
U03394,2026-01-24,India,Desktop
U03395,2025-08-15,Singapore,Mobile
U03396,2026-07-14,UK,Desktop
U03397,2026-01-06,USA,Mobile
U03398,2025-10-24,UK,Desktop
U03399,2026-05-30,Singapore,Desktop
U03400,2026-04-26,Singapore,Mobile
U03401,2025-08-02,USA,Tablet
U03402,2026-05-31,India,Mobile
U03403,2026-04-06,Singapore,Tablet
U03404,2026-05-25,Singapore,Mobile
U03405,2026-07-12,UAE,Tablet
U03406,2025-11-07,Singapore,Tablet
U03407,2026-02-07,UK,Desktop
U03408,2025-09-05,Singapore,Desktop
U03409,2025-12-18,UK,Tablet
U03410,2026-05-25,Singapore,Tablet
U03411,2026-05-08,UK,Mobile
U03412,2025-10-24,Singapore,Tablet
U03413,2026-02-04,UAE,Tablet
U03414,2026-07-01,UAE,Desktop
U03415,2026-06-12,USA,Tablet
U03416,2026-04-12,USA,Tablet
U03417,2026-05-23,UK,Mobile
U03418,2025-12-10,India,Mobile
U03419,2025-08-27,India,Desktop
U03420,2025-12-01,India,Tablet
U03421,2026-02-26,USA,Tablet
U03422,2026-01-16,UAE,Desktop
U03423,2025-10-19,India,Desktop
U03424,2025-11-03,UK,Tablet
U03425,2026-04-28,USA,Mobile
U03426,2025-08-22,USA,Tablet
U03427,2026-02-14,UK,Desktop
U03428,2025-10-24,India,Desktop
U03429,2025-12-31,UK,Tablet
U03430,2025-11-28,Singapore,Desktop
U03431,2025-12-05,India,Mobile
U03432,2026-07-17,UK,Desktop
U03433,2025-08-21,UAE,Tablet
U03434,2026-01-12,Singapore,Tablet
U03435,2026-02-02,India,Mobile
U03436,2026-06-01,USA,Desktop
U03437,2025-08-24,UK,Tablet
U03438,2025-11-12,UAE,Desktop
U03439,2026-01-19,India,Tablet
U03440,2025-12-24,USA,Desktop
U03441,2025-11-14,USA,Tablet
U03442,2026-04-22,UAE,Tablet
U03443,2025-10-14,UK,Desktop
U03444,2026-02-23,UAE,Tablet
U03445,2026-04-13,India,Tablet
U03446,2025-11-12,UK,Tablet
U03447,2026-01-30,UK,Tablet
U03448,2026-06-23,Singapore,Mobile
U03449,2026-05-17,USA,Tablet
U03450,2025-10-27,UK,Desktop
U03451,2026-02-28,India,Mobile
U03452,2025-07-25,UK,Mobile
U03453,2026-07-02,UK,Desktop
U03454,2026-03-02,Singapore,Mobile
U03455,2025-12-08,Singapore,Tablet
U03456,2025-08-13,UAE,Mobile
U03457,2026-06-27,Singapore,Mobile
U03458,2026-03-18,UK,Tablet
U03459,2026-04-18,UK,Tablet
U03460,2025-12-26,India,Desktop
U03461,2026-04-03,UAE,Mobile
U03462,2025-08-05,UAE,Mobile
U03463,2026-07-19,UK,Desktop
U03464,2026-05-23,UK,Mobile
U03465,2025-08-30,Singapore,Desktop
U03466,2026-06-13,USA,Mobile
U03467,2026-05-31,UK,Mobile
U03468,2025-08-01,USA,Mobile
U03469,2025-10-22,UAE,Tablet
U03470,2026-01-08,India,Desktop
U03471,2026-05-24,Singapore,Mobile
U03472,2026-01-07,USA,Desktop
U03473,2025-08-12,UAE,Tablet
U03474,2026-02-03,Singapore,Desktop
U03475,2026-02-08,UK,Mobile
U03476,2026-01-25,India,Tablet
U03477,2025-09-11,USA,Mobile
U03478,2025-12-31,India,Desktop
U03479,2026-05-21,UAE,Tablet
U03480,2025-08-01,Singapore,Mobile
U03481,2026-05-05,India,Desktop
U03482,2026-03-28,India,Tablet
U03483,2025-12-23,Singapore,Mobile
U03484,2025-10-09,UK,Desktop
U03485,2026-02-10,India,Mobile
U03486,2025-11-22,Singapore,Tablet
U03487,2025-09-10,UK,Mobile
U03488,2025-11-21,Singapore,Desktop
U03489,2026-03-24,USA,Desktop
U03490,2025-11-13,USA,Mobile
U03491,2025-09-21,UK,Desktop
U03492,2026-01-08,Singapore,Desktop
U03493,2025-10-02,UAE,Tablet
U03494,2025-09-21,India,Desktop
U03495,2025-12-05,USA,Mobile
U03496,2025-12-21,UK,Mobile
U03497,2026-02-13,India,Tablet
U03498,2025-10-10,Singapore,Tablet
U03499,2026-03-31,India,Mobile
U03500,2025-10-03,Singapore,Desktop
U03501,2025-11-13,Singapore,Desktop
U03502,2026-07-18,UK,Mobile
U03503,2026-01-26,UK,Tablet
U03504,2025-08-10,USA,Mobile
U03505,2026-04-14,India,Desktop
U03506,2025-12-23,Singapore,Desktop
U03507,2026-04-01,Singapore,Desktop
U03508,2025-09-10,India,Mobile
U03509,2026-03-06,India,Desktop
U03510,2025-07-28,India,Mobile
U03511,2026-01-18,UAE,Mobile
U03512,2025-11-24,India,Desktop
U03513,2026-01-15,UAE,Mobile
U03514,2026-07-17,Singapore,Tablet
U03515,2026-04-14,UAE,Tablet
U03516,2026-02-04,UK,Desktop
U03517,2026-07-17,UK,Mobile
U03518,2026-06-06,Singapore,Mobile
U03519,2026-06-07,UAE,Tablet
U03520,2026-01-07,USA,Mobile
U03521,2026-01-09,UAE,Mobile
U03522,2025-08-14,UAE,Desktop
U03523,2026-07-05,UAE,Desktop
U03524,2025-07-23,USA,Mobile
U03525,2026-05-31,USA,Tablet
U03526,2026-03-18,UK,Desktop
U03527,2025-08-01,UAE,Mobile
U03528,2026-02-03,UK,Desktop
U03529,2025-09-22,UAE,Desktop
U03530,2026-01-13,India,Mobile
U03531,2025-07-23,UAE,Mobile
U03532,2025-10-10,UK,Desktop
U03533,2026-04-05,UAE,Mobile
U03534,2026-06-29,UK,Desktop
U03535,2026-02-15,Singapore,Tablet
U03536,2026-02-06,USA,Tablet
U03537,2026-02-11,India,Desktop
U03538,2026-02-03,India,Desktop
U03539,2026-04-09,Singapore,Tablet
U03540,2025-08-14,India,Desktop
U03541,2026-03-12,Singapore,Desktop
U03542,2025-12-04,UAE,Tablet
U03543,2026-04-15,UAE,Mobile
U03544,2025-10-09,Singapore,Mobile
U03545,2025-10-02,Singapore,Mobile
U03546,2025-11-04,UAE,Desktop
U03547,2026-06-15,India,Desktop
U03548,2025-12-16,USA,Tablet
U03549,2025-12-16,Singapore,Desktop
U03550,2026-04-28,UAE,Tablet
U03551,2026-04-09,UK,Tablet
U03552,2025-11-01,USA,Mobile
U03553,2025-12-18,India,Tablet
U03554,2025-11-17,Singapore,Desktop
U03555,2026-03-16,India,Tablet
U03556,2026-06-29,Singapore,Desktop
U03557,2025-12-06,UK,Tablet
U03558,2025-09-28,India,Desktop
U03559,2025-11-16,USA,Desktop
U03560,2026-06-07,UAE,Mobile
U03561,2026-06-05,Singapore,Mobile
U03562,2026-04-17,Singapore,Desktop
U03563,2026-06-30,UK,Desktop
U03564,2025-08-01,India,Mobile
U03565,2025-10-11,USA,Mobile
U03566,2025-10-29,Singapore,Tablet
U03567,2025-12-05,India,Mobile
U03568,2025-08-13,USA,Desktop
U03569,2025-12-15,Singapore,Desktop
U03570,2026-06-01,UAE,Tablet
U03571,2025-12-12,Singapore,Desktop
U03572,2025-08-02,USA,Mobile
U03573,2025-09-15,UK,Desktop
U03574,2026-01-10,Singapore,Tablet
U03575,2025-09-04,UK,Desktop
U03576,2026-01-24,UK,Mobile
U03577,2025-09-08,Singapore,Mobile
U03578,2026-04-05,Singapore,Tablet
U03579,2026-06-10,UAE,Mobile
U03580,2026-05-02,UK,Mobile
U03581,2026-05-08,UK,Tablet
U03582,2026-01-11,India,Mobile
U03583,2026-04-20,Singapore,Desktop
U03584,2025-10-13,India,Desktop
U03585,2025-12-08,India,Mobile
U03586,2026-03-10,UAE,Tablet
U03587,2026-04-28,Singapore,Desktop
U03588,2026-02-23,UK,Tablet
U03589,2026-01-24,UAE,Desktop
U03590,2025-11-05,UAE,Desktop
U03591,2025-08-07,Singapore,Mobile
U03592,2025-12-20,USA,Desktop
U03593,2026-05-29,USA,Mobile
U03594,2026-05-04,Singapore,Desktop
U03595,2026-05-11,UK,Desktop
U03596,2026-03-02,USA,Desktop
U03597,2026-07-19,USA,Mobile
U03598,2026-02-15,India,Mobile
U03599,2026-01-01,India,Mobile
U03600,2026-07-07,UAE,Tablet
U03601,2025-12-05,UAE,Mobile
U03602,2026-06-24,India,Mobile
U03603,2025-07-23,UAE,Desktop
U03604,2026-03-24,Singapore,Desktop
U03605,2026-01-12,Singapore,Mobile
U03606,2026-02-13,UAE,Tablet
U03607,2025-11-03,UAE,Tablet
U03608,2025-10-22,UAE,Desktop
U03609,2026-03-15,UK,Mobile
U03610,2026-02-11,USA,Desktop
U03611,2026-04-02,Singapore,Mobile
U03612,2025-11-01,Singapore,Desktop
U03613,2026-07-05,USA,Tablet
U03614,2025-11-23,Singapore,Desktop
U03615,2026-05-11,UAE,Tablet
U03616,2025-12-15,Singapore,Desktop
U03617,2025-08-23,India,Mobile
U03618,2026-03-29,Singapore,Desktop
U03619,2025-11-30,UK,Mobile
U03620,2025-10-23,Singapore,Desktop
U03621,2025-11-03,India,Mobile
U03622,2025-11-13,Singapore,Desktop
U03623,2026-02-13,UAE,Tablet
U03624,2026-06-18,India,Tablet
U03625,2025-10-18,Singapore,Mobile
U03626,2025-08-08,USA,Desktop
U03627,2026-04-15,India,Tablet
U03628,2026-05-25,Singapore,Tablet
U03629,2026-05-28,UK,Tablet
U03630,2025-12-11,India,Desktop
U03631,2026-03-15,Singapore,Mobile
U03632,2025-11-09,UAE,Desktop
U03633,2025-08-26,Singapore,Desktop
U03634,2025-08-13,Singapore,Tablet
U03635,2025-12-20,UK,Desktop
U03636,2025-10-12,UK,Desktop
U03637,2025-09-07,UK,Mobile
U03638,2025-09-03,India,Tablet
U03639,2025-09-13,Singapore,Tablet
U03640,2025-08-20,UK,Tablet
U03641,2026-02-04,Singapore,Desktop
U03642,2025-09-12,India,Tablet
U03643,2026-07-05,UAE,Tablet
U03644,2025-08-16,USA,Tablet
U03645,2026-05-15,India,Tablet
U03646,2026-03-02,UK,Tablet
U03647,2025-11-10,Singapore,Mobile
U03648,2026-07-02,UK,Desktop
U03649,2025-12-03,India,Mobile
U03650,2025-12-22,Singapore,Mobile
U03651,2026-03-26,UK,Desktop
U03652,2025-09-25,USA,Tablet
U03653,2026-01-31,UK,Desktop
U03654,2026-05-25,UK,Mobile
U03655,2026-01-05,India,Tablet
U03656,2026-04-19,USA,Tablet
U03657,2025-11-16,USA,Tablet
U03658,2025-09-03,UAE,Desktop
U03659,2025-12-20,USA,Desktop
U03660,2026-03-17,USA,Desktop
U03661,2025-08-03,USA,Tablet
U03662,2025-08-04,India,Desktop
U03663,2026-02-19,India,Mobile
U03664,2026-07-18,Singapore,Mobile
U03665,2026-04-16,UAE,Desktop
U03666,2025-09-30,UAE,Mobile
U03667,2026-05-18,UAE,Tablet
U03668,2026-05-30,USA,Mobile
U03669,2025-10-04,Singapore,Tablet
U03670,2026-04-19,UK,Mobile
U03671,2025-12-01,UK,Mobile
U03672,2026-01-17,India,Mobile
U03673,2026-04-25,UAE,Desktop
U03674,2025-10-20,UAE,Desktop
U03675,2026-07-11,UAE,Tablet
U03676,2026-06-03,Singapore,Mobile
U03677,2025-09-10,UAE,Tablet
U03678,2025-08-01,UAE,Desktop
U03679,2025-11-16,UK,Mobile
U03680,2026-03-08,Singapore,Desktop
U03681,2025-10-22,India,Desktop
U03682,2026-02-17,UAE,Desktop
U03683,2026-05-11,UK,Tablet
U03684,2026-02-22,India,Mobile
U03685,2025-09-24,Singapore,Tablet
U03686,2026-05-13,UK,Desktop
U03687,2026-06-03,Singapore,Tablet
U03688,2025-08-22,UK,Desktop
U03689,2026-01-10,UK,Desktop
U03690,2026-07-06,India,Desktop
U03691,2025-12-03,Singapore,Desktop
U03692,2026-01-18,UAE,Tablet
U03693,2026-02-17,USA,Tablet
U03694,2025-08-07,Singapore,Mobile
U03695,2025-11-08,Singapore,Desktop
U03696,2025-09-19,USA,Desktop
U03697,2026-05-07,Singapore,Mobile
U03698,2026-03-19,India,Mobile
U03699,2026-07-02,India,Desktop
U03700,2025-07-22,India,Tablet
U03701,2026-05-12,India,Tablet
U03702,2025-09-20,UAE,Desktop
U03703,2026-07-13,USA,Tablet
U03704,2026-02-08,UK,Desktop
U03705,2026-05-17,USA,Mobile
U03706,2025-08-23,India,Tablet
U03707,2025-09-17,India,Mobile
U03708,2026-04-17,Singapore,Tablet
U03709,2026-06-05,USA,Tablet
U03710,2026-01-03,India,Tablet
U03711,2026-02-21,India,Mobile
U03712,2026-01-19,Singapore,Mobile
U03713,2026-05-13,UAE,Tablet
U03714,2025-10-24,Singapore,Mobile
U03715,2025-08-22,India,Tablet
U03716,2025-09-16,USA,Desktop
U03717,2025-11-11,UK,Desktop
U03718,2026-04-11,India,Tablet
U03719,2025-11-11,UAE,Desktop
U03720,2026-06-19,UAE,Tablet
U03721,2026-05-13,UK,Desktop
U03722,2025-07-21,USA,Mobile
U03723,2026-05-22,UK,Mobile
U03724,2025-09-13,UAE,Desktop
U03725,2026-02-10,UK,Mobile
U03726,2025-11-08,UK,Desktop
U03727,2026-01-17,USA,Desktop
U03728,2026-01-23,India,Desktop
U03729,2026-03-27,USA,Tablet
U03730,2025-12-09,UAE,Mobile
U03731,2025-10-11,UAE,Mobile
U03732,2025-11-22,USA,Tablet
U03733,2025-08-07,UAE,Mobile
U03734,2025-12-21,Singapore,Tablet
U03735,2026-06-01,India,Desktop
U03736,2025-11-21,UK,Mobile
U03737,2026-02-23,India,Mobile
U03738,2025-09-30,India,Tablet
U03739,2025-08-24,UK,Desktop
U03740,2026-01-25,India,Desktop
U03741,2025-12-10,USA,Tablet
U03742,2026-04-14,India,Mobile
U03743,2026-05-04,UAE,Desktop
U03744,2025-10-30,USA,Tablet
U03745,2026-05-20,UK,Desktop
U03746,2025-10-10,Singapore,Mobile
U03747,2025-10-29,Singapore,Tablet
U03748,2026-06-25,UAE,Desktop
U03749,2025-08-09,UAE,Desktop
U03750,2026-04-22,India,Tablet
U03751,2025-11-29,USA,Mobile
U03752,2025-09-28,UAE,Tablet
U03753,2025-07-23,UAE,Mobile
U03754,2026-03-25,Singapore,Tablet
U03755,2026-02-26,UK,Desktop
U03756,2026-04-22,UK,Desktop
U03757,2025-11-19,India,Tablet
U03758,2026-02-04,India,Desktop
U03759,2026-03-11,Singapore,Desktop
U03760,2025-10-09,India,Desktop
U03761,2026-02-07,UK,Tablet
U03762,2025-10-13,USA,Mobile
U03763,2025-11-08,Singapore,Mobile
U03764,2025-11-12,UAE,Tablet
U03765,2026-06-12,USA,Desktop
U03766,2025-08-07,UAE,Mobile
U03767,2026-03-21,UK,Desktop
U03768,2025-09-17,India,Tablet
U03769,2026-03-12,UAE,Tablet
U03770,2026-07-04,USA,Mobile
U03771,2025-12-19,India,Mobile
U03772,2025-09-17,India,Tablet
U03773,2026-03-22,Singapore,Mobile
U03774,2025-11-11,UAE,Desktop
U03775,2026-06-30,India,Tablet
U03776,2026-03-10,UK,Desktop
U03777,2026-03-18,Singapore,Desktop
U03778,2025-12-19,India,Mobile
U03779,2025-11-13,UK,Mobile
U03780,2025-08-13,UK,Tablet
U03781,2025-11-02,India,Desktop
U03782,2026-06-14,India,Mobile
U03783,2025-12-01,Singapore,Desktop
U03784,2025-11-03,Singapore,Mobile
U03785,2026-05-11,Singapore,Mobile
U03786,2026-07-19,India,Mobile
U03787,2026-07-03,USA,Desktop
U03788,2025-11-05,India,Desktop
U03789,2026-07-03,Singapore,Mobile
U03790,2025-09-30,USA,Tablet
U03791,2025-12-15,USA,Mobile
U03792,2025-08-09,USA,Tablet
U03793,2026-05-02,India,Desktop
U03794,2025-11-05,India,Desktop
U03795,2026-04-12,Singapore,Mobile
U03796,2026-05-26,Singapore,Mobile
U03797,2025-11-07,India,Mobile
U03798,2025-10-20,UAE,Tablet
U03799,2025-11-18,Singapore,Mobile
U03800,2025-10-09,India,Mobile
U03801,2026-01-28,UAE,Desktop
U03802,2025-10-01,UAE,Desktop
U03803,2026-02-27,India,Tablet
U03804,2025-09-29,Singapore,Tablet
U03805,2026-02-26,USA,Desktop
U03806,2026-02-28,USA,Mobile
U03807,2025-08-29,Singapore,Mobile
U03808,2026-01-11,UK,Mobile
U03809,2026-02-15,India,Desktop
U03810,2025-11-10,USA,Desktop
U03811,2026-07-13,USA,Tablet
U03812,2026-01-20,UK,Tablet
U03813,2026-04-08,USA,Desktop
U03814,2025-12-14,USA,Tablet
U03815,2026-05-26,India,Mobile
U03816,2025-10-11,India,Tablet
U03817,2026-02-13,Singapore,Desktop
U03818,2026-02-02,USA,Mobile
U03819,2026-01-03,UAE,Mobile
U03820,2026-07-09,India,Mobile
U03821,2025-08-05,USA,Mobile
U03822,2026-01-25,Singapore,Desktop
U03823,2025-12-21,UAE,Tablet
U03824,2025-12-02,UAE,Tablet
U03825,2026-06-30,USA,Mobile
U03826,2026-02-16,USA,Tablet
U03827,2026-04-23,UK,Tablet
U03828,2026-02-08,UAE,Desktop
U03829,2026-05-28,USA,Mobile
U03830,2026-05-24,Singapore,Tablet
U03831,2025-10-27,India,Tablet
U03832,2025-10-04,USA,Tablet
U03833,2026-07-10,UAE,Tablet
U03834,2025-12-18,India,Tablet
U03835,2026-03-15,UK,Desktop
U03836,2025-11-27,UAE,Mobile
U03837,2026-05-13,Singapore,Mobile
U03838,2026-03-18,USA,Mobile
U03839,2026-04-24,Singapore,Mobile
U03840,2026-03-28,Singapore,Desktop
U03841,2026-05-13,Singapore,Tablet
U03842,2025-11-07,USA,Desktop
U03843,2025-08-20,USA,Desktop
U03844,2026-04-15,India,Mobile
U03845,2025-09-22,India,Mobile
U03846,2026-04-29,UAE,Desktop
U03847,2025-08-13,USA,Mobile
U03848,2025-11-04,India,Mobile
U03849,2026-04-11,UK,Desktop
U03850,2025-08-15,USA,Desktop
U03851,2026-02-15,UK,Desktop
U03852,2025-11-18,Singapore,Desktop
U03853,2026-02-03,India,Mobile
U03854,2026-04-19,India,Tablet
U03855,2026-01-10,USA,Mobile
U03856,2025-09-11,India,Desktop
U03857,2026-05-06,Singapore,Mobile
U03858,2026-06-12,India,Mobile
U03859,2026-02-20,UAE,Tablet
U03860,2025-11-26,Singapore,Desktop
U03861,2025-10-02,UAE,Mobile
U03862,2025-09-05,UK,Mobile
U03863,2025-10-20,India,Desktop
U03864,2026-04-30,USA,Mobile
U03865,2026-06-03,USA,Tablet
U03866,2025-09-19,UAE,Mobile
U03867,2025-08-16,UAE,Mobile
U03868,2026-05-09,India,Desktop
U03869,2025-09-15,Singapore,Desktop
U03870,2026-04-28,India,Desktop
U03871,2025-11-30,USA,Mobile
U03872,2026-03-26,Singapore,Desktop
U03873,2025-11-16,USA,Desktop
U03874,2026-06-04,UK,Mobile
U03875,2025-10-09,UAE,Tablet
U03876,2026-02-28,USA,Tablet
U03877,2026-01-13,UK,Desktop
U03878,2025-11-26,USA,Desktop
U03879,2026-04-01,USA,Mobile
U03880,2025-12-09,Singapore,Mobile
U03881,2025-08-10,UK,Mobile
U03882,2026-06-30,India,Desktop
U03883,2025-11-03,UAE,Desktop
U03884,2025-12-19,USA,Desktop
U03885,2026-05-20,USA,Desktop
U03886,2026-05-08,Singapore,Mobile
U03887,2025-09-28,Singapore,Mobile
U03888,2026-06-23,Singapore,Tablet
U03889,2026-04-03,USA,Mobile
U03890,2025-11-07,UAE,Tablet
U03891,2026-04-07,UAE,Mobile
U03892,2026-04-02,Singapore,Desktop
U03893,2025-10-14,UAE,Desktop
U03894,2026-03-19,India,Tablet
U03895,2026-06-20,UAE,Tablet
U03896,2026-06-01,USA,Mobile
U03897,2025-11-05,UK,Desktop
U03898,2026-05-15,Singapore,Mobile
U03899,2026-05-29,Singapore,Mobile
U03900,2025-09-01,Singapore,Mobile
U03901,2025-11-17,UAE,Mobile
U03902,2025-09-10,India,Desktop
U03903,2025-11-25,Singapore,Mobile
U03904,2026-06-06,UAE,Tablet
U03905,2026-01-14,UAE,Desktop
U03906,2026-06-02,India,Desktop
U03907,2026-03-09,UAE,Mobile
U03908,2026-04-04,India,Tablet
U03909,2026-02-11,India,Tablet
U03910,2025-08-28,UAE,Mobile
U03911,2025-11-03,USA,Desktop
U03912,2026-02-14,UK,Mobile
U03913,2025-07-20,India,Mobile
U03914,2025-12-14,UAE,Tablet
U03915,2025-08-30,UK,Mobile
U03916,2026-07-03,UAE,Tablet
U03917,2025-11-24,Singapore,Mobile
U03918,2025-11-07,UAE,Desktop
U03919,2026-03-05,USA,Tablet
U03920,2026-05-29,UAE,Mobile
U03921,2026-05-05,UK,Tablet
U03922,2025-10-13,UAE,Tablet
U03923,2026-01-03,India,Tablet
U03924,2025-08-31,India,Desktop
U03925,2026-06-26,UK,Tablet
U03926,2025-09-20,India,Desktop
U03927,2025-10-02,UAE,Desktop
U03928,2026-05-29,Singapore,Tablet
U03929,2025-10-31,Singapore,Mobile
U03930,2025-08-01,India,Tablet
U03931,2026-07-10,UK,Tablet
U03932,2025-12-31,India,Tablet
U03933,2026-04-18,UK,Mobile
U03934,2026-05-15,India,Desktop
U03935,2026-05-10,UK,Desktop
U03936,2025-09-17,Singapore,Mobile
U03937,2026-02-08,UK,Desktop
U03938,2025-09-11,USA,Tablet
U03939,2025-11-05,Singapore,Tablet
U03940,2026-02-25,India,Tablet
U03941,2026-07-10,USA,Mobile
U03942,2025-09-26,UK,Mobile
U03943,2026-04-27,Singapore,Mobile
U03944,2025-07-25,UAE,Tablet
U03945,2026-02-09,Singapore,Tablet
U03946,2026-04-07,USA,Tablet
U03947,2025-08-11,USA,Desktop
U03948,2026-06-25,UK,Desktop
U03949,2026-06-04,Singapore,Tablet
U03950,2025-10-15,UAE,Desktop
U03951,2026-04-14,India,Mobile
U03952,2025-08-18,UK,Desktop
U03953,2026-07-03,UAE,Desktop
U03954,2025-07-25,Singapore,Tablet
U03955,2026-05-13,India,Desktop
U03956,2026-07-01,Singapore,Tablet
U03957,2025-10-27,Singapore,Desktop
U03958,2025-08-12,UAE,Tablet
U03959,2026-05-29,UK,Tablet
U03960,2025-11-28,India,Mobile
U03961,2025-10-21,UAE,Mobile
U03962,2025-12-28,India,Desktop
U03963,2025-10-05,USA,Desktop
U03964,2026-01-28,India,Mobile
U03965,2026-02-04,USA,Desktop
U03966,2026-01-22,India,Tablet
U03967,2025-12-12,USA,Desktop
U03968,2026-04-20,USA,Mobile
U03969,2026-03-01,Singapore,Tablet
U03970,2025-10-13,India,Desktop
U03971,2026-01-20,UAE,Tablet
U03972,2025-08-21,Singapore,Mobile
U03973,2025-10-30,UAE,Desktop
U03974,2025-08-06,UAE,Desktop
U03975,2026-03-18,India,Desktop
U03976,2025-08-20,USA,Mobile
U03977,2025-09-13,India,Mobile
U03978,2026-01-11,Singapore,Tablet
U03979,2025-12-21,UK,Desktop
U03980,2025-07-22,Singapore,Desktop
U03981,2026-06-26,UK,Desktop
U03982,2025-11-02,Singapore,Tablet
U03983,2026-04-28,Singapore,Tablet
U03984,2025-12-26,UAE,Desktop
U03985,2026-05-25,UK,Tablet
U03986,2026-06-30,USA,Desktop
U03987,2026-02-11,USA,Desktop
U03988,2026-01-20,USA,Desktop
U03989,2025-11-26,UK,Desktop
U03990,2026-03-06,India,Mobile
U03991,2025-09-09,UK,Desktop
U03992,2026-01-14,UAE,Mobile
U03993,2026-01-07,Singapore,Mobile
U03994,2026-03-11,Singapore,Desktop
U03995,2026-07-12,USA,Mobile
U03996,2025-10-15,USA,Mobile
U03997,2026-01-18,USA,Mobile
U03998,2026-03-24,India,Desktop
U03999,2026-03-29,Singapore,Mobile
U04000,2026-02-05,UAE,Desktop
U04001,2026-04-05,UK,Mobile
U04002,2025-08-06,USA,Tablet
U04003,2025-08-05,India,Tablet
U04004,2025-10-01,UK,Desktop
U04005,2025-10-12,USA,Desktop
U04006,2025-12-13,UAE,Tablet
U04007,2025-07-22,USA,Tablet
U04008,2026-03-02,UK,Mobile
U04009,2025-10-19,India,Desktop
U04010,2025-07-28,UAE,Mobile
U04011,2026-06-06,UAE,Desktop
U04012,2026-05-14,USA,Mobile
U04013,2025-11-07,Singapore,Tablet
U04014,2026-03-07,UK,Tablet
U04015,2025-07-29,UK,Desktop
U04016,2026-02-12,UK,Tablet
U04017,2025-09-07,USA,Tablet
U04018,2026-01-29,UAE,Desktop
U04019,2026-03-16,India,Tablet
U04020,2025-08-18,UAE,Mobile
U04021,2026-04-03,USA,Tablet
U04022,2026-01-11,Singapore,Mobile
U04023,2025-12-25,UK,Mobile
U04024,2026-02-24,UAE,Tablet
U04025,2025-11-21,USA,Desktop
U04026,2026-01-12,UK,Mobile
U04027,2026-02-02,UK,Mobile
U04028,2026-03-03,Singapore,Tablet
U04029,2026-02-05,USA,Tablet
U04030,2025-07-26,Singapore,Mobile
U04031,2026-05-29,UK,Mobile
U04032,2026-05-13,India,Mobile
U04033,2025-11-24,Singapore,Desktop
U04034,2026-02-03,India,Tablet
U04035,2025-11-01,UAE,Mobile
U04036,2026-06-06,UAE,Desktop
U04037,2025-11-29,Singapore,Tablet
U04038,2026-05-25,Singapore,Mobile
U04039,2026-06-08,UK,Desktop
U04040,2025-08-05,USA,Tablet
U04041,2025-10-15,UAE,Desktop
U04042,2026-04-15,UAE,Desktop
U04043,2025-12-05,India,Desktop
U04044,2026-03-13,UK,Desktop
U04045,2025-11-28,UK,Desktop
U04046,2025-07-27,Singapore,Mobile
U04047,2025-09-08,USA,Tablet
U04048,2025-09-27,UAE,Tablet
U04049,2025-07-30,UAE,Desktop
U04050,2025-12-17,UK,Mobile
U04051,2026-05-29,UAE,Tablet
U04052,2025-08-10,UAE,Mobile
U04053,2025-10-14,Singapore,Tablet
U04054,2026-04-15,India,Mobile
U04055,2026-06-18,USA,Desktop
U04056,2026-04-08,UAE,Tablet
U04057,2025-10-08,UK,Mobile
U04058,2026-05-01,Singapore,Desktop
U04059,2026-01-05,India,Mobile
U04060,2025-11-15,UAE,Tablet
U04061,2026-01-13,UK,Desktop
U04062,2025-10-03,USA,Tablet
U04063,2026-02-25,UAE,Tablet
U04064,2026-03-14,Singapore,Mobile
U04065,2026-02-04,USA,Mobile
U04066,2026-03-02,UAE,Desktop
U04067,2025-09-20,Singapore,Desktop
U04068,2026-06-17,India,Desktop
U04069,2026-06-27,Singapore,Desktop
U04070,2026-06-12,UAE,Tablet
U04071,2025-11-19,UAE,Mobile
U04072,2025-11-25,India,Mobile
U04073,2025-12-20,USA,Desktop
U04074,2025-10-12,UK,Tablet
U04075,2026-06-08,UAE,Mobile
U04076,2026-02-06,UK,Desktop
U04077,2026-02-11,USA,Desktop
U04078,2026-03-20,USA,Mobile
U04079,2026-04-08,India,Desktop
U04080,2026-05-17,UAE,Mobile
U04081,2025-10-13,Singapore,Tablet
U04082,2026-07-03,UK,Tablet
U04083,2026-05-19,UAE,Tablet
U04084,2026-01-04,UAE,Desktop
U04085,2026-02-23,UAE,Tablet
U04086,2025-11-11,India,Desktop
U04087,2025-11-12,Singapore,Tablet
U04088,2025-12-07,Singapore,Mobile
U04089,2025-09-26,UK,Mobile
U04090,2026-07-05,Singapore,Mobile
U04091,2026-06-09,USA,Desktop
U04092,2025-10-15,UAE,Tablet
U04093,2025-08-04,USA,Desktop
U04094,2026-06-26,USA,Mobile
U04095,2025-12-30,UK,Desktop
U04096,2026-02-11,UAE,Tablet
U04097,2026-02-18,UK,Mobile
U04098,2026-01-04,UK,Desktop
U04099,2025-10-18,Singapore,Tablet
U04100,2026-04-01,India,Tablet
U04101,2025-11-22,USA,Tablet
U04102,2026-05-03,USA,Mobile
U04103,2025-08-19,Singapore,Mobile
U04104,2026-04-11,Singapore,Desktop
U04105,2025-12-23,UK,Tablet
U04106,2026-06-21,UK,Desktop
U04107,2026-01-23,UK,Mobile
U04108,2025-07-26,Singapore,Tablet
U04109,2025-09-02,UK,Mobile
U04110,2025-12-24,India,Mobile
U04111,2025-10-12,Singapore,Desktop
U04112,2025-09-17,UK,Desktop
U04113,2026-06-29,UAE,Desktop
U04114,2026-01-18,USA,Mobile
U04115,2026-01-05,USA,Mobile
U04116,2026-01-17,Singapore,Mobile
U04117,2025-11-15,USA,Tablet
U04118,2026-04-02,Singapore,Tablet
U04119,2025-09-05,Singapore,Tablet
U04120,2026-07-16,Singapore,Tablet
U04121,2026-03-03,India,Desktop
U04122,2026-04-24,UAE,Mobile
U04123,2025-09-06,India,Mobile
U04124,2025-10-03,India,Desktop
U04125,2026-06-07,UK,Desktop
U04126,2026-05-15,UK,Mobile
U04127,2025-11-01,UAE,Tablet
U04128,2026-02-17,Singapore,Desktop
U04129,2025-10-28,USA,Tablet
U04130,2026-03-01,UK,Mobile
U04131,2026-03-08,India,Mobile
U04132,2025-12-17,USA,Tablet
U04133,2025-07-19,USA,Tablet
U04134,2025-09-08,USA,Desktop
U04135,2026-03-04,USA,Mobile
U04136,2026-02-17,USA,Mobile
U04137,2026-07-02,UAE,Tablet
U04138,2026-03-16,India,Mobile
U04139,2026-04-06,India,Desktop
U04140,2026-04-12,UAE,Mobile
U04141,2026-06-16,USA,Mobile
U04142,2026-02-12,India,Tablet
U04143,2026-04-30,Singapore,Tablet
U04144,2026-03-21,India,Desktop
U04145,2026-04-23,India,Desktop
U04146,2026-06-06,India,Mobile
U04147,2025-10-07,UK,Tablet
U04148,2026-05-24,India,Mobile
U04149,2025-08-14,India,Tablet
U04150,2025-11-12,USA,Tablet
U04151,2026-06-28,USA,Mobile
U04152,2026-02-16,UK,Mobile
U04153,2026-02-28,India,Mobile
U04154,2026-03-29,UK,Tablet
U04155,2026-02-15,UK,Desktop
U04156,2026-01-07,USA,Tablet
U04157,2025-10-28,Singapore,Mobile
U04158,2026-06-19,Singapore,Tablet
U04159,2026-07-05,India,Mobile
U04160,2025-08-11,Singapore,Mobile
U04161,2026-05-24,Singapore,Mobile
U04162,2026-07-14,USA,Desktop
U04163,2026-07-08,USA,Tablet
U04164,2026-01-06,India,Tablet
U04165,2025-12-20,India,Mobile
U04166,2026-03-01,Singapore,Tablet
U04167,2025-10-19,UAE,Desktop
U04168,2026-03-15,Singapore,Mobile
U04169,2025-10-31,UAE,Tablet
U04170,2026-07-15,India,Mobile
U04171,2026-04-06,UK,Desktop
U04172,2026-03-22,UAE,Mobile
U04173,2026-04-28,Singapore,Mobile
U04174,2025-10-24,UAE,Mobile
U04175,2025-11-17,UK,Mobile
U04176,2025-08-30,UAE,Mobile
U04177,2025-12-28,Singapore,Mobile
U04178,2026-03-03,UAE,Desktop
U04179,2025-09-17,UK,Tablet
U04180,2025-12-04,India,Mobile
U04181,2025-12-13,UK,Desktop
U04182,2026-03-10,India,Desktop
U04183,2025-10-01,UK,Desktop
U04184,2026-04-29,Singapore,Tablet
U04185,2026-01-17,UK,Tablet
U04186,2025-07-22,UAE,Mobile
U04187,2026-03-06,Singapore,Desktop
U04188,2025-11-01,UK,Desktop
U04189,2026-02-22,USA,Mobile
U04190,2025-08-16,UAE,Tablet
U04191,2026-07-07,UK,Mobile
U04192,2026-07-17,India,Tablet
U04193,2026-02-22,UAE,Tablet
U04194,2026-06-07,India,Desktop
U04195,2025-12-27,UAE,Tablet
U04196,2026-07-18,India,Mobile
U04197,2025-08-23,USA,Desktop
U04198,2025-07-21,UAE,Tablet
U04199,2025-07-20,Singapore,Mobile
U04200,2026-07-01,USA,Mobile
U04201,2025-11-29,UK,Mobile
U04202,2026-02-24,UK,Mobile
U04203,2025-08-14,Singapore,Desktop
U04204,2026-04-02,India,Mobile
U04205,2025-09-13,UAE,Tablet
U04206,2025-12-08,UAE,Desktop
U04207,2026-04-01,Singapore,Tablet
U04208,2026-04-08,UK,Tablet
U04209,2025-08-01,UAE,Desktop
U04210,2025-11-14,UAE,Tablet
U04211,2026-04-06,Singapore,Desktop
U04212,2026-04-27,UAE,Tablet
U04213,2026-07-09,UK,Mobile
U04214,2025-10-19,UAE,Mobile
U04215,2025-07-21,India,Desktop
U04216,2026-04-16,UAE,Desktop
U04217,2026-07-08,USA,Tablet
U04218,2025-12-07,USA,Mobile
U04219,2025-07-19,India,Tablet
U04220,2025-09-06,India,Mobile
U04221,2025-08-30,UAE,Tablet
U04222,2025-07-21,India,Mobile
U04223,2026-05-22,UAE,Tablet
U04224,2025-10-31,UK,Mobile
U04225,2026-07-06,UK,Tablet
U04226,2025-10-26,Singapore,Mobile
U04227,2026-01-06,India,Tablet
U04228,2026-06-06,Singapore,Desktop
U04229,2025-10-12,UAE,Mobile
U04230,2026-04-26,UK,Tablet
U04231,2025-09-29,UAE,Desktop
U04232,2025-12-11,Singapore,Desktop
U04233,2025-08-31,Singapore,Desktop
U04234,2026-01-11,Singapore,Tablet
U04235,2026-06-02,India,Mobile
U04236,2025-08-13,UAE,Mobile
U04237,2026-04-08,UAE,Desktop
U04238,2025-08-28,UK,Desktop
U04239,2026-05-05,UAE,Desktop
U04240,2026-06-04,India,Mobile
U04241,2025-12-04,USA,Tablet
U04242,2026-03-15,UK,Tablet
U04243,2025-12-24,USA,Desktop
U04244,2025-11-09,UAE,Mobile
U04245,2026-05-12,UK,Tablet
U04246,2026-01-16,UAE,Desktop
U04247,2026-04-19,India,Tablet
U04248,2026-07-09,UAE,Tablet
U04249,2026-01-11,Singapore,Tablet
U04250,2025-10-03,Singapore,Tablet
U04251,2025-12-19,UAE,Desktop
U04252,2026-01-23,Singapore,Mobile
U04253,2025-12-04,Singapore,Mobile
U04254,2025-12-28,UAE,Desktop
U04255,2026-07-04,UAE,Tablet
U04256,2026-02-18,UAE,Tablet
U04257,2025-12-15,UK,Desktop
U04258,2025-08-16,UK,Mobile
U04259,2026-03-29,India,Tablet
U04260,2026-06-13,India,Mobile
U04261,2026-03-26,UK,Desktop
U04262,2026-05-25,Singapore,Mobile
U04263,2026-03-22,UK,Desktop
U04264,2026-02-01,India,Desktop
U04265,2025-08-16,UK,Desktop
U04266,2025-08-22,UAE,Desktop
U04267,2026-03-17,India,Tablet
U04268,2025-08-26,USA,Mobile
U04269,2026-06-18,USA,Tablet
U04270,2026-03-20,UK,Tablet
U04271,2025-09-14,India,Tablet
U04272,2026-03-19,India,Desktop
U04273,2025-11-06,India,Desktop
U04274,2025-08-12,USA,Mobile
U04275,2025-09-05,Singapore,Desktop
U04276,2025-10-09,India,Desktop
U04277,2026-04-17,UAE,Tablet
U04278,2026-01-16,Singapore,Desktop
U04279,2025-12-24,UK,Mobile
U04280,2025-11-15,UAE,Tablet
U04281,2025-11-12,India,Desktop
U04282,2026-02-21,UAE,Tablet
U04283,2025-10-29,UAE,Desktop
U04284,2025-08-20,Singapore,Mobile
U04285,2025-11-03,UAE,Mobile
U04286,2025-12-07,USA,Desktop
U04287,2025-09-20,UAE,Tablet
U04288,2025-10-26,UK,Mobile
U04289,2025-07-29,Singapore,Desktop
U04290,2026-04-30,UK,Desktop
U04291,2025-11-02,USA,Desktop
U04292,2026-03-03,India,Tablet
U04293,2025-08-18,USA,Desktop
U04294,2026-02-17,UK,Mobile
U04295,2026-02-23,UK,Tablet
U04296,2026-04-28,UAE,Mobile
U04297,2025-12-16,Singapore,Tablet
U04298,2026-02-07,India,Tablet
U04299,2026-03-11,Singapore,Mobile
U04300,2025-12-08,Singapore,Desktop
U04301,2026-06-22,UK,Mobile
U04302,2025-09-23,Singapore,Tablet
U04303,2026-01-27,UAE,Desktop
U04304,2026-04-14,USA,Desktop
U04305,2025-07-29,India,Tablet
U04306,2026-06-24,UK,Tablet
U04307,2026-02-23,UK,Desktop
U04308,2025-12-26,Singapore,Desktop
U04309,2025-12-21,USA,Desktop
U04310,2025-08-07,UAE,Desktop
U04311,2026-07-01,Singapore,Tablet
U04312,2025-12-27,UAE,Tablet
U04313,2025-09-04,Singapore,Mobile
U04314,2025-11-07,India,Tablet
U04315,2025-08-14,Singapore,Mobile
U04316,2025-07-22,Singapore,Desktop
U04317,2025-10-20,USA,Tablet
U04318,2026-02-17,UAE,Desktop
U04319,2026-01-11,Singapore,Tablet
U04320,2025-11-22,UAE,Tablet
U04321,2026-05-04,India,Tablet
U04322,2026-07-14,USA,Desktop
U04323,2025-12-23,UAE,Mobile
U04324,2026-03-02,USA,Mobile
U04325,2025-09-15,UK,Desktop
U04326,2025-12-29,UAE,Desktop
U04327,2025-11-16,India,Tablet
U04328,2026-03-18,USA,Desktop
U04329,2026-03-16,UK,Desktop
U04330,2025-08-19,USA,Desktop
U04331,2026-07-02,Singapore,Mobile
U04332,2025-08-01,UAE,Mobile
U04333,2025-09-04,India,Mobile
U04334,2025-09-17,USA,Mobile
U04335,2026-02-06,USA,Desktop
U04336,2025-11-21,UAE,Desktop
U04337,2025-10-03,Singapore,Desktop
U04338,2025-11-06,UAE,Tablet
U04339,2026-04-19,India,Mobile
U04340,2026-03-01,USA,Desktop
U04341,2025-11-09,USA,Mobile
U04342,2025-10-18,UK,Desktop
U04343,2026-01-27,Singapore,Mobile
U04344,2026-01-02,India,Tablet
U04345,2025-11-23,UAE,Mobile
U04346,2026-01-17,India,Mobile
U04347,2025-10-21,UK,Tablet
U04348,2025-08-27,UK,Mobile
U04349,2025-10-31,UAE,Desktop
U04350,2026-06-24,India,Desktop
U04351,2025-08-10,USA,Mobile
U04352,2026-04-21,India,Tablet
U04353,2026-05-26,Singapore,Mobile
U04354,2025-08-06,Singapore,Tablet
U04355,2026-04-22,Singapore,Tablet
U04356,2025-10-05,UK,Desktop
U04357,2025-09-26,India,Mobile
U04358,2026-06-19,Singapore,Mobile
U04359,2025-09-05,UK,Desktop
U04360,2025-11-27,Singapore,Tablet
U04361,2025-12-13,UAE,Tablet
U04362,2025-10-30,USA,Desktop
U04363,2026-06-06,USA,Mobile
U04364,2025-12-03,India,Mobile
U04365,2025-10-22,USA,Desktop
U04366,2026-06-21,UAE,Desktop
U04367,2026-01-17,UK,Tablet
U04368,2025-10-02,India,Desktop
U04369,2026-06-07,Singapore,Desktop
U04370,2025-11-16,India,Desktop
U04371,2025-07-30,Singapore,Desktop
U04372,2025-10-28,UAE,Tablet
U04373,2026-07-01,USA,Desktop
U04374,2026-06-04,USA,Desktop
U04375,2025-10-23,UAE,Tablet
U04376,2026-03-05,UK,Desktop
U04377,2025-09-11,India,Tablet
U04378,2026-01-03,Singapore,Mobile
U04379,2025-10-19,India,Tablet
U04380,2026-02-01,USA,Desktop
U04381,2025-10-24,Singapore,Desktop
U04382,2026-06-22,UK,Tablet
U04383,2025-12-21,UK,Tablet
U04384,2026-01-15,India,Tablet
U04385,2025-10-02,USA,Desktop
U04386,2026-06-25,UAE,Mobile
U04387,2026-02-03,UAE,Desktop
U04388,2025-07-29,UK,Mobile
U04389,2026-07-05,USA,Desktop
U04390,2025-11-08,USA,Mobile
U04391,2025-11-05,UAE,Tablet
U04392,2025-10-14,UK,Tablet
U04393,2026-06-09,UAE,Mobile
U04394,2026-06-28,UK,Mobile
U04395,2025-12-15,UAE,Desktop
U04396,2026-06-29,UAE,Desktop
U04397,2026-01-16,UAE,Mobile
U04398,2025-10-11,USA,Tablet
U04399,2025-11-03,UK,Tablet
U04400,2025-11-05,India,Desktop
U04401,2026-03-25,UAE,Tablet
U04402,2026-03-24,Singapore,Tablet
U04403,2025-08-10,UK,Desktop
U04404,2025-08-02,India,Mobile
U04405,2026-04-09,USA,Tablet
U04406,2026-07-15,UAE,Tablet
U04407,2026-04-01,USA,Mobile
U04408,2026-03-21,UAE,Mobile
U04409,2025-12-31,UK,Desktop
U04410,2025-08-08,Singapore,Mobile
U04411,2026-01-28,India,Mobile
U04412,2025-11-09,USA,Tablet
U04413,2025-08-15,USA,Tablet
U04414,2025-12-17,UAE,Desktop
U04415,2026-02-02,UAE,Desktop
U04416,2026-02-18,USA,Desktop
U04417,2025-08-12,USA,Tablet
U04418,2025-11-06,Singapore,Desktop
U04419,2026-04-25,UK,Mobile
U04420,2026-01-30,India,Desktop
U04421,2025-07-20,UK,Mobile
U04422,2025-12-06,UAE,Desktop
U04423,2026-03-26,Singapore,Mobile
U04424,2026-02-11,India,Mobile
U04425,2026-01-24,Singapore,Tablet
U04426,2025-10-12,Singapore,Tablet
U04427,2026-05-13,USA,Mobile
U04428,2026-01-29,UAE,Mobile
U04429,2026-06-14,UK,Tablet
U04430,2026-02-14,USA,Mobile
U04431,2026-04-07,UAE,Tablet
U04432,2025-08-13,UAE,Tablet
U04433,2025-12-23,UK,Mobile
U04434,2026-06-13,India,Desktop
U04435,2026-03-20,USA,Tablet
U04436,2026-03-28,India,Mobile
U04437,2026-06-14,Singapore,Desktop
U04438,2025-12-11,UAE,Tablet
U04439,2025-08-10,UAE,Mobile
U04440,2025-11-10,USA,Tablet
U04441,2026-01-31,USA,Mobile
U04442,2025-10-29,UK,Desktop
U04443,2025-10-13,UAE,Desktop
U04444,2025-07-25,USA,Desktop
U04445,2026-04-10,USA,Tablet
U04446,2025-12-23,USA,Desktop
U04447,2025-10-01,USA,Desktop
U04448,2026-07-04,USA,Desktop
U04449,2025-10-01,USA,Mobile
U04450,2025-08-10,UK,Desktop
U04451,2025-10-31,USA,Tablet
U04452,2026-05-09,UAE,Mobile
U04453,2025-07-24,UK,Tablet
U04454,2026-01-06,UAE,Mobile
U04455,2026-03-12,India,Desktop
U04456,2025-11-21,USA,Desktop
U04457,2025-12-01,UAE,Tablet
U04458,2026-05-12,USA,Tablet
U04459,2026-01-06,UAE,Tablet
U04460,2025-08-25,UAE,Tablet
U04461,2025-11-07,Singapore,Desktop
U04462,2026-05-31,India,Mobile
U04463,2025-09-20,Singapore,Mobile
U04464,2026-01-31,India,Desktop
U04465,2026-01-07,USA,Desktop
U04466,2026-07-07,UK,Tablet
U04467,2026-06-24,Singapore,Tablet
U04468,2026-02-27,India,Mobile
U04469,2026-07-02,UK,Tablet
U04470,2026-01-10,Singapore,Desktop
U04471,2026-01-03,UK,Desktop
U04472,2026-05-10,UK,Mobile
U04473,2026-02-06,Singapore,Mobile
U04474,2026-05-04,Singapore,Mobile
U04475,2026-04-10,UK,Mobile
U04476,2025-08-13,Singapore,Desktop
U04477,2025-09-14,UK,Desktop
U04478,2025-09-17,USA,Mobile
U04479,2026-07-18,UK,Tablet
U04480,2026-02-11,Singapore,Desktop
U04481,2026-07-10,USA,Desktop
U04482,2025-12-30,India,Desktop
U04483,2025-11-15,India,Mobile
U04484,2026-06-14,UAE,Desktop
U04485,2026-04-03,UK,Desktop
U04486,2025-11-20,UK,Desktop
U04487,2026-02-07,Singapore,Desktop
U04488,2025-07-21,Singapore,Desktop
U04489,2026-01-22,UAE,Mobile
U04490,2025-11-15,UK,Tablet
U04491,2025-08-17,UAE,Mobile
U04492,2025-11-27,Singapore,Tablet
U04493,2025-11-17,UAE,Mobile
U04494,2026-04-03,USA,Mobile
U04495,2025-12-17,India,Mobile
U04496,2025-12-04,USA,Mobile
U04497,2025-10-31,UAE,Desktop
U04498,2026-02-21,USA,Tablet
U04499,2026-04-26,UAE,Desktop
U04500,2026-02-08,India,Desktop
U04501,2025-12-17,India,Desktop
U04502,2026-06-23,UK,Tablet
U04503,2026-03-06,Singapore,Desktop
U04504,2025-09-14,UAE,Desktop
U04505,2025-10-23,India,Tablet
U04506,2026-05-03,USA,Mobile
U04507,2025-09-04,UK,Mobile
U04508,2025-11-10,USA,Desktop
U04509,2025-10-21,USA,Mobile
U04510,2025-09-13,Singapore,Desktop
U04511,2025-12-18,Singapore,Tablet
U04512,2026-05-26,Singapore,Mobile
U04513,2025-07-27,Singapore,Mobile
U04514,2026-06-26,Singapore,Tablet
U04515,2026-02-19,USA,Desktop
U04516,2025-10-01,India,Mobile
U04517,2026-06-17,UAE,Tablet
U04518,2025-12-02,India,Desktop
U04519,2025-10-09,India,Desktop
U04520,2026-03-08,India,Desktop
U04521,2026-07-18,UK,Tablet
U04522,2026-01-15,India,Desktop
U04523,2025-12-31,USA,Mobile
U04524,2026-01-12,India,Desktop
U04525,2025-08-15,UAE,Desktop
U04526,2025-11-08,UK,Tablet
U04527,2026-05-07,India,Desktop
U04528,2025-08-21,India,Tablet
U04529,2025-08-11,Singapore,Desktop
U04530,2026-04-13,UK,Tablet
U04531,2026-07-09,Singapore,Mobile
U04532,2026-01-17,USA,Mobile
U04533,2026-04-19,UK,Desktop
U04534,2026-03-30,India,Tablet
U04535,2026-05-22,India,Tablet
U04536,2025-12-25,Singapore,Desktop
U04537,2025-09-23,India,Desktop
U04538,2025-11-05,UK,Mobile
U04539,2025-12-23,USA,Desktop
U04540,2026-07-16,India,Mobile
U04541,2025-11-17,USA,Mobile
U04542,2025-09-28,UAE,Desktop
U04543,2025-08-14,UK,Tablet
U04544,2026-01-02,USA,Mobile
U04545,2026-06-29,UK,Desktop
U04546,2025-12-30,UAE,Tablet
U04547,2026-05-24,UK,Tablet
U04548,2026-01-15,Singapore,Mobile
U04549,2026-05-07,UK,Tablet
U04550,2025-09-03,India,Desktop
U04551,2026-01-04,Singapore,Mobile
U04552,2025-08-24,UAE,Desktop
U04553,2026-06-28,UAE,Desktop
U04554,2025-10-05,UK,Tablet
U04555,2026-01-04,Singapore,Desktop
U04556,2025-10-05,India,Desktop
U04557,2026-03-21,UK,Tablet
U04558,2025-07-23,USA,Desktop
U04559,2026-06-07,UAE,Mobile
U04560,2025-09-05,India,Tablet
U04561,2025-12-20,UK,Desktop
U04562,2026-07-07,USA,Tablet
U04563,2026-04-06,USA,Desktop
U04564,2026-05-18,Singapore,Tablet
U04565,2025-12-08,Singapore,Mobile
U04566,2026-01-14,UK,Desktop
U04567,2025-10-31,UAE,Mobile
U04568,2025-12-15,UAE,Desktop
U04569,2026-05-07,USA,Mobile
U04570,2026-02-20,UK,Mobile
U04571,2025-12-08,Singapore,Desktop
U04572,2025-09-19,UK,Tablet
U04573,2025-07-26,India,Tablet
U04574,2026-07-07,India,Mobile
U04575,2025-08-16,Singapore,Mobile
U04576,2025-12-06,Singapore,Desktop
U04577,2026-06-22,UAE,Mobile
U04578,2026-05-14,UAE,Tablet
U04579,2026-02-14,Singapore,Desktop
U04580,2026-04-02,UK,Desktop
U04581,2026-01-05,Singapore,Mobile
U04582,2025-10-10,Singapore,Mobile
U04583,2025-08-29,India,Tablet
U04584,2026-05-08,UAE,Mobile
U04585,2025-08-13,USA,Desktop
U04586,2026-05-23,India,Mobile
U04587,2025-08-27,UAE,Tablet
U04588,2025-12-07,UK,Desktop
U04589,2026-05-25,Singapore,Tablet
U04590,2026-06-10,UAE,Tablet
U04591,2026-03-08,UAE,Tablet
U04592,2025-09-18,UK,Desktop
U04593,2026-07-06,USA,Mobile
U04594,2026-02-16,USA,Mobile
U04595,2025-09-09,Singapore,Desktop
U04596,2025-10-07,India,Desktop
U04597,2026-04-20,Singapore,Mobile
U04598,2025-08-26,India,Desktop
U04599,2026-04-26,India,Mobile
U04600,2026-01-15,USA,Tablet
U04601,2025-11-01,UAE,Desktop
U04602,2025-08-24,UAE,Tablet
U04603,2025-12-09,Singapore,Tablet
U04604,2025-12-04,UAE,Desktop
U04605,2026-02-26,Singapore,Tablet
U04606,2025-08-17,UK,Tablet
U04607,2026-02-21,UAE,Desktop
U04608,2026-03-19,India,Mobile
U04609,2025-10-11,USA,Mobile
U04610,2025-09-19,USA,Mobile
U04611,2025-10-12,India,Tablet
U04612,2025-08-27,USA,Mobile
U04613,2025-07-19,USA,Desktop
U04614,2026-03-18,USA,Tablet
U04615,2025-12-22,USA,Desktop
U04616,2025-08-19,Singapore,Mobile
U04617,2026-05-31,India,Desktop
U04618,2026-05-01,UAE,Mobile
U04619,2025-12-12,UAE,Desktop
U04620,2025-07-19,India,Mobile
U04621,2025-09-19,USA,Mobile
U04622,2026-02-26,UAE,Desktop
U04623,2026-05-28,UAE,Mobile
U04624,2026-05-13,UAE,Tablet
U04625,2025-09-19,USA,Mobile
U04626,2025-12-28,UK,Tablet
U04627,2025-07-30,UAE,Mobile
U04628,2025-12-29,UK,Mobile
U04629,2026-06-02,India,Tablet
U04630,2025-09-19,UAE,Desktop
U04631,2025-08-16,UAE,Tablet
U04632,2026-03-28,Singapore,Tablet
U04633,2026-02-14,Singapore,Desktop
U04634,2025-10-18,India,Desktop
U04635,2026-03-27,UAE,Desktop
U04636,2025-12-24,Singapore,Tablet
U04637,2025-11-16,Singapore,Tablet
U04638,2026-04-30,UAE,Mobile
U04639,2025-08-17,India,Tablet
U04640,2026-05-04,India,Desktop
U04641,2025-12-18,Singapore,Desktop
U04642,2026-06-25,Singapore,Mobile
U04643,2026-04-27,UK,Tablet
U04644,2026-03-06,UAE,Desktop
U04645,2026-05-26,India,Desktop
U04646,2025-11-18,Singapore,Tablet
U04647,2026-02-03,UK,Desktop
U04648,2026-06-06,UAE,Mobile
U04649,2026-07-17,USA,Desktop
U04650,2025-12-10,USA,Desktop
U04651,2026-01-28,UK,Desktop
U04652,2026-06-26,USA,Tablet
U04653,2026-07-16,USA,Tablet
U04654,2026-03-23,UK,Tablet
U04655,2025-07-20,UAE,Mobile
U04656,2025-12-01,UK,Tablet
U04657,2025-08-21,UAE,Desktop
U04658,2025-12-24,UK,Desktop
U04659,2026-04-13,USA,Tablet
U04660,2025-10-07,USA,Desktop
U04661,2026-02-23,India,Tablet
U04662,2025-12-11,UAE,Mobile
U04663,2026-04-29,USA,Mobile
U04664,2026-05-21,USA,Tablet
U04665,2026-01-01,UAE,Mobile
U04666,2026-02-04,UAE,Desktop
U04667,2026-03-29,UK,Mobile
U04668,2025-11-17,USA,Tablet
U04669,2025-12-02,India,Mobile
U04670,2025-12-11,UK,Desktop
U04671,2026-03-04,UK,Tablet
U04672,2026-05-26,USA,Mobile
U04673,2025-09-09,Singapore,Mobile
U04674,2025-12-16,India,Desktop
U04675,2025-11-05,UAE,Mobile
U04676,2026-05-14,Singapore,Mobile
U04677,2026-05-09,India,Tablet
U04678,2025-08-10,USA,Desktop
U04679,2025-09-16,UK,Desktop
U04680,2026-06-10,UK,Mobile
U04681,2026-02-10,Singapore,Desktop
U04682,2025-09-23,USA,Tablet
U04683,2025-11-19,Singapore,Tablet
U04684,2025-12-26,India,Tablet
U04685,2026-06-14,India,Desktop
U04686,2026-01-29,UAE,Mobile
U04687,2026-02-09,India,Tablet
U04688,2026-01-09,Singapore,Mobile
U04689,2026-06-07,Singapore,Mobile
U04690,2025-09-19,Singapore,Mobile
U04691,2026-06-26,USA,Tablet
U04692,2025-08-28,India,Mobile
U04693,2025-12-01,UK,Mobile
U04694,2026-06-11,UK,Tablet
U04695,2026-03-30,UAE,Tablet
U04696,2025-11-18,UAE,Tablet
U04697,2025-10-26,India,Mobile
U04698,2026-07-02,UK,Desktop
U04699,2025-07-22,USA,Mobile
U04700,2025-09-28,USA,Desktop
U04701,2026-07-18,UAE,Mobile
U04702,2026-07-06,USA,Desktop
U04703,2026-03-14,UK,Desktop
U04704,2025-11-28,Singapore,Mobile
U04705,2026-04-06,India,Desktop
U04706,2026-04-16,UK,Tablet
U04707,2025-12-10,UAE,Desktop
U04708,2025-08-08,USA,Mobile
U04709,2025-09-24,Singapore,Desktop
U04710,2025-11-13,USA,Mobile
U04711,2026-07-06,UAE,Desktop
U04712,2026-05-23,UAE,Desktop
U04713,2026-04-24,Singapore,Tablet
U04714,2025-11-11,UK,Mobile
U04715,2026-05-23,UAE,Mobile
U04716,2025-08-23,India,Tablet
U04717,2025-09-27,Singapore,Mobile
U04718,2025-09-17,India,Desktop
U04719,2026-03-19,UK,Desktop
U04720,2026-04-27,USA,Desktop
U04721,2026-01-15,India,Desktop
U04722,2026-03-19,India,Tablet
U04723,2025-08-30,USA,Tablet
U04724,2026-01-13,India,Tablet
U04725,2025-09-08,Singapore,Desktop
U04726,2026-07-03,UAE,Desktop
U04727,2025-10-26,Singapore,Desktop
U04728,2026-02-19,UK,Desktop
U04729,2026-01-18,India,Desktop
U04730,2025-11-30,Singapore,Tablet
U04731,2026-05-19,USA,Tablet
U04732,2026-03-30,UAE,Desktop
U04733,2025-10-27,USA,Tablet
U04734,2026-05-31,Singapore,Tablet
U04735,2026-04-10,UAE,Tablet
U04736,2026-05-13,UK,Tablet
U04737,2026-06-08,UAE,Mobile
U04738,2025-08-29,UK,Mobile
U04739,2025-10-30,India,Tablet
U04740,2026-02-03,UK,Desktop
U04741,2026-06-01,USA,Tablet
U04742,2025-10-17,Singapore,Desktop
U04743,2025-10-27,USA,Mobile
U04744,2025-08-06,Singapore,Tablet
U04745,2025-09-03,UK,Tablet
U04746,2026-01-04,UK,Tablet
U04747,2026-05-15,USA,Mobile
U04748,2026-02-27,India,Tablet
U04749,2025-11-01,Singapore,Desktop
U04750,2026-03-31,USA,Desktop
U04751,2026-03-08,UAE,Tablet
U04752,2026-04-27,India,Tablet
U04753,2026-01-27,India,Desktop
U04754,2025-09-07,UK,Tablet
U04755,2026-01-05,Singapore,Desktop
U04756,2025-10-04,India,Mobile
U04757,2026-04-25,India,Desktop
U04758,2025-10-26,UK,Tablet
U04759,2026-04-08,India,Desktop
U04760,2025-09-24,UK,Mobile
U04761,2025-08-06,Singapore,Tablet
U04762,2026-04-28,Singapore,Tablet
U04763,2026-05-30,USA,Desktop
U04764,2026-06-29,UK,Desktop
U04765,2025-09-03,Singapore,Tablet
U04766,2025-10-08,USA,Tablet
U04767,2026-05-01,UAE,Tablet
U04768,2026-01-01,USA,Mobile
U04769,2026-06-18,UK,Tablet
U04770,2026-02-15,Singapore,Mobile
U04771,2025-11-04,UK,Desktop
U04772,2025-10-14,India,Mobile
U04773,2025-08-30,UAE,Desktop
U04774,2025-10-07,India,Mobile
U04775,2026-02-06,India,Desktop
U04776,2025-08-12,USA,Desktop
U04777,2026-03-16,USA,Desktop
U04778,2026-05-02,India,Desktop
U04779,2025-08-20,Singapore,Desktop
U04780,2026-07-03,Singapore,Tablet
U04781,2026-03-27,Singapore,Desktop
U04782,2026-04-26,UK,Tablet
U04783,2026-02-02,UAE,Tablet
U04784,2025-11-14,UAE,Desktop
U04785,2026-04-06,UAE,Tablet
U04786,2025-09-04,UAE,Mobile
U04787,2026-05-20,USA,Tablet
U04788,2025-10-29,USA,Desktop
U04789,2025-09-16,UAE,Mobile
U04790,2025-08-16,Singapore,Tablet
U04791,2025-09-25,India,Tablet
U04792,2026-05-10,USA,Desktop
U04793,2026-04-01,UAE,Mobile
U04794,2026-01-29,USA,Tablet
U04795,2025-11-04,UK,Mobile
U04796,2025-12-03,Singapore,Desktop
U04797,2026-05-12,India,Mobile
U04798,2025-09-22,UK,Tablet
U04799,2025-09-27,UK,Mobile
U04800,2026-06-14,Singapore,Mobile
U04801,2026-07-01,India,Desktop
U04802,2025-12-04,UK,Desktop
U04803,2025-07-23,UK,Desktop
U04804,2025-08-12,UAE,Mobile
U04805,2026-03-12,USA,Mobile
U04806,2025-09-16,Singapore,Desktop
U04807,2026-02-03,India,Desktop
U04808,2025-08-20,UK,Mobile
U04809,2025-08-28,USA,Tablet
U04810,2026-06-09,UAE,Mobile
U04811,2026-05-27,India,Tablet
U04812,2026-06-29,UK,Mobile
U04813,2025-08-21,India,Desktop
U04814,2025-10-15,UAE,Tablet
U04815,2026-07-05,UK,Tablet
U04816,2025-11-04,UAE,Desktop
U04817,2026-05-12,UAE,Desktop
U04818,2026-06-01,Singapore,Mobile
U04819,2025-11-17,USA,Tablet
U04820,2026-05-19,UAE,Desktop
U04821,2025-08-04,UAE,Mobile
U04822,2026-01-09,UK,Mobile
U04823,2026-03-16,Singapore,Tablet
U04824,2025-07-28,Singapore,Desktop
U04825,2025-12-15,UAE,Mobile
U04826,2025-07-30,UAE,Desktop
U04827,2026-03-27,Singapore,Mobile
U04828,2026-04-18,UAE,Tablet
U04829,2025-08-06,UK,Tablet
U04830,2026-02-26,India,Mobile
U04831,2025-08-23,India,Tablet
U04832,2026-06-16,UK,Tablet
U04833,2025-10-12,India,Tablet
U04834,2025-10-27,Singapore,Mobile
U04835,2025-09-26,USA,Tablet
U04836,2026-01-29,Singapore,Tablet
U04837,2025-07-28,India,Tablet
U04838,2025-12-22,Singapore,Mobile
U04839,2025-09-18,UAE,Tablet
U04840,2026-02-15,India,Mobile
U04841,2026-05-13,Singapore,Mobile
U04842,2026-01-20,India,Desktop
U04843,2026-05-19,USA,Mobile
U04844,2026-04-22,Singapore,Desktop
U04845,2026-05-05,India,Tablet
U04846,2025-12-13,Singapore,Desktop
U04847,2026-05-26,UAE,Tablet
U04848,2026-07-02,India,Desktop
U04849,2026-02-22,India,Desktop
U04850,2025-11-23,UAE,Mobile
U04851,2026-05-24,UAE,Mobile
U04852,2025-07-29,Singapore,Desktop
U04853,2026-01-16,UAE,Desktop
U04854,2026-03-15,India,Mobile
U04855,2026-05-24,India,Tablet
U04856,2025-07-31,USA,Desktop
U04857,2026-07-05,USA,Mobile
U04858,2026-01-26,UK,Mobile
U04859,2026-01-16,USA,Desktop
U04860,2026-07-10,UAE,Tablet
U04861,2025-08-26,USA,Mobile
U04862,2026-01-05,Singapore,Desktop
U04863,2026-05-01,USA,Mobile
U04864,2025-09-20,India,Desktop
U04865,2026-04-27,UAE,Mobile
U04866,2025-08-04,UK,Mobile
U04867,2025-12-11,UAE,Desktop
U04868,2026-03-07,UK,Desktop
U04869,2026-03-26,India,Mobile
U04870,2025-07-29,USA,Mobile
U04871,2026-01-30,Singapore,Tablet
U04872,2025-08-07,USA,Desktop
U04873,2026-01-23,Singapore,Tablet
U04874,2025-12-31,UAE,Mobile
U04875,2026-07-19,UK,Mobile
U04876,2026-06-04,UK,Desktop
U04877,2025-09-05,Singapore,Desktop
U04878,2025-10-15,India,Desktop
U04879,2025-12-11,India,Desktop
U04880,2026-03-22,USA,Mobile
U04881,2025-12-04,UK,Tablet
U04882,2025-08-04,Singapore,Tablet
U04883,2026-01-10,India,Mobile
U04884,2026-03-09,Singapore,Tablet
U04885,2026-03-16,USA,Desktop
U04886,2026-06-27,Singapore,Desktop
U04887,2026-01-05,UAE,Mobile
U04888,2026-01-31,Singapore,Mobile
U04889,2025-10-09,USA,Desktop
U04890,2025-12-23,Singapore,Mobile
U04891,2025-12-21,USA,Tablet
U04892,2026-04-26,UAE,Tablet
U04893,2026-01-04,UAE,Mobile
U04894,2026-07-01,India,Desktop
U04895,2026-03-04,Singapore,Desktop
U04896,2026-03-15,USA,Mobile
U04897,2025-07-24,India,Desktop
U04898,2026-04-14,UK,Tablet
U04899,2026-05-08,UK,Tablet
U04900,2025-11-05,UAE,Desktop
U04901,2026-04-04,USA,Tablet
U04902,2025-08-04,Singapore,Desktop
U04903,2026-02-08,India,Mobile
U04904,2026-01-30,Singapore,Tablet
U04905,2026-05-22,India,Desktop
U04906,2026-05-24,India,Desktop
U04907,2025-08-26,India,Mobile
U04908,2025-10-11,Singapore,Desktop
U04909,2026-07-08,UAE,Mobile
U04910,2025-09-24,Singapore,Tablet
U04911,2025-08-13,UK,Tablet
U04912,2026-04-13,UK,Tablet
U04913,2025-07-30,UK,Tablet
U04914,2025-09-14,UAE,Desktop
U04915,2026-01-13,USA,Tablet
U04916,2026-02-15,UK,Desktop
U04917,2026-02-26,USA,Desktop
U04918,2025-08-19,Singapore,Desktop
U04919,2025-08-08,India,Tablet
U04920,2026-01-02,USA,Tablet
U04921,2025-11-11,India,Tablet
U04922,2026-06-22,UAE,Mobile
U04923,2025-10-24,India,Tablet
U04924,2025-12-12,USA,Desktop
U04925,2026-05-03,Singapore,Tablet
U04926,2026-02-04,UAE,Desktop
U04927,2025-11-26,Singapore,Mobile
U04928,2025-09-05,India,Tablet
U04929,2026-03-27,India,Tablet
U04930,2025-08-07,UAE,Tablet
U04931,2026-02-12,India,Desktop
U04932,2026-05-06,UAE,Tablet
U04933,2026-01-06,UK,Desktop
U04934,2025-10-31,USA,Tablet
U04935,2026-04-09,India,Mobile
U04936,2026-04-04,UAE,Desktop
U04937,2025-09-25,USA,Desktop
U04938,2026-05-27,India,Mobile
U04939,2025-10-14,India,Desktop
U04940,2025-09-12,UK,Mobile
U04941,2026-06-02,India,Tablet
U04942,2025-11-06,UK,Tablet
U04943,2026-07-17,USA,Mobile
U04944,2025-12-16,UAE,Desktop
U04945,2026-01-13,India,Desktop
U04946,2025-09-24,UAE,Tablet
U04947,2026-01-21,Singapore,Mobile
U04948,2026-06-27,India,Mobile
U04949,2026-03-20,UAE,Mobile
U04950,2025-08-10,UK,Tablet
U04951,2025-12-28,Singapore,Desktop
U04952,2026-01-21,USA,Tablet
U04953,2025-12-24,USA,Tablet
U04954,2026-02-28,Singapore,Tablet
U04955,2025-12-22,Singapore,Tablet
U04956,2026-04-22,USA,Mobile
U04957,2026-01-10,Singapore,Mobile
U04958,2026-06-16,India,Mobile
U04959,2025-09-15,UK,Tablet
U04960,2025-09-06,USA,Tablet
U04961,2025-12-31,UK,Mobile
U04962,2026-03-04,India,Tablet
U04963,2026-04-26,Singapore,Tablet
U04964,2025-09-22,UK,Tablet
U04965,2026-03-20,Singapore,Desktop
U04966,2026-04-01,India,Desktop
U04967,2025-08-06,India,Desktop
U04968,2025-11-06,UAE,Desktop
U04969,2025-12-06,UK,Mobile
U04970,2025-09-30,Singapore,Desktop
U04971,2026-04-18,UAE,Desktop
U04972,2026-05-09,Singapore,Mobile
U04973,2026-05-18,USA,Mobile
U04974,2026-04-30,UK,Desktop
U04975,2025-09-23,Singapore,Desktop
U04976,2026-05-15,UK,Mobile
U04977,2026-02-21,UAE,Mobile
U04978,2026-04-17,UK,Mobile
U04979,2026-05-26,Singapore,Mobile
U04980,2025-12-28,USA,Tablet
U04981,2025-11-13,UAE,Mobile
U04982,2026-03-04,USA,Mobile
U04983,2026-05-31,USA,Desktop
U04984,2026-04-07,UK,Mobile
U04985,2025-08-30,India,Mobile
U04986,2026-01-29,UAE,Desktop
U04987,2026-04-08,India,Tablet
U04988,2025-11-08,UK,Desktop
U04989,2025-09-27,USA,Mobile
U04990,2026-03-28,UAE,Mobile
U04991,2026-06-04,UK,Mobile
U04992,2025-11-11,UK,Tablet
U04993,2026-04-15,USA,Mobile
U04994,2025-10-06,Singapore,Tablet
U04995,2026-06-06,UAE,Mobile
U04996,2025-12-08,UAE,Tablet
U04997,2025-11-18,India,Mobile
U04998,2025-12-26,India,Mobile
U04999,2026-03-29,UAE,Desktop
U05000,2026-06-26,India,Mobile
U05001,2025-07-27,India,Desktop
U05002,2025-09-01,India,Desktop
U05003,2025-10-17,Singapore,Tablet
U05004,2025-10-23,UAE,Mobile
U05005,2025-10-02,India,Tablet
U05006,2026-03-17,India,Tablet
U05007,2025-11-29,India,Desktop
U05008,2026-01-12,UAE,Desktop
U05009,2026-01-29,India,Tablet
U05010,2026-05-24,UAE,Mobile
U05011,2026-06-10,Singapore,Tablet
U05012,2025-09-28,Singapore,Mobile
U05013,2026-04-21,UAE,Desktop
U05014,2025-12-18,UAE,Desktop
U05015,2025-07-20,Singapore,Tablet
U05016,2025-08-31,India,Desktop
U05017,2026-01-08,India,Desktop
U05018,2025-09-16,Singapore,Desktop
U05019,2025-08-02,Singapore,Mobile
U05020,2026-06-25,India,Mobile
U05021,2026-04-21,India,Tablet
U05022,2026-03-17,India,Tablet
U05023,2026-02-26,USA,Tablet
U05024,2026-07-14,USA,Tablet
U05025,2025-09-25,Singapore,Desktop
U05026,2025-09-10,UK,Desktop
U05027,2026-07-07,UAE,Tablet
U05028,2026-04-29,Singapore,Desktop
U05029,2025-09-01,USA,Mobile
U05030,2026-02-07,USA,Mobile
U05031,2026-06-29,India,Mobile
U05032,2025-12-17,UK,Tablet
U05033,2025-11-02,UAE,Tablet
U05034,2026-07-08,UK,Desktop
U05035,2026-06-11,Singapore,Tablet
U05036,2025-09-11,USA,Mobile
U05037,2025-08-13,UAE,Desktop
U05038,2025-12-26,Singapore,Desktop
U05039,2025-12-18,UK,Desktop
U05040,2025-09-19,India,Tablet
U05041,2025-10-07,Singapore,Tablet
U05042,2025-12-31,USA,Mobile
U05043,2025-11-29,USA,Tablet
U05044,2026-02-05,Singapore,Mobile
U05045,2025-07-25,UAE,Desktop
U05046,2025-09-17,USA,Mobile
U05047,2026-03-29,USA,Mobile
U05048,2026-06-14,UK,Mobile
U05049,2025-11-19,UAE,Tablet
U05050,2026-05-09,UAE,Tablet
U05051,2026-02-08,UK,Tablet
U05052,2026-04-26,Singapore,Desktop
U05053,2025-08-30,Singapore,Desktop
U05054,2026-05-03,UAE,Desktop
U05055,2026-03-08,USA,Mobile
U05056,2025-07-20,UAE,Mobile
U05057,2026-05-29,UAE,Mobile
U05058,2025-11-07,India,Tablet
U05059,2026-03-15,USA,Tablet
U05060,2025-10-01,USA,Desktop
U05061,2026-03-12,Singapore,Mobile
U05062,2025-10-05,USA,Desktop
U05063,2026-06-20,UK,Tablet
U05064,2025-11-16,UAE,Mobile
U05065,2025-08-24,UAE,Mobile
U05066,2026-06-05,India,Desktop
U05067,2025-11-29,India,Mobile
U05068,2025-10-25,UK,Mobile
U05069,2025-09-28,Singapore,Mobile
U05070,2026-06-11,USA,Desktop
U05071,2025-10-03,UAE,Mobile
U05072,2026-04-11,Singapore,Desktop
U05073,2025-09-10,India,Mobile
U05074,2026-06-11,USA,Mobile
U05075,2025-08-09,UK,Mobile
U05076,2026-02-04,USA,Desktop
U05077,2026-07-18,USA,Desktop
U05078,2025-08-28,Singapore,Mobile
U05079,2026-04-19,USA,Mobile
U05080,2025-11-26,India,Mobile
U05081,2025-09-18,UK,Mobile
U05082,2026-02-23,India,Tablet
U05083,2026-05-28,USA,Desktop
U05084,2026-05-26,India,Desktop
U05085,2025-10-13,USA,Desktop
U05086,2025-10-12,UAE,Mobile
U05087,2026-05-17,UK,Desktop
U05088,2025-12-22,USA,Tablet
U05089,2025-11-02,Singapore,Desktop
U05090,2026-04-20,India,Mobile
U05091,2025-10-12,USA,Mobile
U05092,2026-01-27,USA,Mobile
U05093,2026-03-26,Singapore,Desktop
U05094,2025-10-15,UK,Desktop
U05095,2026-05-08,Singapore,Desktop
U05096,2026-02-11,USA,Mobile
U05097,2025-12-26,Singapore,Tablet
U05098,2025-08-03,USA,Tablet
U05099,2026-02-17,UK,Mobile
U05100,2025-10-22,UK,Mobile
U05101,2026-01-01,India,Tablet
U05102,2026-06-16,UK,Mobile
U05103,2025-11-22,Singapore,Tablet
U05104,2026-02-07,UAE,Mobile
U05105,2026-07-17,India,Desktop
U05106,2026-07-11,Singapore,Mobile
U05107,2026-01-26,USA,Tablet
U05108,2026-07-19,UAE,Tablet
U05109,2025-11-20,Singapore,Desktop
U05110,2026-06-18,UAE,Tablet
U05111,2026-05-07,UAE,Mobile
U05112,2026-05-12,UK,Tablet
U05113,2025-09-04,UK,Tablet
U05114,2026-06-29,UAE,Tablet
U05115,2026-05-19,UAE,Desktop
U05116,2025-12-25,UK,Tablet
U05117,2025-08-28,UAE,Tablet
U05118,2026-03-20,Singapore,Tablet
U05119,2026-03-31,India,Mobile
U05120,2026-07-14,USA,Mobile
U05121,2025-10-07,UAE,Mobile
U05122,2026-05-31,UAE,Mobile
U05123,2026-02-03,UK,Desktop
U05124,2025-09-16,UAE,Tablet
U05125,2025-11-03,USA,Desktop
U05126,2026-01-21,UK,Tablet
U05127,2026-04-12,India,Mobile
U05128,2025-10-17,India,Desktop
U05129,2026-05-19,UAE,Tablet
U05130,2026-02-18,UK,Mobile
U05131,2025-09-21,Singapore,Mobile
U05132,2026-03-28,UAE,Tablet
U05133,2025-12-28,Singapore,Desktop
U05134,2026-03-21,UAE,Desktop
U05135,2026-07-05,UAE,Desktop
U05136,2026-07-04,UAE,Desktop
U05137,2025-11-05,UAE,Desktop
U05138,2025-09-15,UK,Desktop
U05139,2025-12-22,India,Mobile
U05140,2026-03-17,UAE,Mobile
U05141,2025-10-26,UK,Tablet
U05142,2025-10-23,India,Desktop
U05143,2025-10-02,India,Desktop
U05144,2026-01-28,Singapore,Tablet
U05145,2026-04-13,Singapore,Tablet
U05146,2026-01-01,India,Desktop
U05147,2026-06-27,USA,Mobile
U05148,2025-12-04,India,Mobile
U05149,2025-10-13,UK,Mobile
U05150,2025-12-31,Singapore,Mobile
U05151,2026-04-26,UK,Mobile
U05152,2025-10-30,UK,Desktop
U05153,2026-06-20,UK,Tablet
U05154,2025-12-11,UK,Mobile
U05155,2026-05-09,Singapore,Mobile
U05156,2026-04-27,Singapore,Desktop
U05157,2025-10-22,India,Desktop
U05158,2026-01-11,UK,Desktop
U05159,2026-07-10,UAE,Desktop
U05160,2026-07-16,Singapore,Tablet
U05161,2026-03-11,India,Desktop
U05162,2025-09-21,Singapore,Mobile
U05163,2026-06-11,UAE,Mobile
U05164,2025-10-27,USA,Tablet
U05165,2025-07-27,USA,Desktop
U05166,2026-01-09,USA,Tablet
U05167,2026-05-09,Singapore,Tablet
U05168,2026-02-02,UAE,Tablet
U05169,2026-03-18,UAE,Desktop
U05170,2026-04-16,India,Desktop
U05171,2025-10-31,USA,Desktop
U05172,2026-04-26,UAE,Mobile
U05173,2026-02-22,UAE,Desktop
U05174,2025-10-25,Singapore,Mobile
U05175,2026-06-13,UK,Mobile
U05176,2025-12-13,Singapore,Mobile
U05177,2026-06-10,UK,Tablet
U05178,2025-12-25,India,Desktop
U05179,2026-05-16,UK,Desktop
U05180,2026-02-17,USA,Desktop
U05181,2026-01-11,UAE,Tablet
U05182,2026-01-20,UAE,Tablet
U05183,2025-09-17,Singapore,Desktop
U05184,2025-10-04,UK,Tablet
U05185,2026-01-09,India,Tablet
U05186,2026-05-16,India,Mobile
U05187,2026-03-05,USA,Desktop
U05188,2026-02-26,Singapore,Tablet
U05189,2026-06-26,Singapore,Tablet
U05190,2026-04-23,Singapore,Desktop
U05191,2026-02-16,UAE,Mobile
U05192,2026-03-17,UAE,Mobile
U05193,2025-08-11,Singapore,Desktop
U05194,2026-07-17,USA,Desktop
U05195,2025-07-22,India,Desktop
U05196,2025-08-24,Singapore,Desktop
U05197,2025-09-26,UK,Mobile
U05198,2025-10-06,USA,Mobile
U05199,2025-07-24,Singapore,Mobile
U05200,2026-05-06,India,Tablet
U05201,2026-04-17,Singapore,Desktop
U05202,2025-10-02,India,Mobile
U05203,2025-10-03,USA,Mobile
U05204,2026-05-10,UAE,Desktop
U05205,2026-03-27,USA,Mobile
U05206,2025-12-08,UK,Tablet
U05207,2025-10-14,Singapore,Mobile
U05208,2026-01-15,UAE,Mobile
U05209,2026-02-01,UK,Tablet
U05210,2025-09-09,India,Mobile
U05211,2026-07-17,UK,Desktop
U05212,2026-07-04,UAE,Mobile
U05213,2026-06-11,India,Mobile
U05214,2025-08-26,Singapore,Desktop
U05215,2026-06-14,UAE,Tablet
U05216,2026-05-01,India,Desktop
U05217,2026-05-20,USA,Mobile
U05218,2025-10-22,USA,Desktop
U05219,2026-06-28,UAE,Tablet
U05220,2025-12-04,UAE,Mobile
U05221,2025-09-03,Singapore,Tablet
U05222,2025-07-21,UK,Tablet
U05223,2025-12-22,USA,Tablet
U05224,2026-04-30,UAE,Desktop
U05225,2025-09-15,USA,Mobile
U05226,2026-01-29,USA,Desktop
U05227,2026-05-05,India,Desktop
U05228,2025-10-08,Singapore,Mobile
U05229,2026-04-06,Singapore,Desktop
U05230,2025-09-09,Singapore,Desktop
U05231,2025-08-27,UAE,Desktop
U05232,2026-02-26,Singapore,Mobile
U05233,2025-12-29,India,Desktop
U05234,2026-02-10,UAE,Desktop
U05235,2026-03-23,UK,Desktop
U05236,2025-11-27,Singapore,Mobile
U05237,2025-11-08,UAE,Mobile
U05238,2026-03-21,USA,Tablet
U05239,2025-12-28,UAE,Desktop
U05240,2025-09-17,UAE,Tablet
U05241,2026-04-25,USA,Tablet
U05242,2025-11-03,Singapore,Mobile
U05243,2025-12-24,UAE,Tablet
U05244,2025-09-15,India,Mobile
U05245,2025-10-18,USA,Desktop
U05246,2026-03-25,Singapore,Desktop
U05247,2025-08-08,India,Tablet
U05248,2025-09-27,USA,Desktop
U05249,2026-05-25,UAE,Tablet
U05250,2025-12-02,India,Desktop
U05251,2025-12-21,India,Mobile
U05252,2025-11-23,Singapore,Desktop
U05253,2026-01-20,UAE,Desktop
U05254,2025-10-22,USA,Desktop
U05255,2026-02-21,USA,Tablet
U05256,2026-01-25,India,Desktop
U05257,2025-08-20,India,Mobile
U05258,2025-10-04,UAE,Desktop
U05259,2025-10-31,UK,Tablet
U05260,2026-03-28,UAE,Mobile
U05261,2026-07-16,UAE,Mobile
U05262,2026-04-18,India,Desktop
U05263,2026-05-06,India,Tablet
U05264,2025-08-14,USA,Desktop
U05265,2025-10-24,UAE,Desktop
U05266,2026-03-13,UAE,Mobile
U05267,2025-10-23,India,Tablet
U05268,2025-10-10,USA,Tablet
U05269,2026-05-27,UAE,Mobile
U05270,2026-04-15,UAE,Desktop
U05271,2025-11-03,USA,Mobile
U05272,2025-08-16,India,Tablet
U05273,2025-10-22,India,Mobile
U05274,2026-04-14,UK,Mobile
U05275,2026-04-23,Singapore,Tablet
U05276,2025-10-13,UAE,Mobile
U05277,2026-03-01,India,Tablet
U05278,2026-01-25,India,Tablet
U05279,2026-03-04,UK,Mobile
U05280,2026-02-07,UAE,Desktop
U05281,2025-09-15,USA,Mobile
U05282,2025-09-01,India,Tablet
U05283,2026-01-26,Singapore,Mobile
U05284,2026-02-08,UAE,Tablet
U05285,2025-10-15,India,Tablet
U05286,2026-03-29,Singapore,Tablet
U05287,2026-02-18,India,Desktop
U05288,2026-04-25,UK,Desktop
U05289,2025-09-29,India,Tablet
U05290,2026-01-06,India,Mobile
U05291,2026-06-11,UAE,Mobile
U05292,2025-07-28,USA,Desktop
U05293,2026-04-04,USA,Mobile
U05294,2025-08-17,India,Mobile
U05295,2026-02-21,UAE,Mobile
U05296,2026-03-26,India,Desktop
U05297,2025-09-21,USA,Tablet
U05298,2025-07-21,India,Mobile
U05299,2026-06-18,India,Tablet
U05300,2025-11-26,USA,Tablet
U05301,2026-07-05,USA,Mobile
U05302,2026-04-01,UAE,Tablet
U05303,2026-06-05,India,Desktop
U05304,2025-10-26,UK,Tablet
U05305,2025-10-06,USA,Tablet
U05306,2026-06-25,USA,Tablet
U05307,2026-02-14,UAE,Desktop
U05308,2026-04-11,India,Mobile
U05309,2026-03-13,USA,Mobile
U05310,2026-05-04,UK,Desktop
U05311,2025-12-12,USA,Mobile
U05312,2026-04-22,UAE,Tablet
U05313,2025-10-20,UK,Mobile
U05314,2026-01-30,UAE,Mobile
U05315,2025-10-02,UAE,Mobile
U05316,2025-08-10,India,Tablet
U05317,2025-12-01,UK,Tablet
U05318,2026-02-28,Singapore,Desktop
U05319,2026-06-10,India,Mobile
U05320,2025-09-05,USA,Desktop
U05321,2025-08-08,UK,Tablet
U05322,2026-05-28,UAE,Mobile
U05323,2026-07-02,Singapore,Tablet
U05324,2026-05-29,USA,Desktop
U05325,2026-02-23,India,Tablet
U05326,2026-05-13,UK,Tablet
U05327,2025-09-24,UAE,Tablet
U05328,2026-05-02,USA,Desktop
U05329,2025-08-17,USA,Tablet
U05330,2025-09-24,UK,Tablet
U05331,2025-12-07,UAE,Mobile
U05332,2025-12-30,UK,Mobile
U05333,2025-09-15,Singapore,Tablet
U05334,2025-07-21,UAE,Desktop
U05335,2026-05-25,Singapore,Tablet
U05336,2025-10-30,USA,Tablet
U05337,2025-09-20,Singapore,Tablet
U05338,2025-11-01,India,Mobile
U05339,2026-06-22,India,Tablet
U05340,2025-08-22,India,Desktop
U05341,2025-12-25,USA,Tablet
U05342,2026-03-15,UAE,Mobile
U05343,2025-11-30,Singapore,Mobile
U05344,2025-08-31,India,Mobile
U05345,2026-02-13,UK,Desktop
U05346,2026-06-10,UK,Mobile
U05347,2026-03-02,USA,Desktop
U05348,2025-10-18,USA,Tablet
U05349,2026-02-05,India,Mobile
U05350,2025-08-05,Singapore,Desktop
U05351,2025-10-14,UK,Mobile
U05352,2026-06-30,UK,Desktop
U05353,2025-08-22,India,Tablet
U05354,2026-04-28,UAE,Tablet
U05355,2025-07-31,UK,Mobile
U05356,2025-08-08,USA,Tablet
U05357,2026-06-09,UK,Desktop
U05358,2025-07-26,USA,Mobile
U05359,2026-03-02,Singapore,Mobile
U05360,2026-01-01,USA,Tablet
U05361,2026-06-20,USA,Tablet
U05362,2025-07-23,UAE,Tablet
U05363,2026-03-05,UK,Mobile
U05364,2026-04-18,UAE,Tablet
U05365,2026-03-23,India,Mobile
U05366,2026-07-06,UAE,Mobile
U05367,2026-04-26,USA,Mobile
U05368,2025-08-29,USA,Mobile
U05369,2025-10-03,USA,Mobile
U05370,2025-09-28,USA,Tablet
U05371,2026-07-07,Singapore,Mobile
U05372,2025-12-27,USA,Tablet
U05373,2026-04-27,India,Desktop
U05374,2026-03-04,UAE,Desktop
U05375,2026-04-11,USA,Tablet
U05376,2026-03-13,USA,Mobile
U05377,2025-08-14,UAE,Mobile
U05378,2025-10-23,Singapore,Mobile
U05379,2025-08-27,UK,Desktop
U05380,2025-10-19,Singapore,Desktop
U05381,2026-04-10,USA,Desktop
U05382,2026-06-03,UAE,Mobile
U05383,2025-12-27,UK,Desktop
U05384,2025-11-17,UAE,Mobile
U05385,2026-01-01,UAE,Desktop
U05386,2026-02-27,UAE,Tablet
U05387,2026-06-01,Singapore,Tablet
U05388,2025-12-21,UAE,Mobile
U05389,2026-04-16,UAE,Mobile
U05390,2025-09-27,UAE,Desktop
U05391,2025-12-09,India,Desktop
U05392,2026-03-16,Singapore,Tablet
U05393,2025-12-15,USA,Tablet
U05394,2026-02-14,USA,Desktop
U05395,2026-04-01,UAE,Desktop
U05396,2025-11-03,UK,Desktop
U05397,2026-07-08,UK,Desktop
U05398,2026-02-10,Singapore,Tablet
U05399,2025-10-14,UAE,Mobile
U05400,2026-04-20,UK,Mobile
U05401,2026-06-24,UAE,Mobile
U05402,2025-07-28,USA,Mobile
U05403,2026-07-12,India,Mobile
U05404,2025-11-09,Singapore,Tablet
U05405,2026-01-28,UK,Desktop
U05406,2026-04-11,UAE,Desktop
U05407,2025-12-17,UAE,Tablet
U05408,2026-07-01,UK,Desktop
U05409,2025-09-18,UAE,Desktop
U05410,2026-04-30,Singapore,Mobile
U05411,2026-05-20,UAE,Mobile
U05412,2025-09-19,India,Desktop
U05413,2026-05-10,Singapore,Mobile
U05414,2026-07-01,USA,Desktop
U05415,2025-09-12,UK,Tablet
U05416,2026-03-24,UK,Tablet
U05417,2025-08-04,UAE,Tablet
U05418,2026-05-28,UK,Tablet
U05419,2026-06-03,India,Tablet
U05420,2025-11-03,UAE,Desktop
U05421,2026-04-21,USA,Mobile
U05422,2025-11-07,UAE,Mobile
U05423,2026-07-01,UK,Tablet
U05424,2026-01-10,India,Tablet
U05425,2026-04-25,USA,Desktop
U05426,2025-11-09,Singapore,Desktop
U05427,2025-10-29,USA,Desktop
U05428,2026-04-17,USA,Tablet
U05429,2026-03-14,Singapore,Tablet
U05430,2026-06-02,USA,Mobile
U05431,2025-11-20,India,Mobile
U05432,2026-03-21,UAE,Desktop
U05433,2026-06-27,Singapore,Mobile
U05434,2026-07-16,Singapore,Mobile
U05435,2025-08-16,UAE,Mobile
U05436,2025-09-15,UAE,Desktop
U05437,2025-11-24,UK,Tablet
U05438,2026-06-05,Singapore,Tablet
U05439,2025-08-10,UAE,Tablet
U05440,2026-01-09,UK,Tablet
U05441,2026-05-24,UAE,Tablet
U05442,2026-01-26,India,Mobile
U05443,2025-09-14,Singapore,Desktop
U05444,2026-04-17,USA,Desktop
U05445,2025-12-10,USA,Tablet
U05446,2026-02-06,UAE,Tablet
U05447,2025-07-25,UK,Mobile
U05448,2025-10-04,USA,Desktop
U05449,2025-07-20,India,Mobile
U05450,2026-05-19,India,Tablet
U05451,2025-11-21,UAE,Tablet
U05452,2026-03-12,UAE,Tablet
U05453,2025-08-02,UK,Tablet
U05454,2026-04-12,UAE,Mobile
U05455,2025-12-10,USA,Desktop
U05456,2026-02-06,USA,Tablet
U05457,2026-07-19,USA,Mobile
U05458,2026-04-16,UAE,Mobile
U05459,2026-05-08,Singapore,Mobile
U05460,2026-02-13,UAE,Tablet
U05461,2026-05-26,USA,Mobile
U05462,2026-06-07,USA,Mobile
U05463,2026-04-20,USA,Mobile
U05464,2025-09-07,UK,Desktop
U05465,2026-04-08,UAE,Tablet
U05466,2026-05-06,Singapore,Mobile
U05467,2025-09-11,USA,Mobile
U05468,2025-08-22,UK,Mobile
U05469,2026-01-31,UAE,Mobile
U05470,2026-02-08,UK,Mobile
U05471,2026-02-11,UK,Mobile
U05472,2026-01-25,Singapore,Mobile
U05473,2026-05-31,UAE,Desktop
U05474,2026-01-21,India,Mobile
U05475,2025-12-04,India,Desktop
U05476,2026-04-14,India,Tablet
U05477,2026-03-15,Singapore,Mobile
U05478,2026-07-04,India,Mobile
U05479,2026-05-08,Singapore,Mobile
U05480,2025-12-16,UAE,Tablet
U05481,2026-07-06,Singapore,Desktop
U05482,2026-03-17,UAE,Desktop
U05483,2025-11-29,UK,Tablet
U05484,2026-01-10,UAE,Desktop
U05485,2026-07-08,UK,Tablet
U05486,2026-04-03,UK,Desktop
U05487,2026-05-22,USA,Desktop
U05488,2025-08-08,UAE,Desktop
U05489,2025-09-13,Singapore,Mobile
U05490,2025-07-25,UK,Desktop
U05491,2026-03-16,India,Mobile
U05492,2025-11-05,UAE,Tablet
U05493,2025-07-29,UAE,Tablet
U05494,2026-05-08,USA,Mobile
U05495,2026-01-02,Singapore,Mobile
U05496,2026-03-27,Singapore,Desktop
U05497,2026-04-29,USA,Desktop
U05498,2025-10-17,UAE,Tablet
U05499,2026-06-26,UAE,Tablet
U05500,2025-08-04,UAE,Tablet
U05501,2025-12-02,USA,Mobile
U05502,2026-07-05,UK,Mobile
U05503,2026-07-08,UK,Mobile
U05504,2026-06-17,UK,Tablet
U05505,2025-08-21,UAE,Mobile
U05506,2025-11-01,Singapore,Desktop
U05507,2025-09-30,UAE,Tablet
U05508,2026-01-02,Singapore,Mobile
U05509,2026-07-16,UK,Desktop
U05510,2026-01-18,UAE,Tablet
U05511,2026-06-11,India,Tablet
U05512,2026-01-07,UAE,Desktop
U05513,2026-03-20,Singapore,Mobile
U05514,2026-03-03,USA,Tablet
U05515,2026-06-17,Singapore,Tablet
U05516,2025-09-09,Singapore,Mobile
U05517,2026-01-27,USA,Desktop
U05518,2026-01-15,India,Desktop
U05519,2026-01-11,Singapore,Desktop
U05520,2025-08-10,USA,Desktop
U05521,2025-10-02,India,Desktop
U05522,2025-12-02,Singapore,Mobile
U05523,2026-03-05,USA,Mobile
U05524,2025-11-02,USA,Tablet
U05525,2026-03-01,India,Mobile
U05526,2026-07-15,UAE,Tablet
U05527,2025-12-09,India,Mobile
U05528,2026-04-17,UK,Desktop
U05529,2025-09-16,UK,Mobile
U05530,2026-03-05,UK,Tablet
U05531,2026-01-28,UAE,Tablet
U05532,2026-01-27,India,Tablet
U05533,2025-12-21,USA,Tablet
U05534,2025-10-24,UAE,Mobile
U05535,2026-05-26,UK,Mobile
U05536,2025-10-31,Singapore,Tablet
U05537,2026-07-06,India,Tablet
U05538,2025-10-03,UK,Desktop
U05539,2025-08-10,UAE,Tablet
U05540,2026-01-15,Singapore,Desktop
U05541,2026-01-25,USA,Mobile
U05542,2026-07-03,UK,Mobile
U05543,2026-06-11,UK,Mobile
U05544,2025-10-24,India,Mobile
U05545,2026-05-31,UK,Tablet
U05546,2025-12-10,Singapore,Mobile
U05547,2025-08-24,India,Tablet
U05548,2026-01-06,UK,Mobile
U05549,2025-12-28,UK,Desktop
U05550,2026-05-13,Singapore,Tablet
U05551,2026-04-20,India,Desktop
U05552,2025-10-29,India,Tablet
U05553,2025-12-24,Singapore,Mobile
U05554,2026-04-28,UAE,Desktop
U05555,2025-12-30,UK,Desktop
U05556,2025-11-23,USA,Tablet
U05557,2026-07-09,Singapore,Tablet
U05558,2026-04-11,USA,Mobile
U05559,2026-03-08,UAE,Mobile
U05560,2025-12-18,Singapore,Desktop
U05561,2026-05-29,UK,Mobile
U05562,2026-06-17,UK,Mobile
U05563,2025-10-03,UAE,Tablet
U05564,2026-03-27,UAE,Mobile
U05565,2026-06-10,Singapore,Desktop
U05566,2026-05-18,USA,Tablet
U05567,2025-10-28,India,Tablet
U05568,2026-04-20,UK,Desktop
U05569,2026-02-07,Singapore,Tablet
U05570,2025-10-10,India,Desktop
U05571,2025-12-08,Singapore,Desktop
U05572,2026-01-10,USA,Desktop
U05573,2025-11-20,UK,Tablet
U05574,2025-11-13,UAE,Mobile
U05575,2026-07-10,UK,Mobile
U05576,2026-06-19,USA,Tablet
U05577,2025-11-14,USA,Tablet
U05578,2025-08-12,India,Mobile
U05579,2026-04-26,UAE,Tablet
U05580,2025-07-25,UAE,Desktop
U05581,2026-01-05,USA,Mobile
U05582,2025-09-29,Singapore,Desktop
U05583,2026-07-02,UK,Desktop
U05584,2026-02-04,UAE,Desktop
U05585,2026-03-10,UAE,Desktop
U05586,2025-08-27,India,Tablet
U05587,2025-10-20,UK,Desktop
U05588,2025-09-14,USA,Tablet
U05589,2026-05-09,Singapore,Desktop
U05590,2025-09-17,India,Mobile
U05591,2026-04-03,UK,Tablet
U05592,2026-03-29,India,Tablet
U05593,2025-12-10,UK,Desktop
U05594,2026-04-16,USA,Tablet
U05595,2025-12-07,USA,Desktop
U05596,2025-10-15,UAE,Desktop
U05597,2025-08-05,USA,Mobile
U05598,2025-07-19,USA,Tablet
U05599,2025-12-31,USA,Tablet
U05600,2025-10-17,India,Desktop
U05601,2025-12-04,Singapore,Mobile
U05602,2025-11-25,USA,Desktop
U05603,2025-09-30,UAE,Tablet
U05604,2026-01-31,USA,Mobile
U05605,2026-02-12,India,Desktop
U05606,2025-08-02,UAE,Mobile
U05607,2026-03-09,India,Mobile
U05608,2026-03-17,Singapore,Tablet
U05609,2026-02-09,UK,Tablet
U05610,2026-02-21,UAE,Mobile
U05611,2025-12-01,UAE,Mobile
U05612,2026-06-02,India,Mobile
U05613,2025-09-05,USA,Desktop
U05614,2025-09-09,UAE,Desktop
U05615,2026-03-21,Singapore,Mobile
U05616,2025-08-18,UAE,Tablet
U05617,2026-06-17,India,Desktop
U05618,2025-11-23,UAE,Desktop
U05619,2026-06-20,UAE,Desktop
U05620,2025-08-14,India,Mobile
U05621,2026-04-23,India,Mobile
U05622,2025-10-30,India,Desktop
U05623,2025-11-09,Singapore,Mobile
U05624,2025-10-09,India,Tablet
U05625,2026-01-14,Singapore,Tablet
U05626,2026-04-18,UAE,Desktop
U05627,2026-06-24,India,Tablet
U05628,2025-10-24,USA,Desktop
U05629,2025-12-28,UAE,Tablet
U05630,2025-12-07,UAE,Desktop
U05631,2025-10-16,Singapore,Mobile
U05632,2026-01-31,India,Desktop
U05633,2026-02-27,India,Tablet
U05634,2025-08-14,Singapore,Mobile
U05635,2026-04-08,UAE,Tablet
U05636,2026-01-09,India,Desktop
U05637,2026-02-23,Singapore,Tablet
U05638,2026-01-11,Singapore,Desktop
U05639,2026-06-23,India,Tablet
U05640,2026-07-17,Singapore,Tablet
U05641,2025-07-31,India,Mobile
U05642,2025-07-28,India,Mobile
U05643,2026-03-13,Singapore,Tablet
U05644,2025-12-20,USA,Mobile
U05645,2025-08-05,Singapore,Desktop
U05646,2025-12-31,UK,Mobile
U05647,2026-02-02,India,Mobile
U05648,2025-10-17,Singapore,Mobile
U05649,2025-10-26,USA,Mobile
U05650,2026-01-27,Singapore,Desktop
U05651,2026-05-17,India,Mobile
U05652,2026-05-03,India,Tablet
U05653,2025-08-20,UK,Desktop
U05654,2026-07-14,Singapore,Mobile
U05655,2026-06-28,UAE,Tablet
U05656,2026-05-26,India,Mobile
U05657,2025-10-27,UK,Mobile
U05658,2026-02-01,Singapore,Desktop
U05659,2026-04-17,Singapore,Desktop
U05660,2026-02-03,USA,Tablet
U05661,2026-03-05,UAE,Tablet
U05662,2026-01-30,UK,Tablet
U05663,2025-10-14,UK,Tablet
U05664,2026-07-15,Singapore,Tablet
U05665,2026-02-07,USA,Tablet
U05666,2025-10-05,India,Tablet
U05667,2026-01-15,India,Mobile
U05668,2025-08-24,India,Mobile
U05669,2025-11-05,USA,Desktop
U05670,2026-05-13,USA,Mobile
U05671,2025-09-29,Singapore,Tablet
U05672,2025-10-28,USA,Tablet
U05673,2026-01-24,UK,Desktop
U05674,2025-11-23,USA,Tablet
U05675,2025-08-31,Singapore,Desktop
U05676,2026-05-17,India,Tablet
U05677,2025-08-10,UK,Desktop
U05678,2025-11-21,UAE,Tablet
U05679,2026-06-09,USA,Desktop
U05680,2026-03-23,UAE,Mobile
U05681,2026-02-07,UK,Tablet
U05682,2025-10-09,UAE,Tablet
U05683,2025-12-05,USA,Tablet
U05684,2026-06-05,USA,Mobile
U05685,2025-10-11,UK,Tablet
U05686,2026-06-11,USA,Tablet
U05687,2025-07-26,UK,Tablet
U05688,2026-05-23,Singapore,Tablet
U05689,2026-06-16,USA,Desktop
U05690,2026-04-25,USA,Desktop
U05691,2025-08-12,UAE,Desktop
U05692,2025-12-13,India,Tablet
U05693,2026-07-16,USA,Mobile
U05694,2025-10-11,UK,Mobile
U05695,2025-09-08,Singapore,Mobile
U05696,2026-03-06,Singapore,Desktop
U05697,2026-04-01,India,Desktop
U05698,2025-08-21,India,Desktop
U05699,2025-12-28,UK,Desktop
U05700,2025-12-15,USA,Mobile
U05701,2026-02-19,UK,Mobile
U05702,2025-12-31,India,Desktop
U05703,2025-11-19,USA,Desktop
U05704,2026-03-26,India,Mobile
U05705,2025-10-23,USA,Tablet
U05706,2025-08-25,UK,Tablet
U05707,2026-03-25,UAE,Mobile
U05708,2025-12-31,Singapore,Desktop
U05709,2025-12-18,Singapore,Desktop
U05710,2025-11-08,Singapore,Desktop
U05711,2026-02-27,Singapore,Mobile
U05712,2025-08-29,India,Mobile
U05713,2026-04-12,UK,Desktop
U05714,2026-02-01,USA,Desktop
U05715,2026-03-30,Singapore,Tablet
U05716,2026-02-02,Singapore,Desktop
U05717,2026-07-12,UAE,Tablet
U05718,2025-10-11,USA,Desktop
U05719,2026-05-10,India,Tablet
U05720,2025-09-29,Singapore,Tablet
U05721,2026-06-23,USA,Tablet
U05722,2025-08-03,USA,Mobile
U05723,2026-07-16,UAE,Tablet
U05724,2026-01-13,UK,Mobile
U05725,2026-02-13,UK,Tablet
U05726,2025-08-30,USA,Tablet
U05727,2026-03-26,Singapore,Desktop
U05728,2025-08-29,UAE,Mobile
U05729,2026-04-11,UAE,Desktop
U05730,2026-05-20,UAE,Tablet
U05731,2026-06-19,UK,Desktop
U05732,2026-05-31,UAE,Tablet
U05733,2026-07-10,USA,Desktop
U05734,2026-01-05,India,Desktop
U05735,2026-05-25,UAE,Desktop
U05736,2026-05-05,India,Tablet
U05737,2025-12-20,India,Mobile
U05738,2026-07-05,USA,Mobile
U05739,2026-07-18,USA,Tablet
U05740,2026-06-30,India,Mobile
U05741,2026-04-30,UK,Tablet
U05742,2026-04-11,UAE,Mobile
U05743,2025-08-01,UAE,Tablet
U05744,2025-10-10,Singapore,Tablet
U05745,2025-09-13,USA,Desktop
U05746,2026-05-30,UAE,Tablet
U05747,2026-04-14,Singapore,Tablet
U05748,2026-02-08,India,Desktop
U05749,2025-12-03,India,Tablet
U05750,2025-08-11,USA,Tablet
U05751,2025-12-26,India,Tablet
U05752,2026-03-06,UAE,Tablet
U05753,2026-05-15,Singapore,Tablet
U05754,2026-06-20,UK,Mobile
U05755,2025-11-10,Singapore,Tablet
U05756,2026-04-05,Singapore,Mobile
U05757,2026-06-09,Singapore,Desktop
U05758,2026-05-25,USA,Tablet
U05759,2025-11-10,Singapore,Mobile
U05760,2026-03-27,USA,Mobile
U05761,2025-11-23,UK,Mobile
U05762,2025-11-06,Singapore,Desktop
U05763,2026-06-04,India,Desktop
U05764,2026-07-11,UAE,Desktop
U05765,2026-03-25,USA,Desktop
U05766,2026-07-09,India,Desktop
U05767,2026-04-23,USA,Tablet
U05768,2025-09-11,India,Desktop
U05769,2025-12-11,UK,Desktop
U05770,2025-11-09,UK,Desktop
U05771,2026-03-29,USA,Mobile
U05772,2025-11-20,Singapore,Desktop
U05773,2025-11-01,USA,Desktop
U05774,2026-04-14,Singapore,Mobile
U05775,2025-09-25,UAE,Tablet
U05776,2026-07-01,UAE,Mobile
U05777,2025-11-02,UK,Mobile
U05778,2026-03-17,Singapore,Desktop
U05779,2025-10-13,UK,Desktop
U05780,2026-07-03,UK,Mobile
U05781,2026-06-06,India,Desktop
U05782,2025-09-17,USA,Desktop
U05783,2026-05-15,UK,Mobile
U05784,2026-06-04,India,Desktop
U05785,2026-06-16,UAE,Mobile
U05786,2025-10-22,India,Tablet
U05787,2026-04-20,Singapore,Mobile
U05788,2025-12-19,UAE,Mobile
U05789,2025-08-04,UAE,Mobile
U05790,2026-03-04,USA,Tablet
U05791,2026-05-13,UK,Mobile
U05792,2025-09-16,UAE,Desktop
U05793,2026-06-07,UK,Desktop
U05794,2026-02-17,UK,Desktop
U05795,2025-08-21,USA,Tablet
U05796,2026-07-05,UK,Mobile
U05797,2026-04-03,UAE,Tablet
U05798,2025-11-05,UAE,Mobile
U05799,2025-11-09,USA,Desktop
U05800,2026-06-16,UAE,Mobile
U05801,2025-08-31,UK,Tablet
U05802,2026-05-05,USA,Mobile
U05803,2025-08-09,USA,Desktop
U05804,2025-09-28,India,Mobile
U05805,2026-02-04,UAE,Desktop
U05806,2026-07-16,UK,Mobile
U05807,2026-04-02,USA,Tablet
U05808,2025-11-25,USA,Desktop
U05809,2026-01-28,UK,Mobile
U05810,2026-03-07,UAE,Desktop
U05811,2026-05-05,Singapore,Desktop
U05812,2025-11-19,USA,Desktop
U05813,2026-05-24,UAE,Tablet
U05814,2026-03-31,UAE,Mobile
U05815,2026-06-21,India,Mobile
U05816,2026-02-17,India,Mobile
U05817,2026-06-07,USA,Desktop
U05818,2026-02-27,Singapore,Mobile
U05819,2026-02-21,USA,Mobile
U05820,2026-02-13,UK,Desktop
U05821,2026-05-27,Singapore,Tablet
U05822,2025-10-17,India,Desktop
U05823,2026-04-20,UAE,Desktop
U05824,2025-12-15,UK,Desktop
U05825,2025-08-12,India,Desktop
U05826,2026-05-13,USA,Tablet
U05827,2025-10-26,USA,Tablet
U05828,2026-07-17,Singapore,Mobile
U05829,2025-09-07,USA,Desktop
U05830,2026-02-01,India,Desktop
U05831,2025-11-24,USA,Tablet
U05832,2026-01-06,UAE,Mobile
U05833,2026-01-09,UAE,Tablet
U05834,2026-02-14,India,Tablet
U05835,2025-09-28,Singapore,Tablet
U05836,2025-12-03,USA,Mobile
U05837,2025-08-06,Singapore,Tablet
U05838,2026-04-16,USA,Mobile
U05839,2025-07-24,India,Mobile
U05840,2025-09-30,UAE,Mobile
U05841,2026-01-29,UK,Mobile
U05842,2025-08-20,USA,Desktop
U05843,2026-05-13,India,Tablet
U05844,2025-08-22,USA,Mobile
U05845,2025-09-11,India,Desktop
U05846,2026-03-21,UAE,Tablet
U05847,2026-06-08,UK,Tablet
U05848,2026-07-02,USA,Mobile
U05849,2026-03-22,UK,Desktop
U05850,2025-10-09,UAE,Mobile
U05851,2025-09-27,Singapore,Desktop
U05852,2026-05-26,India,Desktop
U05853,2025-08-11,India,Desktop
U05854,2026-05-28,UK,Desktop
U05855,2025-12-25,UK,Tablet
U05856,2026-04-15,UAE,Mobile
U05857,2026-03-26,UK,Mobile
U05858,2026-06-19,USA,Mobile
U05859,2026-06-23,India,Mobile
U05860,2026-05-09,UK,Mobile
U05861,2026-02-28,UK,Desktop
U05862,2025-11-11,UK,Tablet
U05863,2025-12-18,India,Desktop
U05864,2025-11-19,USA,Desktop
U05865,2025-07-31,UAE,Desktop
U05866,2025-07-24,UK,Desktop
U05867,2026-07-17,India,Mobile
U05868,2026-04-11,India,Tablet
U05869,2025-09-17,Singapore,Mobile
U05870,2026-02-11,UK,Desktop
U05871,2026-02-12,UK,Tablet
U05872,2026-01-25,Singapore,Tablet
U05873,2026-05-26,Singapore,Desktop
U05874,2025-07-30,USA,Tablet
U05875,2026-06-29,UK,Mobile
U05876,2025-10-22,Singapore,Desktop
U05877,2026-05-06,India,Mobile
U05878,2026-06-16,USA,Tablet
U05879,2026-03-25,Singapore,Mobile
U05880,2026-03-28,India,Tablet
U05881,2025-07-21,USA,Mobile
U05882,2026-02-10,UAE,Mobile
U05883,2025-12-01,India,Tablet
U05884,2025-08-21,Singapore,Desktop
U05885,2026-01-02,UK,Tablet
U05886,2026-03-06,UAE,Mobile
U05887,2025-09-05,Singapore,Tablet
U05888,2026-02-16,USA,Mobile
U05889,2025-11-08,USA,Mobile
U05890,2026-03-09,UAE,Tablet
U05891,2025-09-13,UK,Tablet
U05892,2025-10-06,UK,Desktop
U05893,2026-05-18,UAE,Tablet
U05894,2025-08-07,India,Desktop
U05895,2026-05-14,India,Desktop
U05896,2026-03-26,UAE,Tablet
U05897,2025-11-10,Singapore,Mobile
U05898,2026-04-06,USA,Tablet
U05899,2025-07-24,UK,Tablet
U05900,2025-11-02,USA,Desktop
U05901,2026-07-05,India,Tablet
U05902,2026-01-22,India,Tablet
U05903,2025-12-24,USA,Tablet
U05904,2025-11-07,UAE,Desktop
U05905,2025-08-10,Singapore,Tablet
U05906,2025-11-24,India,Mobile
U05907,2025-08-13,UAE,Tablet
U05908,2026-04-03,UAE,Tablet
U05909,2025-11-25,UAE,Desktop
U05910,2026-04-11,Singapore,Desktop
U05911,2026-06-30,USA,Mobile
U05912,2026-06-30,India,Mobile
U05913,2026-04-19,Singapore,Mobile
U05914,2026-03-09,Singapore,Tablet
U05915,2026-04-06,India,Tablet
U05916,2026-04-27,UAE,Tablet
U05917,2026-06-28,Singapore,Desktop
U05918,2025-11-27,UK,Mobile
U05919,2026-04-10,UK,Tablet
U05920,2025-11-23,UK,Tablet
U05921,2026-06-08,India,Mobile
U05922,2026-04-02,USA,Mobile
U05923,2025-08-17,Singapore,Mobile
U05924,2026-03-22,UK,Mobile
U05925,2026-06-04,USA,Desktop
U05926,2025-08-28,USA,Desktop
U05927,2026-03-10,India,Tablet
U05928,2026-05-30,USA,Mobile
U05929,2025-10-23,Singapore,Mobile
U05930,2025-12-11,India,Tablet
U05931,2025-07-28,UK,Tablet
U05932,2026-04-04,Singapore,Desktop
U05933,2025-08-19,UK,Mobile
U05934,2026-07-09,Singapore,Desktop
U05935,2026-03-01,USA,Desktop
U05936,2025-08-28,Singapore,Desktop
U05937,2026-06-01,UK,Mobile
U05938,2026-07-11,India,Desktop
U05939,2026-03-28,USA,Tablet
U05940,2026-04-06,UK,Mobile
U05941,2026-06-06,UK,Mobile
U05942,2025-10-09,Singapore,Tablet
U05943,2025-10-13,Singapore,Mobile
U05944,2025-07-23,UAE,Tablet
U05945,2026-05-25,UK,Tablet
U05946,2026-07-15,Singapore,Tablet
U05947,2026-04-10,USA,Desktop
U05948,2025-11-06,USA,Desktop
U05949,2026-03-21,UK,Mobile
U05950,2026-02-05,Singapore,Tablet
U05951,2025-10-16,UAE,Mobile
U05952,2026-03-22,UAE,Mobile
U05953,2026-03-11,UAE,Desktop
U05954,2026-01-01,USA,Desktop
U05955,2025-11-01,India,Desktop
U05956,2025-10-23,USA,Desktop
U05957,2026-04-23,USA,Mobile
U05958,2026-02-13,USA,Tablet
U05959,2025-07-21,UAE,Tablet
U05960,2026-01-07,USA,Tablet
U05961,2025-10-03,UK,Mobile
U05962,2025-10-29,UK,Mobile
U05963,2026-07-04,USA,Desktop
U05964,2026-03-17,Singapore,Mobile
U05965,2026-03-14,India,Mobile
U05966,2026-03-09,India,Desktop
U05967,2026-06-16,USA,Desktop
U05968,2025-12-01,UAE,Mobile
U05969,2026-07-18,Singapore,Mobile
U05970,2026-01-09,India,Tablet
U05971,2026-03-17,India,Desktop
U05972,2026-01-18,UAE,Mobile
U05973,2026-04-23,India,Mobile
U05974,2025-07-29,India,Mobile
U05975,2026-02-15,USA,Mobile
U05976,2026-01-30,UK,Mobile
U05977,2026-04-03,Singapore,Mobile
U05978,2025-09-16,India,Mobile
U05979,2026-05-01,Singapore,Tablet
U05980,2026-05-21,UK,Tablet
U05981,2026-03-24,India,Mobile
U05982,2026-05-11,USA,Desktop
U05983,2025-10-22,Singapore,Desktop
U05984,2025-10-05,USA,Desktop
U05985,2026-04-16,UK,Desktop
U05986,2026-05-18,USA,Mobile
U05987,2026-03-17,India,Tablet
U05988,2026-01-10,UK,Tablet
U05989,2025-12-21,Singapore,Mobile
U05990,2025-09-09,India,Mobile
U05991,2025-09-21,India,Tablet
U05992,2025-08-19,UK,Mobile
U05993,2026-06-14,Singapore,Desktop
U05994,2026-05-10,USA,Mobile
U05995,2025-12-09,USA,Mobile
U05996,2025-10-10,USA,Desktop
U05997,2025-09-14,UAE,Mobile
U05998,2026-05-18,UK,Tablet
U05999,2025-07-20,UK,Mobile
U06000,2025-07-26,UAE,Tablet
U06001,2026-07-10,India,Desktop
U06002,2026-03-26,USA,Mobile
U06003,2026-05-07,USA,Mobile
U06004,2026-06-14,UK,Desktop
U06005,2026-02-28,India,Tablet
U06006,2026-03-09,UK,Mobile
U06007,2025-11-09,UK,Mobile
U06008,2026-01-01,India,Tablet
U06009,2026-02-09,USA,Mobile
U06010,2026-03-28,UAE,Tablet
U06011,2026-03-08,UK,Tablet
U06012,2026-02-26,USA,Tablet
U06013,2025-12-16,UAE,Mobile
U06014,2025-11-07,UK,Tablet
U06015,2025-12-25,UK,Desktop
U06016,2025-10-05,India,Desktop
U06017,2026-05-19,UAE,Tablet
U06018,2026-05-29,UK,Desktop
U06019,2026-05-27,India,Mobile
U06020,2026-06-29,USA,Tablet
U06021,2026-04-23,USA,Desktop
U06022,2026-01-26,USA,Desktop
U06023,2025-11-30,UAE,Tablet
U06024,2025-09-23,UAE,Mobile
U06025,2026-04-23,India,Tablet
U06026,2025-11-29,UAE,Tablet
U06027,2025-11-22,UK,Mobile
U06028,2026-02-04,India,Desktop
U06029,2026-04-11,USA,Mobile
U06030,2025-08-30,UAE,Desktop
U06031,2026-03-14,UK,Desktop
U06032,2025-12-11,UAE,Desktop
U06033,2026-06-25,UAE,Tablet
U06034,2025-10-06,UK,Mobile
U06035,2025-11-04,USA,Desktop
U06036,2026-02-06,UAE,Tablet
U06037,2026-02-04,UAE,Tablet
U06038,2025-08-13,Singapore,Desktop
U06039,2025-10-05,Singapore,Tablet
U06040,2025-10-02,USA,Desktop
U06041,2026-02-12,India,Tablet
U06042,2025-12-01,UAE,Tablet
U06043,2026-03-26,Singapore,Tablet
U06044,2026-01-15,USA,Tablet
U06045,2026-03-02,India,Mobile
U06046,2025-11-01,UK,Mobile
U06047,2025-07-26,USA,Mobile
U06048,2026-04-15,UK,Tablet
U06049,2025-09-11,UAE,Mobile
U06050,2026-03-26,India,Mobile
U06051,2026-07-05,UK,Desktop
U06052,2025-11-22,USA,Desktop
U06053,2026-03-15,UAE,Mobile
U06054,2026-06-25,Singapore,Desktop
U06055,2025-11-04,USA,Mobile
U06056,2025-10-26,USA,Mobile
U06057,2026-04-16,USA,Mobile
U06058,2026-04-14,USA,Desktop
U06059,2026-07-07,India,Tablet
U06060,2025-12-05,UAE,Desktop
U06061,2025-08-14,India,Tablet
U06062,2025-12-25,India,Tablet
U06063,2026-04-29,Singapore,Mobile
U06064,2025-11-30,UAE,Tablet
U06065,2026-04-20,USA,Mobile
U06066,2025-09-24,USA,Desktop
U06067,2026-05-13,USA,Mobile
U06068,2026-04-24,USA,Mobile
U06069,2025-11-18,India,Tablet
U06070,2026-04-03,UAE,Mobile
U06071,2026-01-21,USA,Desktop
U06072,2026-03-01,USA,Tablet
U06073,2025-11-06,Singapore,Tablet
U06074,2025-10-28,UK,Desktop
U06075,2025-12-15,UAE,Tablet
U06076,2025-08-22,UK,Desktop
U06077,2026-04-25,India,Desktop
U06078,2025-09-30,India,Mobile
U06079,2026-07-08,India,Tablet
U06080,2026-04-29,India,Tablet
U06081,2025-10-10,USA,Tablet
U06082,2025-12-17,USA,Mobile
U06083,2026-04-02,UAE,Desktop
U06084,2025-10-23,UAE,Tablet
U06085,2026-04-22,UK,Tablet
U06086,2025-11-24,Singapore,Desktop
U06087,2025-12-23,USA,Desktop
U06088,2025-12-03,USA,Desktop
U06089,2025-07-22,India,Tablet
U06090,2026-03-07,UAE,Mobile
U06091,2025-08-17,USA,Desktop
U06092,2026-05-05,Singapore,Mobile
U06093,2026-06-23,USA,Desktop
U06094,2025-09-20,USA,Tablet
U06095,2026-02-22,Singapore,Tablet
U06096,2025-08-07,India,Tablet
U06097,2026-05-09,UAE,Desktop
U06098,2025-10-14,UK,Tablet
U06099,2025-09-13,UAE,Desktop
U06100,2026-04-29,USA,Mobile
U06101,2026-06-15,UK,Tablet
U06102,2025-12-31,UAE,Mobile
U06103,2025-10-22,UK,Mobile
U06104,2025-08-25,India,Mobile
U06105,2025-09-03,UK,Tablet
U06106,2025-12-07,UK,Mobile
U06107,2026-07-06,USA,Desktop
U06108,2025-09-02,USA,Tablet
U06109,2025-12-21,India,Mobile
U06110,2025-10-02,USA,Tablet
U06111,2026-02-27,India,Desktop
U06112,2026-02-01,USA,Tablet
U06113,2026-01-26,USA,Tablet
U06114,2025-08-14,India,Mobile
U06115,2025-09-15,UK,Mobile
U06116,2026-06-13,Singapore,Tablet
U06117,2025-09-16,India,Tablet
U06118,2026-02-10,UAE,Mobile
U06119,2025-10-03,India,Desktop
U06120,2026-02-23,India,Desktop
U06121,2025-11-10,India,Desktop
U06122,2026-02-02,UK,Desktop
U06123,2025-12-01,Singapore,Mobile
U06124,2026-05-15,UK,Desktop
U06125,2025-07-26,UK,Mobile
U06126,2026-05-10,India,Desktop
U06127,2026-04-25,UAE,Tablet
U06128,2026-01-01,Singapore,Mobile
U06129,2025-08-27,Singapore,Mobile
U06130,2025-12-11,India,Tablet
U06131,2026-04-04,UAE,Desktop
U06132,2026-02-02,Singapore,Mobile
U06133,2025-11-13,UK,Mobile
U06134,2025-12-14,USA,Tablet
U06135,2025-09-08,UAE,Mobile
U06136,2026-04-18,India,Tablet
U06137,2026-05-26,USA,Mobile
U06138,2026-01-27,USA,Tablet
U06139,2026-06-07,USA,Tablet
U06140,2026-01-02,Singapore,Tablet
U06141,2025-12-24,Singapore,Tablet
U06142,2026-06-29,Singapore,Desktop
U06143,2025-10-31,UAE,Mobile
U06144,2026-03-24,UK,Desktop
U06145,2026-04-23,UK,Tablet
U06146,2026-06-24,UAE,Mobile
U06147,2026-02-07,UAE,Mobile
U06148,2025-09-15,USA,Tablet
U06149,2025-10-18,Singapore,Mobile
U06150,2025-09-16,USA,Tablet
U06151,2026-01-16,UAE,Mobile
U06152,2025-10-14,India,Mobile
U06153,2026-06-13,UK,Tablet
U06154,2026-01-04,India,Desktop
U06155,2025-09-25,India,Desktop
U06156,2026-05-20,UK,Mobile
U06157,2025-12-25,UK,Mobile
U06158,2026-06-18,India,Desktop
U06159,2026-02-01,Singapore,Desktop
U06160,2025-08-21,UK,Mobile
U06161,2025-07-29,India,Mobile
U06162,2025-08-09,UAE,Desktop
U06163,2026-02-12,UAE,Desktop
U06164,2026-06-22,UAE,Tablet
U06165,2026-04-14,USA,Mobile
U06166,2025-11-01,Singapore,Desktop
U06167,2025-09-28,India,Desktop
U06168,2026-04-17,UK,Desktop
U06169,2026-06-19,UAE,Tablet
U06170,2025-08-23,USA,Desktop
U06171,2026-01-15,UK,Tablet
U06172,2026-03-31,Singapore,Desktop
U06173,2026-05-20,UK,Mobile
U06174,2026-03-12,UAE,Tablet
U06175,2025-12-27,UAE,Desktop
U06176,2026-04-01,India,Tablet
U06177,2026-05-29,India,Tablet
U06178,2026-01-01,USA,Tablet
U06179,2026-07-18,Singapore,Mobile
U06180,2025-10-02,USA,Mobile
U06181,2025-08-05,UK,Desktop
U06182,2025-09-23,USA,Tablet
U06183,2025-10-13,UAE,Mobile
U06184,2025-08-14,USA,Desktop
U06185,2025-10-24,UAE,Tablet
U06186,2025-08-11,India,Desktop
U06187,2025-10-24,UAE,Desktop
U06188,2025-08-10,Singapore,Desktop
U06189,2026-03-11,India,Mobile
U06190,2025-08-22,USA,Tablet
U06191,2025-12-29,India,Desktop
U06192,2026-05-18,UAE,Mobile
U06193,2026-01-14,UAE,Desktop
U06194,2026-03-01,India,Desktop
U06195,2026-05-15,UK,Tablet
U06196,2026-02-14,UAE,Mobile
U06197,2026-03-21,UAE,Mobile
U06198,2026-06-25,UK,Desktop
U06199,2026-07-19,India,Tablet
U06200,2026-01-18,USA,Desktop
U06201,2026-04-18,USA,Tablet
U06202,2026-01-27,USA,Desktop
U06203,2025-10-26,Singapore,Mobile
U06204,2026-03-22,Singapore,Desktop
U06205,2026-04-07,India,Desktop
U06206,2025-10-12,UAE,Desktop
U06207,2026-02-14,USA,Mobile
U06208,2025-10-09,USA,Mobile
U06209,2025-07-25,UAE,Desktop
U06210,2025-08-08,UK,Tablet
U06211,2026-05-26,USA,Mobile
U06212,2026-02-19,USA,Mobile
U06213,2026-06-29,UK,Desktop
U06214,2026-01-15,India,Desktop
U06215,2026-06-12,UAE,Desktop
U06216,2025-09-16,Singapore,Mobile
U06217,2025-12-09,UK,Mobile
U06218,2026-01-16,India,Mobile
U06219,2026-03-17,UAE,Desktop
U06220,2026-02-08,UK,Mobile
U06221,2026-02-06,USA,Desktop
U06222,2025-10-30,UAE,Desktop
U06223,2025-09-10,UAE,Tablet
U06224,2025-09-11,USA,Tablet
U06225,2026-06-01,UAE,Desktop
U06226,2025-11-11,Singapore,Desktop
U06227,2025-10-21,India,Tablet
U06228,2025-07-23,Singapore,Mobile
U06229,2026-01-13,India,Tablet
U06230,2025-09-12,Singapore,Tablet
U06231,2026-01-10,USA,Desktop
U06232,2025-11-18,UK,Mobile
U06233,2026-05-09,USA,Desktop
U06234,2025-09-06,USA,Desktop
U06235,2026-05-27,UK,Mobile
U06236,2025-12-21,UAE,Desktop
U06237,2026-03-26,Singapore,Tablet
U06238,2025-08-01,India,Desktop
U06239,2026-02-11,USA,Tablet
U06240,2026-04-09,UAE,Tablet
U06241,2025-10-25,Singapore,Mobile
U06242,2025-12-02,India,Mobile
U06243,2025-09-17,USA,Desktop
U06244,2026-02-06,Singapore,Mobile
U06245,2026-01-26,Singapore,Desktop
U06246,2025-08-10,USA,Desktop
U06247,2026-03-04,USA,Mobile
U06248,2025-12-23,Singapore,Mobile
U06249,2025-09-02,UK,Desktop
U06250,2026-03-15,India,Desktop
U06251,2026-01-04,UK,Tablet
U06252,2026-01-02,India,Tablet
U06253,2026-03-06,UAE,Tablet
U06254,2026-01-25,UAE,Desktop
U06255,2026-05-06,UAE,Desktop
U06256,2026-07-01,UK,Tablet
U06257,2026-05-23,UAE,Tablet
U06258,2025-10-02,UK,Mobile
U06259,2025-10-12,USA,Desktop
U06260,2025-09-19,UAE,Desktop
U06261,2025-10-27,USA,Tablet
U06262,2025-09-28,Singapore,Mobile
U06263,2026-05-31,Singapore,Desktop
U06264,2026-01-01,UAE,Desktop
U06265,2026-03-27,UAE,Tablet
U06266,2025-10-19,UK,Tablet
U06267,2026-03-03,Singapore,Mobile
U06268,2026-03-20,India,Mobile
U06269,2026-06-02,India,Tablet
U06270,2025-08-28,India,Tablet
U06271,2026-03-29,UAE,Mobile
U06272,2026-03-09,UAE,Tablet
U06273,2025-09-29,Singapore,Tablet
U06274,2026-02-16,India,Tablet
U06275,2025-11-21,UAE,Tablet
U06276,2026-03-27,Singapore,Mobile
U06277,2025-12-01,UK,Desktop
U06278,2026-06-27,USA,Mobile
U06279,2026-03-28,UAE,Tablet
U06280,2025-10-10,UAE,Mobile
U06281,2026-06-07,USA,Desktop
U06282,2025-11-18,India,Desktop
U06283,2026-03-16,UAE,Desktop
U06284,2025-10-27,UAE,Mobile
U06285,2026-04-19,UK,Mobile
U06286,2025-08-12,Singapore,Desktop
U06287,2026-02-15,UK,Tablet
U06288,2025-10-14,UK,Desktop
U06289,2025-12-26,UAE,Tablet
U06290,2026-03-19,USA,Mobile
U06291,2026-01-22,UAE,Mobile
U06292,2025-11-21,India,Mobile
U06293,2025-09-09,USA,Desktop
U06294,2026-04-12,Singapore,Tablet
U06295,2025-12-21,Singapore,Desktop
U06296,2026-05-16,UK,Mobile
U06297,2025-07-22,Singapore,Desktop
U06298,2025-10-25,USA,Tablet
U06299,2025-10-08,UAE,Mobile
U06300,2026-04-16,Singapore,Tablet
U06301,2026-01-20,UAE,Mobile
U06302,2025-08-03,Singapore,Desktop
U06303,2025-10-19,USA,Tablet
U06304,2026-06-02,UAE,Tablet
U06305,2026-07-05,USA,Desktop
U06306,2025-11-02,UK,Tablet
U06307,2026-02-26,USA,Desktop
U06308,2026-02-27,USA,Mobile
U06309,2025-07-25,USA,Tablet
U06310,2025-07-19,India,Tablet
U06311,2026-05-26,Singapore,Desktop
U06312,2026-02-15,UK,Tablet
U06313,2026-03-22,USA,Desktop
U06314,2025-10-22,USA,Mobile
U06315,2026-06-13,India,Mobile
U06316,2025-11-12,UAE,Mobile
U06317,2026-01-14,Singapore,Mobile
U06318,2025-08-14,India,Tablet
U06319,2026-05-14,Singapore,Mobile
U06320,2026-05-26,Singapore,Desktop
U06321,2025-11-29,India,Tablet
U06322,2025-11-16,USA,Desktop
U06323,2026-03-02,UK,Mobile
U06324,2026-06-15,USA,Tablet
U06325,2026-04-02,USA,Desktop
U06326,2025-08-27,USA,Tablet
U06327,2026-07-03,USA,Tablet
U06328,2026-02-23,UAE,Desktop
U06329,2025-11-21,India,Desktop
U06330,2026-05-19,India,Mobile
U06331,2025-09-05,India,Tablet
U06332,2026-01-08,Singapore,Mobile
U06333,2025-11-17,India,Desktop
U06334,2026-07-15,Singapore,Mobile
U06335,2025-09-01,India,Mobile
U06336,2026-05-05,UK,Desktop
U06337,2025-07-25,USA,Mobile
U06338,2025-08-05,India,Desktop
U06339,2025-08-22,UK,Mobile
U06340,2025-08-09,UAE,Mobile
U06341,2026-03-16,UAE,Mobile
U06342,2026-06-11,UAE,Mobile
U06343,2026-03-10,UAE,Tablet
U06344,2026-01-01,India,Mobile
U06345,2026-07-15,UAE,Desktop
U06346,2026-04-09,UK,Tablet
U06347,2025-11-11,UAE,Mobile
U06348,2025-10-30,USA,Desktop
U06349,2025-09-30,India,Mobile
U06350,2025-11-14,Singapore,Tablet
U06351,2026-04-28,Singapore,Mobile
U06352,2025-12-23,India,Desktop
U06353,2026-02-01,UK,Desktop
U06354,2026-02-21,Singapore,Tablet
U06355,2026-02-16,Singapore,Mobile
U06356,2025-11-27,USA,Tablet
U06357,2026-03-05,UK,Mobile
U06358,2026-05-30,USA,Tablet
U06359,2025-12-13,India,Tablet
U06360,2026-02-18,India,Tablet
U06361,2026-02-27,Singapore,Mobile
U06362,2025-07-26,USA,Desktop
U06363,2025-12-12,India,Mobile
U06364,2025-11-26,India,Desktop
U06365,2025-09-11,USA,Mobile
U06366,2025-12-22,India,Tablet
U06367,2026-06-11,USA,Desktop
U06368,2025-11-29,UK,Desktop
U06369,2025-10-23,USA,Mobile
U06370,2026-02-20,UK,Tablet
U06371,2026-02-27,Singapore,Tablet
U06372,2025-12-12,UK,Desktop
U06373,2026-04-01,UAE,Desktop
U06374,2026-06-04,Singapore,Desktop
U06375,2026-01-17,USA,Desktop
U06376,2025-08-15,USA,Mobile
U06377,2026-07-14,UK,Desktop
U06378,2025-10-24,India,Tablet
U06379,2025-11-19,Singapore,Desktop
U06380,2025-09-22,USA,Mobile
U06381,2025-11-22,UAE,Desktop
U06382,2026-01-06,UAE,Desktop
U06383,2025-10-31,Singapore,Tablet
U06384,2026-06-29,UK,Desktop
U06385,2025-11-02,Singapore,Mobile
U06386,2026-01-07,Singapore,Desktop
U06387,2026-06-11,UAE,Mobile
U06388,2026-01-26,Singapore,Desktop
U06389,2025-08-02,UK,Tablet
U06390,2026-01-13,India,Desktop
U06391,2025-08-05,USA,Mobile
U06392,2025-12-05,Singapore,Desktop
U06393,2026-05-05,Singapore,Desktop
U06394,2025-11-29,UK,Tablet
U06395,2026-01-14,Singapore,Desktop
U06396,2026-04-22,UAE,Mobile
U06397,2025-07-23,India,Mobile
U06398,2025-08-28,UK,Desktop
U06399,2026-06-29,USA,Desktop
U06400,2026-07-14,USA,Mobile
U06401,2026-02-21,USA,Tablet
U06402,2026-04-20,UK,Desktop
U06403,2026-01-15,USA,Desktop
U06404,2025-10-24,India,Mobile
U06405,2026-04-30,UK,Tablet
U06406,2026-03-10,India,Tablet
U06407,2025-10-22,UK,Mobile
U06408,2026-06-24,UAE,Tablet
U06409,2025-11-25,UK,Mobile
U06410,2026-07-08,Singapore,Mobile
U06411,2026-03-11,UAE,Desktop
U06412,2026-07-11,Singapore,Mobile
U06413,2026-06-06,Singapore,Mobile
U06414,2026-06-28,India,Tablet
U06415,2026-05-22,UK,Tablet
U06416,2026-04-18,Singapore,Tablet
U06417,2025-08-11,India,Tablet
U06418,2026-04-12,UAE,Tablet
U06419,2026-07-02,UAE,Desktop
U06420,2026-03-12,UK,Mobile
U06421,2025-11-17,USA,Mobile
U06422,2026-05-12,UAE,Desktop
U06423,2025-07-22,India,Desktop
U06424,2025-11-08,UAE,Mobile
U06425,2026-02-03,India,Desktop
U06426,2026-07-07,USA,Tablet
U06427,2025-12-07,UK,Tablet
U06428,2025-09-04,UAE,Mobile
U06429,2026-07-12,Singapore,Mobile
U06430,2025-09-11,UK,Mobile
U06431,2026-02-03,Singapore,Mobile
U06432,2025-10-04,UAE,Desktop
U06433,2026-04-05,USA,Desktop
U06434,2026-06-02,India,Tablet
U06435,2026-04-03,Singapore,Mobile
U06436,2026-03-05,UK,Tablet
U06437,2026-04-18,India,Mobile
U06438,2025-11-02,UAE,Mobile
U06439,2026-06-23,UAE,Tablet
U06440,2025-09-09,UK,Desktop
U06441,2025-10-29,UK,Desktop
U06442,2026-07-12,UAE,Mobile
U06443,2026-06-26,Singapore,Desktop
U06444,2026-06-18,UAE,Tablet
U06445,2026-03-09,India,Desktop
U06446,2026-03-20,UK,Tablet
U06447,2026-04-16,UAE,Desktop
U06448,2026-01-20,India,Desktop
U06449,2025-09-12,Singapore,Mobile
U06450,2025-08-06,India,Mobile
U06451,2025-10-02,India,Mobile
U06452,2026-05-16,USA,Mobile
U06453,2026-04-04,UK,Tablet
U06454,2026-04-08,UAE,Mobile
U06455,2025-09-16,USA,Mobile
U06456,2026-04-06,USA,Tablet
U06457,2026-02-25,UK,Tablet
U06458,2025-10-16,India,Tablet
U06459,2026-06-10,India,Desktop
U06460,2026-04-25,India,Mobile
U06461,2025-08-21,India,Desktop
U06462,2026-03-18,India,Desktop
U06463,2026-04-02,UK,Tablet
U06464,2026-02-23,Singapore,Desktop
U06465,2025-11-20,UK,Tablet
U06466,2026-05-15,USA,Mobile
U06467,2026-03-06,Singapore,Desktop
U06468,2026-03-29,India,Mobile
U06469,2026-01-03,UK,Mobile
U06470,2026-03-23,Singapore,Desktop
U06471,2026-06-18,UAE,Tablet
U06472,2025-11-09,India,Tablet
U06473,2026-03-06,Singapore,Mobile
U06474,2026-02-19,Singapore,Desktop
U06475,2025-12-04,UAE,Desktop
U06476,2026-06-02,UK,Tablet
U06477,2026-06-21,UAE,Mobile
U06478,2026-01-27,India,Desktop
U06479,2025-09-26,UK,Tablet
U06480,2025-08-17,India,Desktop
U06481,2026-06-25,Singapore,Mobile
U06482,2025-09-07,USA,Tablet
U06483,2025-12-22,India,Mobile
U06484,2026-05-15,UAE,Mobile
U06485,2025-07-29,USA,Mobile
U06486,2025-09-13,USA,Desktop
U06487,2025-12-08,UAE,Mobile
U06488,2025-08-26,UAE,Mobile
U06489,2026-04-01,UK,Mobile
U06490,2026-06-25,Singapore,Tablet
U06491,2025-12-11,Singapore,Desktop
U06492,2026-03-04,UK,Tablet
U06493,2026-03-08,UAE,Tablet
U06494,2025-12-14,USA,Tablet
U06495,2025-10-05,India,Mobile
U06496,2025-11-11,USA,Desktop
U06497,2026-06-08,UAE,Desktop
U06498,2026-06-15,Singapore,Tablet
U06499,2025-08-15,USA,Desktop
U06500,2026-04-05,USA,Mobile
U06501,2026-05-03,UK,Desktop
U06502,2025-08-21,USA,Tablet
U06503,2025-09-11,UK,Tablet
U06504,2026-06-21,India,Mobile
U06505,2025-11-08,UAE,Mobile
U06506,2025-12-27,India,Mobile
U06507,2025-10-13,India,Desktop
U06508,2026-02-10,USA,Desktop
U06509,2026-03-05,India,Desktop
U06510,2025-11-25,Singapore,Desktop
U06511,2025-11-10,UK,Desktop
U06512,2025-11-13,India,Tablet
U06513,2025-10-24,India,Desktop
U06514,2026-06-17,UAE,Mobile
U06515,2026-04-04,USA,Desktop
U06516,2025-08-11,Singapore,Desktop
U06517,2026-07-12,Singapore,Desktop
U06518,2026-04-22,India,Desktop
U06519,2026-03-23,UK,Desktop
U06520,2025-12-25,India,Mobile
U06521,2025-08-25,UAE,Tablet
U06522,2026-06-27,UAE,Mobile
U06523,2026-01-13,UK,Mobile
U06524,2026-06-07,UAE,Mobile
U06525,2026-04-15,Singapore,Desktop
U06526,2026-04-12,Singapore,Tablet
U06527,2025-08-23,UAE,Tablet
U06528,2026-02-27,UAE,Mobile
U06529,2026-01-22,India,Tablet
U06530,2025-08-25,USA,Mobile
U06531,2026-07-17,USA,Mobile
U06532,2025-11-01,India,Mobile
U06533,2026-01-04,Singapore,Desktop
U06534,2026-05-11,USA,Mobile
U06535,2026-06-26,Singapore,Mobile
U06536,2025-12-22,UK,Mobile
U06537,2026-03-30,Singapore,Tablet
U06538,2025-11-09,UAE,Desktop
U06539,2026-04-04,UAE,Mobile
U06540,2026-02-01,USA,Tablet
U06541,2026-03-06,UK,Desktop
U06542,2025-09-05,USA,Mobile
U06543,2025-08-03,USA,Desktop
U06544,2026-01-09,UK,Tablet
U06545,2025-12-20,Singapore,Desktop
U06546,2025-08-25,India,Mobile
U06547,2026-01-09,USA,Tablet
U06548,2025-12-01,Singapore,Desktop
U06549,2026-02-15,UK,Tablet
U06550,2026-07-09,USA,Mobile
U06551,2025-12-16,UK,Tablet
U06552,2026-07-12,India,Mobile
U06553,2026-02-22,USA,Desktop
U06554,2026-02-28,UAE,Mobile
U06555,2025-10-14,India,Tablet
U06556,2026-01-06,UAE,Desktop
U06557,2025-10-24,UK,Mobile
U06558,2026-07-13,USA,Desktop
U06559,2026-07-02,India,Mobile
U06560,2025-08-31,India,Tablet
U06561,2026-07-04,UK,Desktop
U06562,2026-03-25,Singapore,Mobile
U06563,2026-04-20,UAE,Mobile
U06564,2025-11-30,UAE,Mobile
U06565,2025-08-23,India,Mobile
U06566,2026-01-15,Singapore,Tablet
U06567,2025-11-29,UK,Mobile
U06568,2025-08-29,Singapore,Tablet
U06569,2026-05-30,USA,Mobile
U06570,2026-03-13,India,Mobile
U06571,2026-06-04,UK,Tablet
U06572,2026-05-23,UK,Desktop
U06573,2026-06-10,UAE,Tablet
U06574,2026-02-26,UK,Tablet
U06575,2025-10-09,UK,Tablet
U06576,2026-07-02,UAE,Desktop
U06577,2025-10-14,UK,Desktop
U06578,2025-12-03,India,Desktop
U06579,2025-08-23,UK,Tablet
U06580,2026-07-02,UK,Tablet
U06581,2025-11-11,Singapore,Desktop
U06582,2026-07-06,India,Desktop
U06583,2026-01-23,Singapore,Tablet
U06584,2026-03-18,India,Mobile
U06585,2025-12-29,UAE,Mobile
U06586,2025-10-12,USA,Desktop
U06587,2025-10-14,UAE,Mobile
U06588,2025-10-17,USA,Tablet
U06589,2026-02-05,UAE,Desktop
U06590,2026-05-23,USA,Tablet
U06591,2025-09-12,India,Mobile
U06592,2026-04-24,UAE,Tablet
U06593,2026-07-10,India,Desktop
U06594,2026-05-23,Singapore,Desktop
U06595,2026-01-09,Singapore,Mobile
U06596,2025-08-27,UK,Tablet
U06597,2025-08-16,UK,Desktop
U06598,2025-10-11,UAE,Tablet
U06599,2026-02-02,UAE,Desktop
U06600,2026-06-29,UK,Mobile
U06601,2025-09-08,India,Tablet
U06602,2026-07-08,Singapore,Tablet
U06603,2025-10-13,UK,Tablet
U06604,2026-02-08,India,Desktop
U06605,2025-12-30,UAE,Tablet
U06606,2026-03-15,UK,Desktop
U06607,2026-04-21,India,Mobile
U06608,2025-09-16,UAE,Tablet
U06609,2025-09-03,USA,Desktop
U06610,2026-07-16,USA,Tablet
U06611,2026-01-22,UK,Tablet
U06612,2026-02-26,Singapore,Tablet
U06613,2025-07-22,USA,Desktop
U06614,2026-04-22,UAE,Desktop
U06615,2025-12-09,India,Desktop
U06616,2026-04-25,India,Desktop
U06617,2026-02-09,India,Mobile
U06618,2026-04-27,UK,Tablet
U06619,2026-06-30,India,Mobile
U06620,2026-03-28,UAE,Desktop
U06621,2026-07-13,India,Desktop
U06622,2026-03-23,UK,Tablet
U06623,2025-12-07,India,Mobile
U06624,2025-12-10,UK,Mobile
U06625,2025-11-25,UK,Desktop
U06626,2025-12-13,Singapore,Tablet
U06627,2025-08-17,Singapore,Mobile
U06628,2026-01-11,India,Tablet
U06629,2025-08-08,UK,Mobile
U06630,2026-03-01,USA,Desktop
U06631,2025-11-13,Singapore,Mobile
U06632,2026-01-31,UK,Mobile
U06633,2025-12-28,India,Desktop
U06634,2026-02-14,UK,Mobile
U06635,2026-05-01,UAE,Desktop
U06636,2025-08-31,UAE,Mobile
U06637,2026-07-16,UK,Desktop
U06638,2026-05-05,Singapore,Desktop
U06639,2026-04-30,USA,Tablet
U06640,2026-05-06,UAE,Tablet
U06641,2026-07-15,UK,Tablet
U06642,2026-01-27,USA,Tablet
U06643,2026-02-28,USA,Desktop
U06644,2025-09-10,USA,Desktop
U06645,2025-08-08,Singapore,Mobile
U06646,2025-11-08,UK,Desktop
U06647,2026-07-11,India,Desktop
U06648,2026-07-18,Singapore,Tablet
U06649,2025-12-07,UAE,Tablet
U06650,2026-07-19,USA,Desktop
U06651,2025-09-03,UAE,Mobile
U06652,2025-12-15,USA,Tablet
U06653,2025-11-02,UAE,Tablet
U06654,2025-09-26,UK,Tablet
U06655,2026-04-29,UK,Desktop
U06656,2025-10-17,UK,Desktop
U06657,2025-08-29,UAE,Desktop
U06658,2026-06-28,UAE,Desktop
U06659,2026-02-08,India,Tablet
U06660,2025-11-05,India,Desktop
U06661,2025-11-27,India,Mobile
U06662,2026-02-12,Singapore,Desktop
U06663,2025-10-28,USA,Tablet
U06664,2025-09-20,Singapore,Desktop
U06665,2025-09-21,USA,Tablet
U06666,2025-09-05,Singapore,Tablet
U06667,2025-12-10,UK,Mobile
U06668,2025-11-02,UAE,Mobile
U06669,2025-12-17,UAE,Tablet
U06670,2026-01-12,India,Desktop
U06671,2025-11-16,Singapore,Desktop
U06672,2025-10-22,India,Mobile
U06673,2025-11-01,India,Desktop
U06674,2025-10-20,India,Desktop
U06675,2025-11-01,Singapore,Mobile
U06676,2026-01-01,UK,Tablet
U06677,2026-03-30,UAE,Tablet
U06678,2026-06-04,UK,Mobile
U06679,2026-04-12,India,Tablet
U06680,2026-03-17,Singapore,Tablet
U06681,2025-08-04,Singapore,Tablet
U06682,2025-11-25,India,Tablet
U06683,2026-05-29,USA,Tablet
U06684,2025-11-29,USA,Tablet
U06685,2026-03-14,UAE,Mobile
U06686,2026-05-19,USA,Tablet
U06687,2025-08-21,USA,Desktop
U06688,2025-07-27,UK,Tablet
U06689,2025-07-26,India,Desktop
U06690,2025-08-17,Singapore,Tablet
U06691,2025-08-26,USA,Mobile
U06692,2026-03-07,India,Mobile
U06693,2026-07-12,USA,Tablet
U06694,2026-05-22,India,Tablet
U06695,2025-09-16,India,Mobile
U06696,2026-01-20,USA,Mobile
U06697,2026-05-05,UAE,Mobile
U06698,2025-08-16,Singapore,Desktop
U06699,2025-12-02,UAE,Mobile
U06700,2025-09-21,India,Desktop
U06701,2026-03-31,UAE,Desktop
U06702,2026-04-24,USA,Mobile
U06703,2025-08-31,Singapore,Desktop
U06704,2026-07-01,Singapore,Tablet
U06705,2025-11-02,UAE,Tablet
U06706,2026-04-05,Singapore,Mobile
U06707,2025-10-16,UAE,Mobile
U06708,2025-09-04,India,Mobile
U06709,2026-03-04,USA,Tablet
U06710,2026-02-12,USA,Mobile
U06711,2025-08-27,Singapore,Tablet
U06712,2025-07-29,Singapore,Mobile
U06713,2026-02-11,UAE,Desktop
U06714,2026-03-28,UK,Desktop
U06715,2026-06-25,India,Tablet
U06716,2026-06-26,UAE,Desktop
U06717,2025-11-17,UK,Desktop
U06718,2026-02-19,UAE,Tablet
U06719,2025-09-30,India,Desktop
U06720,2026-05-08,UAE,Desktop
U06721,2025-10-22,USA,Mobile
U06722,2025-11-14,UK,Desktop
U06723,2026-07-19,India,Tablet
U06724,2026-05-09,UAE,Mobile
U06725,2025-12-15,Singapore,Desktop
U06726,2025-09-02,India,Tablet
U06727,2025-09-28,Singapore,Desktop
U06728,2026-04-28,India,Desktop
U06729,2025-09-01,USA,Desktop
U06730,2025-10-21,UAE,Desktop
U06731,2026-05-08,India,Mobile
U06732,2026-07-06,UK,Tablet
U06733,2026-05-03,Singapore,Mobile
U06734,2026-04-18,UK,Tablet
U06735,2026-03-02,Singapore,Desktop
U06736,2025-09-13,Singapore,Mobile
U06737,2026-05-09,USA,Tablet
U06738,2025-10-20,USA,Desktop
U06739,2026-03-21,Singapore,Desktop
U06740,2025-09-13,UAE,Tablet
U06741,2026-05-01,USA,Desktop
U06742,2026-01-27,UK,Desktop
U06743,2026-06-26,India,Tablet
U06744,2026-03-16,UAE,Desktop
U06745,2025-11-02,UAE,Tablet
U06746,2026-03-30,USA,Tablet
U06747,2026-02-14,Singapore,Tablet
U06748,2025-11-14,Singapore,Desktop
U06749,2026-03-11,USA,Tablet
U06750,2026-03-05,UK,Tablet
U06751,2026-05-04,Singapore,Desktop
U06752,2026-05-24,Singapore,Tablet
U06753,2025-09-13,UAE,Mobile
U06754,2026-03-14,India,Mobile
U06755,2026-02-14,USA,Mobile
U06756,2026-01-19,India,Tablet
U06757,2025-11-23,India,Desktop
U06758,2026-01-11,UAE,Desktop
U06759,2026-07-03,USA,Tablet
U06760,2025-11-24,USA,Mobile
U06761,2026-04-02,USA,Tablet
U06762,2026-04-11,UAE,Desktop
U06763,2025-09-12,India,Mobile
U06764,2025-08-13,Singapore,Desktop
U06765,2026-04-08,India,Mobile
U06766,2026-05-11,India,Desktop
U06767,2025-08-18,UK,Tablet
U06768,2025-11-25,India,Mobile
U06769,2026-04-03,UK,Mobile
U06770,2026-04-27,UAE,Desktop
U06771,2026-03-25,USA,Tablet
U06772,2026-06-16,Singapore,Tablet
U06773,2025-07-26,USA,Mobile
U06774,2026-03-30,UK,Desktop
U06775,2026-01-20,UAE,Tablet
U06776,2025-09-29,UK,Mobile
U06777,2026-06-24,USA,Tablet
U06778,2025-07-20,USA,Desktop
U06779,2026-03-10,Singapore,Mobile
U06780,2025-10-10,India,Tablet
U06781,2026-06-06,India,Tablet
U06782,2026-03-09,India,Mobile
U06783,2026-07-04,India,Mobile
U06784,2026-05-03,India,Desktop
U06785,2026-07-03,UAE,Tablet
U06786,2026-02-05,Singapore,Mobile
U06787,2025-09-03,UK,Mobile
U06788,2026-03-28,Singapore,Desktop
U06789,2026-01-01,USA,Mobile
U06790,2025-11-23,Singapore,Desktop
U06791,2026-06-22,Singapore,Desktop
U06792,2025-10-01,UK,Tablet
U06793,2025-11-05,Singapore,Mobile
U06794,2025-11-19,India,Desktop
U06795,2026-01-13,UAE,Tablet
U06796,2026-04-14,UAE,Mobile
U06797,2025-12-31,Singapore,Mobile
U06798,2026-07-06,USA,Tablet
U06799,2026-07-09,UK,Mobile
U06800,2025-11-28,India,Desktop
U06801,2026-03-29,USA,Mobile
U06802,2026-05-22,Singapore,Tablet
U06803,2026-05-18,UK,Mobile
U06804,2026-01-21,USA,Desktop
U06805,2026-02-04,UK,Desktop
U06806,2025-12-29,UK,Mobile
U06807,2026-05-18,USA,Desktop
U06808,2026-03-03,India,Tablet
U06809,2026-02-28,Singapore,Mobile
U06810,2026-01-30,Singapore,Tablet
U06811,2025-09-21,Singapore,Desktop
U06812,2025-11-09,UAE,Tablet
U06813,2025-11-09,India,Tablet
U06814,2026-06-29,India,Tablet
U06815,2026-01-15,UAE,Desktop
U06816,2026-04-21,India,Mobile
U06817,2026-03-28,UK,Desktop
U06818,2025-11-27,UK,Mobile
U06819,2026-02-28,UK,Mobile
U06820,2026-02-27,USA,Mobile
U06821,2026-05-03,Singapore,Tablet
U06822,2026-07-05,UK,Tablet
U06823,2025-10-16,India,Mobile
U06824,2026-01-08,UAE,Mobile
U06825,2026-07-17,Singapore,Tablet
U06826,2026-06-20,India,Desktop
U06827,2025-10-15,India,Desktop
U06828,2026-07-19,Singapore,Tablet
U06829,2026-07-02,Singapore,Mobile
U06830,2025-10-02,Singapore,Desktop
U06831,2025-08-08,USA,Desktop
U06832,2025-12-18,India,Mobile
U06833,2026-05-29,India,Desktop
U06834,2025-11-06,Singapore,Mobile
U06835,2025-08-27,UK,Desktop
U06836,2025-12-22,UAE,Desktop
U06837,2025-12-04,USA,Mobile
U06838,2025-08-05,India,Mobile
U06839,2026-06-16,USA,Tablet
U06840,2026-01-07,Singapore,Desktop
U06841,2026-06-21,India,Tablet
U06842,2026-02-18,UAE,Mobile
U06843,2025-09-11,UAE,Desktop
U06844,2026-05-06,USA,Desktop
U06845,2025-11-26,UAE,Tablet
U06846,2025-10-26,USA,Mobile
U06847,2026-04-11,UAE,Mobile
U06848,2025-10-29,Singapore,Desktop
U06849,2025-08-03,UK,Mobile
U06850,2026-07-15,UK,Desktop
U06851,2025-08-18,India,Mobile
U06852,2026-04-07,USA,Mobile
U06853,2026-04-08,Singapore,Mobile
U06854,2025-10-03,USA,Desktop
U06855,2026-04-28,Singapore,Tablet
U06856,2025-10-15,India,Mobile
U06857,2025-09-19,USA,Mobile
U06858,2026-01-28,India,Mobile
U06859,2026-03-01,USA,Desktop
U06860,2025-08-17,USA,Desktop
U06861,2025-09-12,India,Desktop
U06862,2026-06-28,UK,Tablet
U06863,2026-04-29,USA,Desktop
U06864,2025-10-09,USA,Tablet
U06865,2025-10-11,UAE,Desktop
U06866,2026-04-04,India,Tablet
U06867,2025-12-13,India,Mobile
U06868,2026-02-06,UK,Tablet
U06869,2026-03-15,USA,Desktop
U06870,2026-07-15,UK,Mobile
U06871,2026-07-02,UAE,Tablet
U06872,2025-09-15,UK,Desktop
U06873,2026-05-02,Singapore,Desktop
U06874,2025-08-07,USA,Tablet
U06875,2026-05-25,UK,Desktop
U06876,2026-05-21,Singapore,Tablet
U06877,2025-10-09,India,Mobile
U06878,2026-03-31,UK,Desktop
U06879,2025-11-15,Singapore,Desktop
U06880,2026-06-26,UK,Mobile
U06881,2026-02-05,USA,Mobile
U06882,2025-12-10,Singapore,Mobile
U06883,2025-11-28,UK,Tablet
U06884,2026-02-27,Singapore,Mobile
U06885,2026-01-29,India,Desktop
U06886,2025-11-08,USA,Mobile
U06887,2026-03-20,USA,Tablet
U06888,2026-03-04,UAE,Tablet
U06889,2026-05-31,UAE,Mobile
U06890,2026-06-07,India,Desktop
U06891,2026-05-11,India,Desktop
U06892,2026-03-26,UK,Tablet
U06893,2025-08-23,UAE,Desktop
U06894,2025-12-16,India,Mobile
U06895,2025-10-23,UK,Tablet
U06896,2026-01-03,UAE,Desktop
U06897,2025-09-14,India,Desktop
U06898,2025-12-17,UAE,Desktop
U06899,2025-09-24,India,Mobile
U06900,2026-01-03,USA,Desktop
U06901,2025-11-22,USA,Tablet
U06902,2025-09-11,UAE,Tablet
U06903,2026-06-19,India,Tablet
U06904,2026-03-23,UK,Mobile
U06905,2026-02-18,Singapore,Desktop
U06906,2025-10-03,India,Tablet
U06907,2025-09-06,UK,Desktop
U06908,2026-06-08,Singapore,Mobile
U06909,2025-08-27,India,Desktop
U06910,2026-06-01,Singapore,Desktop
U06911,2025-12-16,UAE,Tablet
U06912,2025-08-14,India,Mobile
U06913,2026-05-19,Singapore,Desktop
U06914,2025-09-04,UK,Tablet
U06915,2025-12-27,UAE,Desktop
U06916,2025-12-28,Singapore,Tablet
U06917,2025-12-03,Singapore,Tablet
U06918,2026-03-12,UK,Mobile
U06919,2026-05-11,UAE,Desktop
U06920,2026-07-02,USA,Mobile
U06921,2026-02-23,India,Desktop
U06922,2025-12-15,UK,Mobile
U06923,2026-03-06,USA,Tablet
U06924,2026-04-20,UK,Desktop
U06925,2026-06-17,Singapore,Desktop
U06926,2026-03-06,India,Tablet
U06927,2025-12-09,UK,Desktop
U06928,2026-03-03,UK,Tablet
U06929,2026-01-08,UK,Tablet
U06930,2025-09-30,Singapore,Mobile
U06931,2025-10-24,India,Desktop
U06932,2025-12-09,Singapore,Tablet
U06933,2025-07-22,UK,Desktop
U06934,2025-07-29,USA,Desktop
U06935,2026-03-18,UAE,Mobile
U06936,2026-03-06,UAE,Mobile
U06937,2026-01-03,UAE,Mobile
U06938,2025-08-17,UK,Desktop
U06939,2025-08-09,Singapore,Mobile
U06940,2025-12-04,UAE,Mobile
U06941,2026-05-27,Singapore,Mobile
U06942,2026-04-15,UK,Tablet
U06943,2025-07-19,Singapore,Desktop
U06944,2026-06-01,India,Desktop
U06945,2025-12-22,USA,Desktop
U06946,2025-12-07,UK,Desktop
U06947,2026-05-21,UAE,Mobile
U06948,2026-01-26,USA,Tablet
U06949,2025-11-19,USA,Mobile
U06950,2026-05-18,Singapore,Tablet
U06951,2026-03-11,India,Mobile
U06952,2025-10-21,India,Tablet
U06953,2026-07-01,India,Mobile
U06954,2025-09-08,Singapore,Desktop
U06955,2025-12-10,Singapore,Desktop
U06956,2025-10-14,India,Tablet
U06957,2026-02-08,USA,Mobile
U06958,2026-04-11,UK,Desktop
U06959,2026-01-14,India,Tablet
U06960,2025-12-04,UK,Tablet
U06961,2026-02-03,India,Tablet
U06962,2025-09-22,USA,Desktop
U06963,2026-05-29,India,Mobile
U06964,2026-04-27,Singapore,Desktop
U06965,2026-06-22,India,Tablet
U06966,2025-08-08,India,Mobile
U06967,2025-09-04,USA,Desktop
U06968,2025-09-05,Singapore,Desktop
U06969,2025-10-04,UAE,Mobile
U06970,2026-06-23,UAE,Desktop
U06971,2026-07-04,USA,Mobile
U06972,2026-02-19,UK,Tablet
U06973,2025-11-29,UK,Desktop
U06974,2026-02-21,UAE,Tablet
U06975,2025-12-28,UK,Desktop
U06976,2025-11-18,UK,Tablet
U06977,2025-11-01,India,Mobile
U06978,2026-01-17,UK,Mobile
U06979,2026-03-26,UK,Mobile
U06980,2026-04-06,Singapore,Mobile
U06981,2026-07-15,India,Tablet
U06982,2025-08-28,USA,Desktop
U06983,2026-07-02,Singapore,Tablet
U06984,2026-05-19,Singapore,Tablet
U06985,2026-05-12,UK,Mobile
U06986,2026-06-16,UAE,Tablet
U06987,2026-07-15,India,Tablet
U06988,2026-05-07,USA,Desktop
U06989,2025-11-27,India,Mobile
U06990,2026-05-01,USA,Tablet
U06991,2026-05-24,Singapore,Tablet
U06992,2025-08-07,Singapore,Tablet
U06993,2025-09-17,UAE,Tablet
U06994,2026-04-13,India,Tablet
U06995,2025-10-19,India,Tablet
U06996,2026-03-27,UAE,Tablet
U06997,2025-09-16,Singapore,Tablet
U06998,2025-07-25,UAE,Desktop
U06999,2025-09-30,UK,Mobile
U07000,2026-01-30,Singapore,Desktop
U07001,2025-10-02,USA,Desktop
U07002,2025-11-05,USA,Desktop
U07003,2026-03-18,USA,Desktop
U07004,2025-10-16,UK,Tablet
U07005,2026-01-23,India,Tablet
U07006,2026-05-30,USA,Desktop
U07007,2026-03-11,UAE,Desktop
U07008,2025-09-04,India,Desktop
U07009,2026-05-15,Singapore,Tablet
U07010,2025-09-23,India,Desktop
U07011,2026-02-04,UAE,Tablet
U07012,2026-02-04,USA,Desktop
U07013,2026-07-05,UAE,Mobile
U07014,2026-01-21,Singapore,Mobile
U07015,2025-10-15,Singapore,Mobile
U07016,2025-09-23,UAE,Tablet
U07017,2025-11-16,Singapore,Tablet
U07018,2025-09-09,USA,Tablet
U07019,2026-07-04,UK,Desktop
U07020,2026-07-13,UK,Desktop
U07021,2026-07-11,India,Mobile
U07022,2025-08-18,UAE,Desktop
U07023,2026-02-24,Singapore,Mobile
U07024,2025-09-04,Singapore,Desktop
U07025,2025-10-31,USA,Mobile
U07026,2026-02-16,UAE,Mobile
U07027,2025-12-04,USA,Mobile
U07028,2025-11-17,UAE,Desktop
U07029,2026-07-13,Singapore,Tablet
U07030,2025-12-03,UAE,Tablet
U07031,2026-04-04,India,Mobile
U07032,2025-11-24,India,Desktop
U07033,2025-09-16,India,Tablet
U07034,2026-03-09,USA,Mobile
U07035,2026-07-13,USA,Tablet
U07036,2026-03-02,Singapore,Desktop
U07037,2025-08-14,UAE,Desktop
U07038,2026-04-19,USA,Desktop
U07039,2025-12-25,Singapore,Mobile
U07040,2026-02-19,UK,Mobile
U07041,2025-10-24,UK,Desktop
U07042,2025-08-07,Singapore,Tablet
U07043,2026-04-26,Singapore,Mobile
U07044,2026-06-26,India,Mobile
U07045,2025-07-30,UK,Desktop
U07046,2026-05-14,UAE,Tablet
U07047,2025-10-11,UAE,Tablet
U07048,2026-06-19,UAE,Desktop
U07049,2025-08-17,UAE,Tablet
U07050,2026-03-11,USA,Tablet
U07051,2026-01-14,USA,Tablet
U07052,2026-06-22,Singapore,Tablet
U07053,2025-08-15,India,Mobile
U07054,2025-11-22,India,Tablet
U07055,2025-11-30,Singapore,Desktop
U07056,2025-08-16,UAE,Desktop
U07057,2025-10-31,UK,Desktop
U07058,2026-03-06,USA,Tablet
U07059,2026-04-08,Singapore,Desktop
U07060,2026-05-11,India,Mobile
U07061,2026-01-06,UK,Desktop
U07062,2025-08-24,UK,Mobile
U07063,2026-02-09,Singapore,Tablet
U07064,2026-04-10,Singapore,Tablet
U07065,2025-12-23,Singapore,Desktop
U07066,2026-05-28,UK,Desktop
U07067,2026-03-19,UAE,Desktop
U07068,2025-09-27,USA,Mobile
U07069,2025-10-21,India,Tablet
U07070,2026-01-14,USA,Desktop
U07071,2025-11-25,Singapore,Desktop
U07072,2025-11-29,Singapore,Tablet
U07073,2025-09-10,UK,Mobile
U07074,2025-10-02,UK,Desktop
U07075,2026-06-15,USA,Mobile
U07076,2025-08-23,UK,Desktop
U07077,2026-01-19,UAE,Desktop
U07078,2026-01-09,USA,Mobile
U07079,2025-08-19,UK,Desktop
U07080,2025-11-21,Singapore,Mobile
U07081,2026-02-03,USA,Tablet
U07082,2026-03-07,UK,Mobile
U07083,2026-03-08,India,Mobile
U07084,2026-01-14,Singapore,Tablet
U07085,2025-10-12,USA,Mobile
U07086,2025-10-06,Singapore,Mobile
U07087,2026-01-04,Singapore,Tablet
U07088,2026-06-03,USA,Mobile
U07089,2025-12-12,UAE,Mobile
U07090,2026-02-25,UK,Mobile
U07091,2026-06-04,UK,Tablet
U07092,2025-11-07,UAE,Tablet
U07093,2025-10-17,UAE,Tablet
U07094,2025-12-25,USA,Desktop
U07095,2025-08-04,UK,Mobile
U07096,2025-12-16,India,Desktop
U07097,2025-08-22,UAE,Desktop
U07098,2026-07-01,UK,Mobile
U07099,2026-03-02,USA,Desktop
U07100,2026-04-13,India,Desktop
U07101,2026-02-19,India,Tablet
U07102,2026-05-23,USA,Tablet
U07103,2025-12-27,India,Desktop
U07104,2025-09-07,USA,Tablet
U07105,2026-01-15,UK,Desktop
U07106,2026-04-06,UAE,Tablet
U07107,2026-06-27,Singapore,Tablet
U07108,2026-03-26,India,Tablet
U07109,2026-06-30,UK,Mobile
U07110,2026-05-12,UAE,Mobile
U07111,2026-01-15,Singapore,Desktop
U07112,2025-08-29,USA,Tablet
U07113,2026-03-18,India,Tablet
U07114,2026-07-14,India,Mobile
U07115,2025-08-12,USA,Tablet
U07116,2026-03-11,UAE,Mobile
U07117,2025-07-22,USA,Desktop
U07118,2026-06-25,UAE,Mobile
U07119,2025-09-17,UAE,Mobile
U07120,2025-11-18,UAE,Desktop
U07121,2025-08-12,USA,Mobile
U07122,2025-12-02,India,Tablet
U07123,2025-09-15,USA,Mobile
U07124,2025-08-26,UAE,Mobile
U07125,2025-10-19,UAE,Tablet
U07126,2026-06-28,Singapore,Mobile
U07127,2025-09-18,USA,Mobile
U07128,2025-10-22,UAE,Tablet
U07129,2025-09-18,UK,Tablet
U07130,2026-02-10,UAE,Tablet
U07131,2025-12-19,Singapore,Mobile
U07132,2026-03-17,UK,Desktop
U07133,2026-06-11,Singapore,Tablet
U07134,2025-09-05,USA,Desktop
U07135,2026-05-16,USA,Desktop
U07136,2026-01-08,UAE,Desktop
U07137,2026-07-09,UAE,Tablet
U07138,2025-08-11,UK,Tablet
U07139,2026-05-25,UAE,Desktop
U07140,2025-09-07,India,Mobile
U07141,2025-12-20,India,Desktop
U07142,2026-01-20,UAE,Desktop
U07143,2025-11-14,UK,Mobile
U07144,2025-07-31,UAE,Mobile
U07145,2025-12-03,USA,Desktop
U07146,2026-02-03,UK,Tablet
U07147,2025-10-16,India,Desktop
U07148,2025-08-15,UAE,Tablet
U07149,2026-01-30,USA,Desktop
U07150,2026-07-17,UAE,Tablet
U07151,2026-05-01,UAE,Tablet
U07152,2026-04-14,USA,Mobile
U07153,2025-09-05,UK,Desktop
U07154,2026-07-01,Singapore,Mobile
U07155,2026-06-05,UAE,Mobile
U07156,2026-05-25,Singapore,Desktop
U07157,2026-04-25,UK,Tablet
U07158,2025-12-04,UK,Desktop
U07159,2025-07-25,UAE,Desktop
U07160,2025-07-21,UAE,Desktop
U07161,2026-04-22,UK,Mobile
U07162,2025-08-09,UK,Desktop
U07163,2025-08-10,USA,Desktop
U07164,2025-08-14,India,Desktop
U07165,2026-03-26,UAE,Desktop
U07166,2026-06-28,USA,Tablet
U07167,2025-11-20,USA,Tablet
U07168,2026-05-21,USA,Tablet
U07169,2025-12-02,India,Tablet
U07170,2026-02-13,Singapore,Desktop
U07171,2025-08-31,USA,Tablet
U07172,2025-08-07,Singapore,Mobile
U07173,2025-10-29,India,Desktop
U07174,2026-01-10,India,Tablet
U07175,2025-12-20,UK,Desktop
U07176,2025-08-18,Singapore,Mobile
U07177,2025-11-14,India,Tablet
U07178,2026-06-18,USA,Desktop
U07179,2025-08-24,Singapore,Mobile
U07180,2025-09-29,USA,Tablet
U07181,2026-02-12,UAE,Tablet
U07182,2025-10-20,USA,Desktop
U07183,2025-09-01,USA,Desktop
U07184,2026-03-05,UK,Desktop
U07185,2026-05-16,USA,Tablet
U07186,2026-06-13,USA,Mobile
U07187,2025-12-02,India,Mobile
U07188,2026-06-28,Singapore,Mobile
U07189,2025-08-21,Singapore,Desktop
U07190,2025-08-18,UAE,Mobile
U07191,2025-12-12,USA,Desktop
U07192,2025-08-18,UK,Mobile
U07193,2026-03-29,USA,Tablet
U07194,2025-07-20,USA,Mobile
U07195,2026-01-15,UK,Tablet
U07196,2025-08-01,India,Desktop
U07197,2026-04-03,UAE,Mobile
U07198,2026-07-10,UK,Mobile
U07199,2025-11-29,India,Mobile
U07200,2026-02-17,Singapore,Tablet
U07201,2025-11-20,UAE,Mobile
U07202,2025-09-06,India,Tablet
U07203,2026-04-02,Singapore,Tablet
U07204,2026-02-24,USA,Mobile
U07205,2026-05-12,Singapore,Desktop
U07206,2025-10-18,USA,Tablet
U07207,2026-07-02,UK,Desktop
U07208,2025-09-17,UAE,Tablet
U07209,2025-11-17,India,Desktop
U07210,2025-07-29,UK,Desktop
U07211,2025-08-07,USA,Mobile
U07212,2025-10-11,UK,Tablet
U07213,2025-10-10,Singapore,Desktop
U07214,2026-06-21,UAE,Desktop
U07215,2026-05-06,UAE,Mobile
U07216,2026-01-19,USA,Desktop
U07217,2025-09-28,Singapore,Desktop
U07218,2026-06-28,UAE,Desktop
U07219,2026-02-07,Singapore,Tablet
U07220,2026-03-04,USA,Desktop
U07221,2026-05-21,India,Desktop
U07222,2026-04-26,UAE,Desktop
U07223,2026-01-31,Singapore,Tablet
U07224,2025-11-24,India,Desktop
U07225,2025-08-13,USA,Tablet
U07226,2026-03-05,India,Desktop
U07227,2026-06-25,USA,Desktop
U07228,2026-04-10,UK,Desktop
U07229,2025-11-07,Singapore,Mobile
U07230,2026-01-11,UK,Desktop
U07231,2025-09-05,USA,Tablet
U07232,2025-12-14,India,Mobile
U07233,2026-03-17,Singapore,Mobile
U07234,2026-04-16,USA,Desktop
U07235,2025-08-07,Singapore,Mobile
U07236,2026-05-24,India,Mobile
U07237,2025-12-13,UAE,Tablet
U07238,2026-02-13,UAE,Tablet
U07239,2026-03-13,Singapore,Mobile
U07240,2025-08-09,India,Desktop
U07241,2025-11-28,UK,Desktop
U07242,2026-01-05,UK,Tablet
U07243,2026-06-18,UK,Mobile
U07244,2025-11-11,India,Desktop
U07245,2026-02-07,Singapore,Tablet
U07246,2026-01-19,UAE,Mobile
U07247,2026-05-18,UK,Tablet
U07248,2025-12-26,USA,Tablet
U07249,2026-03-19,UAE,Tablet
U07250,2026-03-05,UAE,Desktop
U07251,2026-01-21,USA,Desktop
U07252,2026-04-08,UAE,Tablet
U07253,2026-01-18,UAE,Tablet
U07254,2025-11-05,Singapore,Tablet
U07255,2026-01-02,India,Mobile
U07256,2026-01-01,UAE,Tablet
U07257,2026-01-14,India,Desktop
U07258,2025-10-13,USA,Mobile
U07259,2025-12-13,USA,Tablet
U07260,2026-03-29,India,Mobile
U07261,2026-05-07,USA,Desktop
U07262,2026-01-26,India,Mobile
U07263,2025-10-22,UAE,Desktop
U07264,2026-04-02,USA,Tablet
U07265,2026-01-30,Singapore,Desktop
U07266,2026-01-12,USA,Tablet
U07267,2025-09-18,Singapore,Desktop
U07268,2026-01-09,UAE,Mobile
U07269,2025-09-29,UK,Mobile
U07270,2025-12-15,UAE,Desktop
U07271,2026-01-29,UK,Tablet
U07272,2025-11-20,UK,Tablet
U07273,2026-01-18,UK,Tablet
U07274,2026-01-29,USA,Mobile
U07275,2025-11-17,UK,Tablet
U07276,2025-11-15,USA,Tablet
U07277,2025-09-08,UK,Tablet
U07278,2026-07-03,Singapore,Desktop
U07279,2026-07-02,UAE,Desktop
U07280,2026-01-17,USA,Desktop
U07281,2026-06-11,USA,Mobile
U07282,2025-09-30,Singapore,Tablet
U07283,2026-05-07,UAE,Mobile
U07284,2025-08-09,UK,Desktop
U07285,2026-02-05,USA,Mobile
U07286,2026-06-03,UAE,Mobile
U07287,2026-01-28,India,Desktop
U07288,2026-05-27,USA,Mobile
U07289,2025-12-18,India,Tablet
U07290,2025-08-29,UAE,Desktop
U07291,2025-09-14,India,Mobile
U07292,2026-01-25,Singapore,Desktop
U07293,2025-10-25,Singapore,Mobile
U07294,2025-12-31,India,Desktop
U07295,2025-08-27,Singapore,Mobile
U07296,2025-10-18,UK,Tablet
U07297,2025-11-23,India,Mobile
U07298,2026-05-01,UK,Desktop
U07299,2026-05-17,UAE,Tablet
U07300,2025-12-01,UK,Desktop
U07301,2026-01-25,Singapore,Desktop
U07302,2026-02-27,UK,Tablet
U07303,2026-05-20,Singapore,Tablet
U07304,2025-09-29,USA,Mobile
U07305,2025-08-19,Singapore,Mobile
U07306,2025-12-16,India,Tablet
U07307,2026-05-15,USA,Desktop
U07308,2026-02-21,USA,Desktop
U07309,2025-12-03,Singapore,Mobile
U07310,2025-07-21,USA,Tablet
U07311,2026-06-01,Singapore,Tablet
U07312,2026-05-04,UAE,Desktop
U07313,2025-10-09,Singapore,Tablet
U07314,2026-03-22,Singapore,Desktop
U07315,2026-06-24,Singapore,Tablet
U07316,2026-07-15,UAE,Mobile
U07317,2026-07-10,USA,Mobile
U07318,2026-04-03,USA,Mobile
U07319,2025-11-10,India,Tablet
U07320,2026-06-29,USA,Mobile
U07321,2025-11-28,USA,Desktop
U07322,2025-09-03,India,Desktop
U07323,2026-01-03,India,Mobile
U07324,2025-11-06,USA,Tablet
U07325,2025-08-20,UAE,Desktop
U07326,2025-08-04,UAE,Desktop
U07327,2025-10-24,UK,Tablet
U07328,2025-12-17,India,Mobile
U07329,2026-04-08,Singapore,Desktop
U07330,2026-07-04,UAE,Desktop
U07331,2026-02-15,UAE,Desktop
U07332,2026-01-24,UK,Tablet
U07333,2026-05-02,UK,Tablet
U07334,2026-04-05,India,Tablet
U07335,2025-09-26,USA,Mobile
U07336,2025-08-15,UK,Tablet
U07337,2026-05-08,USA,Desktop
U07338,2025-11-08,Singapore,Desktop
U07339,2025-10-19,UAE,Tablet
U07340,2025-08-05,UK,Tablet
U07341,2025-08-26,India,Tablet
U07342,2026-01-21,UAE,Tablet
U07343,2025-11-30,UK,Mobile
U07344,2026-01-04,India,Desktop
U07345,2025-12-24,UAE,Tablet
U07346,2025-12-20,UK,Tablet
U07347,2025-10-17,UAE,Mobile
U07348,2026-02-04,Singapore,Tablet
U07349,2025-08-18,USA,Desktop
U07350,2025-11-18,UK,Mobile
U07351,2026-06-13,India,Mobile
U07352,2025-12-18,UAE,Desktop
U07353,2026-06-02,Singapore,Mobile
U07354,2026-01-08,India,Tablet
U07355,2026-02-16,UK,Desktop
U07356,2026-04-22,India,Desktop
U07357,2025-09-18,UK,Tablet
U07358,2026-02-23,India,Tablet
U07359,2026-06-10,UK,Mobile
U07360,2025-11-07,UK,Tablet
U07361,2025-09-02,UAE,Desktop
U07362,2026-02-04,India,Tablet
U07363,2026-06-21,UK,Desktop
U07364,2026-07-04,India,Tablet
U07365,2026-02-26,India,Tablet
U07366,2025-11-19,UAE,Tablet
U07367,2026-01-18,UAE,Desktop
U07368,2026-04-30,USA,Desktop
U07369,2026-02-14,Singapore,Mobile
U07370,2026-03-17,India,Desktop
U07371,2025-11-24,India,Tablet
U07372,2025-10-26,USA,Tablet
U07373,2026-06-11,USA,Mobile
U07374,2026-05-15,India,Desktop
U07375,2026-05-25,India,Mobile
U07376,2026-03-27,UAE,Tablet
U07377,2025-08-02,India,Desktop
U07378,2026-02-24,India,Tablet
U07379,2025-12-02,UK,Mobile
U07380,2025-12-20,Singapore,Tablet
U07381,2026-01-30,India,Desktop
U07382,2026-03-25,UK,Tablet
U07383,2026-04-02,USA,Tablet
U07384,2025-11-20,UK,Tablet
U07385,2025-12-22,India,Tablet
U07386,2026-07-09,UAE,Desktop
U07387,2025-09-05,India,Mobile
U07388,2025-10-14,USA,Tablet
U07389,2025-11-22,USA,Tablet
U07390,2026-04-14,UK,Mobile
U07391,2025-07-22,USA,Desktop
U07392,2026-05-18,India,Desktop
U07393,2025-08-14,Singapore,Mobile
U07394,2025-09-27,Singapore,Desktop
U07395,2026-04-05,USA,Tablet
U07396,2025-09-20,India,Desktop
U07397,2025-08-01,UK,Tablet
U07398,2026-01-12,UK,Mobile
U07399,2026-07-19,UK,Desktop
U07400,2025-07-28,Singapore,Tablet
U07401,2026-02-05,India,Tablet
U07402,2026-03-22,UAE,Mobile
U07403,2026-06-09,India,Mobile
U07404,2026-03-30,USA,Tablet
U07405,2025-12-06,India,Mobile
U07406,2026-05-14,UK,Tablet
U07407,2026-04-08,India,Mobile
U07408,2025-07-21,India,Mobile
U07409,2025-09-26,UK,Desktop
U07410,2025-10-18,India,Tablet
U07411,2025-09-13,USA,Desktop
U07412,2026-05-05,USA,Tablet
U07413,2025-10-12,USA,Desktop
U07414,2026-05-06,India,Desktop
U07415,2026-07-16,UK,Mobile
U07416,2025-12-22,UK,Mobile
U07417,2025-08-12,Singapore,Desktop
U07418,2025-08-14,UAE,Mobile
U07419,2026-03-01,USA,Desktop
U07420,2026-06-16,USA,Mobile
U07421,2025-11-05,UK,Desktop
U07422,2025-11-02,UAE,Desktop
U07423,2025-09-19,India,Desktop
U07424,2026-05-16,UK,Tablet
U07425,2026-07-10,UK,Desktop
U07426,2025-09-09,Singapore,Desktop
U07427,2026-03-05,USA,Mobile
U07428,2025-12-02,Singapore,Desktop
U07429,2026-07-08,USA,Tablet
U07430,2026-04-08,Singapore,Mobile
U07431,2025-11-09,UAE,Desktop
U07432,2025-08-18,UK,Mobile
U07433,2025-11-05,UK,Tablet
U07434,2026-06-06,Singapore,Tablet
U07435,2025-09-28,UK,Mobile
U07436,2026-02-02,Singapore,Mobile
U07437,2026-06-25,UK,Mobile
U07438,2026-06-16,UAE,Desktop
U07439,2026-03-22,India,Mobile
U07440,2026-06-07,Singapore,Tablet
U07441,2025-10-11,USA,Desktop
U07442,2026-03-18,USA,Desktop
U07443,2026-04-20,Singapore,Desktop
U07444,2026-06-24,UK,Tablet
U07445,2025-12-06,UAE,Tablet
U07446,2025-10-25,Singapore,Mobile
U07447,2026-06-20,UK,Tablet
U07448,2025-12-07,India,Tablet
U07449,2026-03-03,UK,Mobile
U07450,2026-03-27,USA,Desktop
U07451,2025-09-24,UAE,Desktop
U07452,2026-05-27,UK,Tablet
U07453,2025-10-30,India,Mobile
U07454,2025-08-07,UK,Desktop
U07455,2026-06-23,USA,Desktop
U07456,2025-09-15,Singapore,Mobile
U07457,2026-02-03,India,Desktop
U07458,2025-08-25,Singapore,Desktop
U07459,2025-08-16,Singapore,Tablet
U07460,2026-05-27,UAE,Tablet
U07461,2025-10-04,UAE,Desktop
U07462,2025-11-09,USA,Desktop
U07463,2025-09-25,UK,Tablet
U07464,2025-12-14,UK,Desktop
U07465,2026-04-02,UAE,Desktop
U07466,2026-03-07,India,Mobile
U07467,2026-07-03,Singapore,Mobile
U07468,2025-10-16,UAE,Desktop
U07469,2026-05-27,UK,Tablet
U07470,2026-04-10,UAE,Tablet
U07471,2026-06-08,India,Mobile
U07472,2026-05-24,Singapore,Mobile
U07473,2025-08-02,UK,Tablet
U07474,2026-04-26,Singapore,Mobile
U07475,2026-06-21,Singapore,Mobile
U07476,2026-06-09,USA,Tablet
U07477,2026-01-20,UK,Mobile
U07478,2025-11-01,India,Desktop
U07479,2026-04-23,USA,Desktop
U07480,2025-10-31,UAE,Desktop
U07481,2025-08-10,USA,Desktop
U07482,2025-07-24,India,Tablet
U07483,2026-07-03,USA,Mobile
U07484,2026-06-07,USA,Desktop
U07485,2025-09-08,UK,Mobile
U07486,2025-08-30,USA,Mobile
U07487,2025-12-30,USA,Desktop
U07488,2026-01-08,India,Tablet
U07489,2026-03-19,USA,Mobile
U07490,2025-12-14,Singapore,Desktop
U07491,2026-03-26,India,Desktop
U07492,2025-09-12,USA,Desktop
U07493,2026-04-05,India,Desktop
U07494,2026-06-05,Singapore,Tablet
U07495,2025-11-07,UAE,Tablet
U07496,2026-01-21,USA,Desktop
U07497,2025-10-26,UAE,Desktop
U07498,2025-11-05,USA,Mobile
U07499,2025-11-19,UAE,Mobile
U07500,2025-08-12,UK,Mobile
U07501,2026-06-14,UAE,Desktop
U07502,2026-03-01,UK,Tablet
U07503,2025-08-04,UAE,Tablet
U07504,2026-05-16,UAE,Tablet
U07505,2025-12-09,India,Desktop
U07506,2025-12-10,UAE,Tablet
U07507,2025-08-21,Singapore,Mobile
U07508,2025-07-28,USA,Tablet
U07509,2026-01-12,USA,Mobile
U07510,2025-12-05,UK,Desktop
U07511,2025-12-26,UK,Tablet
U07512,2025-08-11,India,Tablet
U07513,2025-09-17,Singapore,Desktop
U07514,2026-01-31,India,Tablet
U07515,2025-09-17,USA,Mobile
U07516,2026-06-21,UAE,Mobile
U07517,2026-03-02,India,Mobile
U07518,2026-06-21,UK,Desktop
U07519,2026-02-22,India,Desktop
U07520,2026-01-12,UAE,Tablet
U07521,2026-05-25,USA,Desktop
U07522,2026-03-08,USA,Desktop
U07523,2025-09-11,UK,Desktop
U07524,2025-08-31,UAE,Mobile
U07525,2026-03-26,UK,Desktop
U07526,2025-12-01,USA,Mobile
U07527,2026-02-08,UAE,Tablet
U07528,2026-05-06,Singapore,Mobile
U07529,2025-12-16,UAE,Mobile
U07530,2025-08-10,UK,Tablet
U07531,2026-03-15,India,Tablet
U07532,2026-01-22,UAE,Mobile
U07533,2026-03-26,USA,Desktop
U07534,2026-02-02,USA,Tablet
U07535,2026-04-11,Singapore,Desktop
U07536,2026-05-22,UAE,Mobile
U07537,2026-06-01,UAE,Tablet
U07538,2026-03-26,UAE,Desktop
U07539,2026-05-01,India,Desktop
U07540,2025-12-10,UAE,Desktop
U07541,2026-03-15,India,Tablet
U07542,2025-11-21,UAE,Tablet
U07543,2026-07-15,UK,Desktop
U07544,2026-05-31,UK,Tablet
U07545,2026-02-14,UK,Mobile
U07546,2026-04-16,USA,Desktop
U07547,2026-07-15,Singapore,Desktop
U07548,2026-03-15,India,Mobile
U07549,2025-08-11,India,Desktop
U07550,2025-08-02,Singapore,Desktop
U07551,2026-02-20,USA,Tablet
U07552,2026-03-05,Singapore,Tablet
U07553,2026-07-14,UAE,Desktop
U07554,2026-06-10,India,Desktop
U07555,2026-06-16,UK,Mobile
U07556,2026-05-03,India,Desktop
U07557,2025-12-21,UAE,Desktop
U07558,2026-07-10,India,Tablet
U07559,2026-05-26,UK,Desktop
U07560,2025-12-17,UAE,Desktop
U07561,2025-11-07,UK,Mobile
U07562,2025-11-20,Singapore,Desktop
U07563,2026-01-07,USA,Desktop
U07564,2025-11-29,UK,Desktop
U07565,2026-03-08,India,Desktop
U07566,2026-03-08,UK,Desktop
U07567,2026-01-28,India,Tablet
U07568,2025-09-27,India,Desktop
U07569,2026-01-27,India,Tablet
U07570,2025-12-29,UAE,Mobile
U07571,2026-01-12,USA,Mobile
U07572,2026-06-17,Singapore,Mobile
U07573,2025-07-25,USA,Tablet
U07574,2025-12-20,USA,Tablet
U07575,2026-06-14,UAE,Desktop
U07576,2026-07-05,UK,Desktop
U07577,2025-07-21,UAE,Tablet
U07578,2026-06-27,Singapore,Mobile
U07579,2025-08-25,Singapore,Tablet
U07580,2026-01-18,UAE,Mobile
U07581,2026-02-26,India,Desktop
U07582,2025-11-04,UK,Mobile
U07583,2025-10-06,USA,Tablet
U07584,2025-07-19,India,Desktop
U07585,2026-06-11,Singapore,Tablet
U07586,2026-05-01,India,Desktop
U07587,2026-01-20,UK,Desktop
U07588,2026-02-13,UAE,Mobile
U07589,2026-02-16,USA,Tablet
U07590,2026-04-26,UK,Tablet
U07591,2026-06-05,India,Desktop
U07592,2026-03-02,India,Mobile
U07593,2025-10-13,Singapore,Desktop
U07594,2025-09-02,UK,Tablet
U07595,2026-01-19,Singapore,Tablet
U07596,2025-12-30,USA,Tablet
U07597,2026-04-11,India,Desktop
U07598,2026-06-21,Singapore,Desktop
U07599,2026-06-11,USA,Desktop
U07600,2025-11-22,UK,Tablet
U07601,2026-07-01,USA,Desktop
U07602,2026-03-30,Singapore,Tablet
U07603,2025-12-31,India,Tablet
U07604,2026-05-16,UAE,Mobile
U07605,2026-03-04,UK,Desktop
U07606,2026-03-06,India,Desktop
U07607,2026-05-26,USA,Mobile
U07608,2026-06-12,UAE,Tablet
U07609,2026-05-15,USA,Desktop
U07610,2026-06-07,UK,Desktop
U07611,2026-05-02,Singapore,Tablet
U07612,2026-02-01,UK,Mobile
U07613,2026-03-03,USA,Mobile
U07614,2026-05-03,India,Tablet
U07615,2025-12-13,UK,Mobile
U07616,2025-10-26,India,Tablet
U07617,2026-04-28,UK,Tablet
U07618,2026-02-22,Singapore,Desktop
U07619,2025-08-14,Singapore,Desktop
U07620,2025-11-22,Singapore,Desktop
U07621,2025-10-11,Singapore,Desktop
U07622,2026-04-29,UAE,Tablet
U07623,2026-03-02,India,Desktop
U07624,2025-10-12,UK,Desktop
U07625,2025-10-07,UK,Desktop
U07626,2026-01-20,USA,Desktop
U07627,2026-01-14,UAE,Mobile
U07628,2026-05-12,Singapore,Tablet
U07629,2026-07-01,USA,Tablet
U07630,2025-08-08,UAE,Desktop
U07631,2025-11-04,UAE,Mobile
U07632,2026-01-07,Singapore,Mobile
U07633,2026-03-21,UAE,Tablet
U07634,2025-09-30,UK,Mobile
U07635,2025-10-07,USA,Tablet
U07636,2026-05-05,Singapore,Desktop
U07637,2026-05-07,UK,Desktop
U07638,2025-11-03,UK,Desktop
U07639,2026-02-24,UAE,Mobile
U07640,2025-12-24,USA,Tablet
U07641,2025-10-09,Singapore,Mobile
U07642,2026-02-10,Singapore,Desktop
U07643,2026-06-25,Singapore,Desktop
U07644,2025-11-23,UAE,Mobile
U07645,2026-02-03,UK,Tablet
U07646,2026-05-20,UAE,Mobile
U07647,2025-11-02,UAE,Tablet
U07648,2026-07-02,USA,Desktop
U07649,2025-09-24,Singapore,Mobile
U07650,2025-08-21,India,Desktop
U07651,2025-09-04,USA,Mobile
U07652,2025-09-07,India,Tablet
U07653,2025-08-13,UK,Mobile
U07654,2025-12-23,USA,Tablet
U07655,2025-08-30,UAE,Tablet
U07656,2025-12-20,UAE,Desktop
U07657,2026-03-12,USA,Desktop
U07658,2025-08-02,Singapore,Desktop
U07659,2025-10-07,UK,Desktop
U07660,2026-02-27,India,Tablet
U07661,2025-07-27,UK,Tablet
U07662,2025-07-19,Singapore,Tablet
U07663,2025-09-13,UAE,Mobile
U07664,2026-02-25,UAE,Desktop
U07665,2025-08-11,UAE,Desktop
U07666,2026-02-07,UAE,Mobile
U07667,2026-02-26,USA,Desktop
U07668,2026-06-06,UK,Mobile
U07669,2026-04-01,Singapore,Desktop
U07670,2026-01-06,UAE,Tablet
U07671,2026-06-17,USA,Tablet
U07672,2025-11-13,India,Desktop
U07673,2025-11-09,Singapore,Tablet
U07674,2025-09-21,UAE,Desktop
U07675,2025-10-14,UAE,Mobile
U07676,2026-01-01,India,Tablet
U07677,2025-09-25,USA,Mobile
U07678,2025-07-26,Singapore,Tablet
U07679,2025-08-04,Singapore,Mobile
U07680,2025-08-05,Singapore,Tablet
U07681,2025-12-16,UAE,Mobile
U07682,2026-01-20,UK,Tablet
U07683,2025-09-30,USA,Mobile
U07684,2026-02-25,Singapore,Tablet
U07685,2026-05-12,UAE,Tablet
U07686,2025-08-28,India,Desktop
U07687,2026-02-09,India,Tablet
U07688,2026-07-11,Singapore,Tablet
U07689,2026-04-20,UAE,Tablet
U07690,2025-10-27,Singapore,Mobile
U07691,2026-05-11,USA,Desktop
U07692,2025-09-09,UK,Tablet
U07693,2026-03-14,USA,Mobile
U07694,2026-05-02,UAE,Tablet
U07695,2025-08-26,USA,Desktop
U07696,2026-05-03,USA,Desktop
U07697,2026-05-14,India,Mobile
U07698,2025-10-30,USA,Tablet
U07699,2025-10-02,UAE,Desktop
U07700,2026-05-07,USA,Tablet
U07701,2025-10-21,Singapore,Desktop
U07702,2026-01-09,USA,Mobile
U07703,2025-07-26,UAE,Tablet
U07704,2026-06-08,India,Tablet
U07705,2026-05-31,UK,Mobile
U07706,2026-05-31,USA,Desktop
U07707,2026-06-29,India,Mobile
U07708,2026-05-11,India,Tablet
U07709,2026-04-09,UAE,Tablet
U07710,2026-01-01,UAE,Desktop
U07711,2025-11-20,India,Desktop
U07712,2026-06-20,UK,Tablet
U07713,2025-09-06,Singapore,Mobile
U07714,2026-01-18,Singapore,Tablet
U07715,2026-04-17,Singapore,Tablet
U07716,2025-10-28,India,Desktop
U07717,2026-04-07,UAE,Tablet
U07718,2026-02-21,India,Desktop
U07719,2025-10-07,UAE,Tablet
U07720,2025-08-16,India,Desktop
U07721,2025-08-31,UAE,Tablet
U07722,2025-08-24,Singapore,Tablet
U07723,2026-03-24,UAE,Desktop
U07724,2026-07-01,India,Mobile
U07725,2026-06-12,USA,Desktop
U07726,2025-07-30,Singapore,Mobile
U07727,2025-11-06,USA,Desktop
U07728,2026-03-25,UAE,Tablet
U07729,2026-01-25,UK,Mobile
U07730,2026-02-04,USA,Desktop
U07731,2025-10-14,USA,Desktop
U07732,2026-06-22,India,Desktop
U07733,2026-03-27,India,Desktop
U07734,2026-02-19,UAE,Mobile
U07735,2025-08-19,UK,Desktop
U07736,2025-08-29,UK,Tablet
U07737,2026-06-11,UAE,Desktop
U07738,2025-07-21,UAE,Tablet
U07739,2026-05-03,UK,Tablet
U07740,2025-08-19,UK,Tablet
U07741,2026-04-27,India,Mobile
U07742,2026-01-22,USA,Tablet
U07743,2026-03-13,UK,Mobile
U07744,2025-07-23,USA,Desktop
U07745,2025-10-13,Singapore,Desktop
U07746,2026-05-12,UK,Desktop
U07747,2026-06-25,USA,Tablet
U07748,2026-01-16,UK,Desktop
U07749,2026-05-14,UAE,Tablet
U07750,2025-12-02,UK,Mobile
U07751,2025-12-08,USA,Mobile
U07752,2026-06-17,Singapore,Desktop
U07753,2025-08-01,UAE,Desktop
U07754,2025-08-19,USA,Mobile
U07755,2025-11-06,USA,Tablet
U07756,2026-04-06,UK,Mobile
U07757,2026-05-11,Singapore,Mobile
U07758,2026-03-24,UK,Desktop
U07759,2026-02-15,Singapore,Tablet
U07760,2026-02-13,Singapore,Desktop
U07761,2026-04-03,UAE,Tablet
U07762,2026-03-24,USA,Desktop
U07763,2026-04-20,USA,Tablet
U07764,2025-10-15,Singapore,Desktop
U07765,2025-12-02,Singapore,Desktop
U07766,2026-01-30,UAE,Desktop
U07767,2025-09-14,USA,Tablet
U07768,2026-04-13,UAE,Mobile
U07769,2026-02-15,UAE,Desktop
U07770,2026-04-01,India,Tablet
U07771,2025-11-18,India,Desktop
U07772,2026-05-10,USA,Desktop
U07773,2025-11-16,USA,Mobile
U07774,2026-05-10,USA,Desktop
U07775,2025-09-17,Singapore,Tablet
U07776,2025-10-04,India,Tablet
U07777,2026-04-04,USA,Desktop
U07778,2025-12-04,UAE,Desktop
U07779,2026-06-08,Singapore,Tablet
U07780,2025-11-30,India,Tablet
U07781,2026-03-23,Singapore,Mobile
U07782,2025-10-19,USA,Desktop
U07783,2025-07-30,India,Desktop
U07784,2026-01-07,India,Desktop
U07785,2026-01-24,Singapore,Mobile
U07786,2026-06-13,UK,Tablet
U07787,2026-07-19,Singapore,Tablet
U07788,2026-07-12,Singapore,Mobile
U07789,2025-08-01,India,Desktop
U07790,2025-09-22,Singapore,Tablet
U07791,2025-11-21,USA,Mobile
U07792,2025-12-21,UK,Tablet
U07793,2025-09-20,USA,Tablet
U07794,2025-08-04,USA,Mobile
U07795,2026-04-18,UAE,Mobile
U07796,2026-03-22,India,Tablet
U07797,2025-10-01,UK,Tablet
U07798,2026-04-26,UK,Mobile
U07799,2025-10-18,USA,Tablet
U07800,2026-01-08,India,Mobile
U07801,2026-02-04,Singapore,Desktop
U07802,2026-06-03,India,Mobile
U07803,2026-07-15,USA,Mobile
U07804,2026-01-14,Singapore,Tablet
U07805,2025-10-09,UAE,Desktop
U07806,2026-03-19,India,Tablet
U07807,2026-01-27,India,Desktop
U07808,2025-07-19,India,Mobile
U07809,2025-08-08,UAE,Mobile
U07810,2025-10-03,UAE,Mobile
U07811,2025-11-03,UAE,Mobile
U07812,2026-03-10,India,Tablet
U07813,2026-02-10,Singapore,Mobile
U07814,2025-08-19,Singapore,Desktop
U07815,2026-06-18,UK,Tablet
U07816,2026-05-06,India,Tablet
U07817,2026-02-06,UAE,Mobile
U07818,2026-05-23,UAE,Tablet
U07819,2026-03-01,USA,Tablet
U07820,2026-04-22,Singapore,Desktop
U07821,2025-08-23,India,Desktop
U07822,2025-12-03,UAE,Tablet
U07823,2026-01-30,UK,Desktop
U07824,2026-01-03,USA,Desktop
U07825,2026-05-09,Singapore,Desktop
U07826,2026-05-06,Singapore,Desktop
U07827,2025-08-01,UK,Desktop
U07828,2026-05-20,Singapore,Mobile
U07829,2026-01-13,UK,Desktop
U07830,2026-05-14,Singapore,Tablet
U07831,2026-04-23,UK,Tablet
U07832,2026-03-13,UAE,Mobile
U07833,2026-05-07,USA,Desktop
U07834,2025-11-16,India,Desktop
U07835,2026-01-02,Singapore,Desktop
U07836,2025-11-29,UAE,Mobile
U07837,2025-09-27,USA,Mobile
U07838,2026-02-04,UAE,Tablet
U07839,2025-12-14,UK,Mobile
U07840,2025-08-26,UAE,Desktop
U07841,2026-04-18,Singapore,Mobile
U07842,2026-05-18,USA,Mobile
U07843,2025-09-27,USA,Mobile
U07844,2026-04-19,UK,Tablet
U07845,2026-05-13,UK,Desktop
U07846,2026-03-28,Singapore,Desktop
U07847,2026-01-06,India,Tablet
U07848,2025-10-10,UK,Tablet
U07849,2025-08-03,USA,Tablet
U07850,2025-10-03,USA,Desktop
U07851,2025-09-11,USA,Mobile
U07852,2026-05-18,UAE,Mobile
U07853,2025-08-28,USA,Tablet
U07854,2025-09-02,USA,Desktop
U07855,2025-08-06,Singapore,Desktop
U07856,2025-08-26,Singapore,Desktop
U07857,2025-10-21,UK,Mobile
U07858,2025-12-26,UK,Desktop
U07859,2025-10-02,UK,Desktop
U07860,2026-01-07,USA,Desktop
U07861,2026-05-28,UK,Tablet
U07862,2025-12-12,UK,Tablet
U07863,2025-10-28,UK,Desktop
U07864,2025-10-11,UK,Desktop
U07865,2025-07-31,Singapore,Desktop
U07866,2026-06-18,UAE,Mobile
U07867,2025-11-19,UAE,Mobile
U07868,2025-08-16,UAE,Desktop
U07869,2026-04-12,USA,Desktop
U07870,2026-01-18,UK,Mobile
U07871,2025-09-09,USA,Mobile
U07872,2025-07-21,UK,Desktop
U07873,2025-12-25,UK,Mobile
U07874,2026-06-18,UK,Desktop
U07875,2026-03-31,UAE,Desktop
U07876,2026-06-26,Singapore,Tablet
U07877,2026-01-17,USA,Mobile
U07878,2026-02-10,Singapore,Tablet
U07879,2025-10-07,UAE,Desktop
U07880,2025-10-16,India,Mobile
U07881,2025-09-23,USA,Mobile
U07882,2026-03-31,UK,Tablet
U07883,2026-02-12,UAE,Tablet
U07884,2025-12-30,Singapore,Desktop
U07885,2026-01-10,India,Tablet
U07886,2025-11-26,UAE,Tablet
U07887,2026-03-26,UAE,Mobile
U07888,2025-11-23,UK,Tablet
U07889,2025-09-24,Singapore,Desktop
U07890,2025-11-20,India,Mobile
U07891,2026-03-12,India,Tablet
U07892,2026-05-25,UK,Desktop
U07893,2025-08-12,Singapore,Desktop
U07894,2026-04-01,UAE,Desktop
U07895,2026-06-12,India,Desktop
U07896,2026-04-07,USA,Tablet
U07897,2026-03-30,India,Desktop
U07898,2026-02-25,UAE,Mobile
U07899,2026-06-08,USA,Tablet
U07900,2026-04-15,UK,Tablet
U07901,2025-12-19,USA,Tablet
U07902,2026-03-31,India,Desktop
U07903,2025-07-30,USA,Desktop
U07904,2025-11-23,Singapore,Tablet
U07905,2026-03-13,UK,Tablet
U07906,2026-03-27,Singapore,Desktop
U07907,2026-01-02,India,Mobile
U07908,2025-08-01,India,Tablet
U07909,2025-10-30,UK,Desktop
U07910,2025-11-24,UAE,Tablet
U07911,2026-02-21,USA,Mobile
U07912,2026-01-25,UK,Desktop
U07913,2025-12-10,USA,Desktop
U07914,2026-05-27,UK,Desktop
U07915,2026-03-07,USA,Tablet
U07916,2026-03-16,UK,Desktop
U07917,2025-08-21,Singapore,Tablet
U07918,2025-08-29,India,Mobile
U07919,2025-10-29,India,Tablet
U07920,2025-12-05,UAE,Desktop
U07921,2026-02-13,UAE,Desktop
U07922,2026-04-30,India,Tablet
U07923,2026-03-08,India,Tablet
U07924,2025-10-08,UK,Mobile
U07925,2026-04-14,Singapore,Desktop
U07926,2025-09-05,India,Tablet
U07927,2026-04-11,UK,Tablet
U07928,2025-10-21,UAE,Desktop
U07929,2025-12-11,Singapore,Desktop
U07930,2025-11-03,India,Tablet
U07931,2025-07-22,India,Tablet
U07932,2026-05-29,India,Tablet
U07933,2025-11-03,India,Tablet
U07934,2025-10-30,USA,Tablet
U07935,2025-12-01,India,Tablet
U07936,2025-12-01,UAE,Tablet
U07937,2026-03-15,USA,Mobile
U07938,2025-08-25,UAE,Desktop
U07939,2026-05-09,UAE,Desktop
U07940,2025-10-15,USA,Tablet
U07941,2026-04-02,UK,Mobile
U07942,2025-07-20,USA,Tablet
U07943,2025-08-16,Singapore,Desktop
U07944,2025-12-14,UAE,Tablet
U07945,2026-07-15,UAE,Mobile
U07946,2026-05-03,UAE,Tablet
U07947,2026-05-30,UK,Mobile
U07948,2025-12-09,Singapore,Desktop
U07949,2026-06-28,India,Mobile
U07950,2025-10-01,USA,Desktop
U07951,2025-08-03,UAE,Mobile
U07952,2026-06-04,UK,Mobile
U07953,2025-10-01,Singapore,Tablet
U07954,2026-04-23,UK,Tablet
U07955,2026-06-07,UAE,Tablet
U07956,2026-02-03,USA,Tablet
U07957,2026-01-03,UK,Tablet
U07958,2026-06-12,Singapore,Mobile
U07959,2025-09-20,USA,Mobile
U07960,2026-04-04,USA,Desktop
U07961,2026-06-22,USA,Mobile
U07962,2026-06-23,India,Tablet
U07963,2026-05-24,Singapore,Mobile
U07964,2025-07-25,USA,Tablet
U07965,2026-01-06,UK,Mobile
U07966,2026-07-08,UK,Desktop
U07967,2026-04-03,USA,Tablet
U07968,2026-02-04,USA,Mobile
U07969,2026-03-14,UK,Mobile
U07970,2025-10-27,UAE,Desktop
U07971,2026-01-25,USA,Mobile
U07972,2026-01-23,UK,Mobile
U07973,2026-04-13,USA,Desktop
U07974,2026-02-03,India,Desktop
U07975,2025-11-07,India,Desktop
U07976,2025-12-13,USA,Desktop
U07977,2025-10-17,India,Desktop
U07978,2026-04-24,UAE,Desktop
U07979,2026-05-02,USA,Mobile
U07980,2026-05-08,UAE,Tablet
U07981,2026-04-06,India,Mobile
U07982,2025-08-12,USA,Tablet
U07983,2025-11-13,Singapore,Tablet
U07984,2026-06-08,Singapore,Mobile
U07985,2025-10-15,USA,Mobile
U07986,2025-09-17,India,Desktop
U07987,2025-11-27,Singapore,Desktop
U07988,2026-03-21,UK,Desktop
U07989,2026-05-11,USA,Mobile
U07990,2025-11-03,India,Tablet
U07991,2026-01-24,UK,Desktop
U07992,2026-01-11,UK,Tablet
U07993,2026-02-17,India,Desktop
U07994,2026-04-22,India,Mobile
U07995,2026-01-24,UAE,Desktop
U07996,2026-01-19,UAE,Mobile
U07997,2026-05-22,UK,Desktop
U07998,2025-11-11,UK,Mobile
U07999,2025-09-24,UAE,Tablet
U08000,2025-11-21,UK,Mobile
U08001,2026-04-29,India,Tablet
U08002,2025-10-04,UAE,Desktop
U08003,2026-02-11,India,Desktop
U08004,2026-05-29,UK,Mobile
U08005,2025-11-16,USA,Mobile
U08006,2026-01-11,USA,Tablet
U08007,2026-05-08,India,Mobile
U08008,2025-08-21,Singapore,Mobile
U08009,2026-04-20,USA,Tablet
U08010,2025-12-26,UAE,Mobile
U08011,2025-12-01,India,Tablet
U08012,2025-09-20,USA,Tablet
U08013,2026-03-14,UK,Desktop
U08014,2025-07-27,Singapore,Desktop
U08015,2026-07-14,USA,Desktop
U08016,2026-06-21,USA,Mobile
U08017,2025-11-05,Singapore,Mobile
U08018,2025-12-07,USA,Desktop
U08019,2026-05-29,India,Mobile
U08020,2025-12-19,India,Desktop
U08021,2026-07-11,USA,Desktop
U08022,2026-07-13,UAE,Tablet
U08023,2026-04-01,UK,Desktop
U08024,2025-08-05,Singapore,Desktop
U08025,2026-05-15,India,Mobile
U08026,2025-09-08,UK,Mobile
U08027,2025-11-16,UAE,Mobile
U08028,2026-06-14,USA,Desktop
U08029,2026-03-04,India,Tablet
U08030,2026-02-20,UAE,Tablet
U08031,2026-06-12,Singapore,Mobile
U08032,2026-04-25,USA,Mobile
U08033,2026-03-01,India,Desktop
U08034,2026-03-04,USA,Mobile
U08035,2025-11-11,UAE,Mobile
U08036,2026-06-20,India,Desktop
U08037,2025-09-13,UAE,Desktop
U08038,2026-06-12,Singapore,Desktop
U08039,2025-10-14,USA,Tablet
U08040,2025-08-07,India,Desktop
U08041,2025-09-30,UAE,Desktop
U08042,2026-05-19,UK,Mobile
U08043,2025-07-26,UK,Tablet
U08044,2026-02-06,Singapore,Desktop
U08045,2025-08-19,Singapore,Tablet
U08046,2025-11-16,India,Desktop
U08047,2025-09-12,UAE,Tablet
U08048,2026-03-03,Singapore,Mobile
U08049,2025-12-27,USA,Mobile
U08050,2026-06-26,Singapore,Mobile
U08051,2025-11-06,USA,Mobile
U08052,2025-12-18,India,Tablet
U08053,2025-12-10,India,Tablet
U08054,2025-10-07,UAE,Desktop
U08055,2026-01-01,Singapore,Mobile
U08056,2026-03-01,USA,Mobile
U08057,2026-07-08,UK,Mobile
U08058,2025-12-19,UK,Desktop
U08059,2026-02-27,UAE,Tablet
U08060,2025-08-31,Singapore,Tablet
U08061,2026-01-04,Singapore,Tablet
U08062,2026-06-17,UK,Mobile
U08063,2026-01-30,UK,Desktop
U08064,2025-08-28,UK,Tablet
U08065,2025-09-12,USA,Tablet
U08066,2026-07-04,India,Tablet
U08067,2025-08-04,UAE,Tablet
U08068,2026-07-01,India,Mobile
U08069,2026-01-27,USA,Mobile
U08070,2026-05-22,USA,Tablet
U08071,2026-04-30,India,Mobile
U08072,2025-08-19,USA,Desktop
U08073,2026-04-28,UK,Mobile
U08074,2026-01-16,Singapore,Desktop
U08075,2026-01-12,UAE,Desktop
U08076,2026-06-22,USA,Tablet
U08077,2025-10-22,Singapore,Desktop
U08078,2026-06-28,UAE,Mobile
U08079,2026-02-07,UAE,Tablet
U08080,2026-05-21,UK,Tablet
U08081,2026-02-26,UAE,Mobile
U08082,2025-12-30,UK,Tablet
U08083,2025-11-30,Singapore,Desktop
U08084,2025-10-02,UK,Mobile
U08085,2025-10-12,UK,Desktop
U08086,2025-08-07,UAE,Tablet
U08087,2026-05-16,UAE,Tablet
U08088,2026-05-27,India,Tablet
U08089,2025-12-06,UK,Tablet
U08090,2026-07-15,UK,Mobile
U08091,2026-05-31,UK,Desktop
U08092,2026-01-28,India,Tablet
U08093,2026-03-12,USA,Mobile
U08094,2026-05-08,USA,Desktop
U08095,2025-12-28,India,Mobile
U08096,2025-12-10,Singapore,Tablet
U08097,2026-06-27,UK,Mobile
U08098,2026-03-07,UK,Desktop
U08099,2026-01-20,UAE,Desktop
U08100,2025-11-17,Singapore,Mobile
U08101,2025-11-09,Singapore,Mobile
U08102,2026-07-18,UAE,Tablet
U08103,2025-10-16,USA,Mobile
U08104,2026-03-18,USA,Mobile
U08105,2026-05-31,USA,Tablet
U08106,2026-04-10,UK,Tablet
U08107,2026-06-27,Singapore,Mobile
U08108,2026-03-03,Singapore,Tablet
U08109,2026-06-16,Singapore,Mobile
U08110,2026-04-23,Singapore,Desktop
U08111,2025-10-01,Singapore,Mobile
U08112,2026-07-01,Singapore,Mobile
U08113,2025-08-14,UK,Mobile
U08114,2026-01-26,India,Tablet
U08115,2026-05-19,USA,Tablet
U08116,2026-04-11,Singapore,Mobile
U08117,2026-06-27,USA,Tablet
U08118,2025-12-16,Singapore,Desktop
U08119,2025-12-28,USA,Desktop
U08120,2026-06-30,India,Desktop
U08121,2025-08-16,UK,Desktop
U08122,2026-04-06,Singapore,Desktop
U08123,2025-08-30,UAE,Desktop
U08124,2026-01-05,UK,Mobile
U08125,2026-06-01,UK,Mobile
U08126,2025-10-27,India,Desktop
U08127,2026-02-11,Singapore,Tablet
U08128,2025-11-13,UK,Mobile
U08129,2025-07-22,Singapore,Tablet
U08130,2026-02-11,India,Mobile
U08131,2025-10-20,UAE,Mobile
U08132,2026-01-18,USA,Desktop
U08133,2025-10-30,USA,Mobile
U08134,2025-10-25,UAE,Mobile
U08135,2025-10-28,UAE,Desktop
U08136,2025-08-06,Singapore,Mobile
U08137,2025-08-02,USA,Desktop
U08138,2025-11-20,India,Mobile
U08139,2026-02-02,UK,Mobile
U08140,2025-08-03,UAE,Mobile
U08141,2025-10-23,Singapore,Tablet
U08142,2025-08-01,USA,Mobile
U08143,2026-07-11,UAE,Mobile
U08144,2025-10-17,UK,Desktop
U08145,2025-10-30,India,Tablet
U08146,2026-05-13,India,Tablet
U08147,2026-01-11,UK,Tablet
U08148,2026-02-23,India,Tablet
U08149,2026-05-15,Singapore,Desktop
U08150,2026-01-10,USA,Tablet
U08151,2026-04-05,UAE,Desktop
U08152,2025-10-23,India,Tablet
U08153,2026-07-09,Singapore,Desktop
U08154,2026-01-15,USA,Mobile
U08155,2025-10-19,UK,Desktop
U08156,2026-03-02,India,Desktop
U08157,2026-02-09,UK,Mobile
U08158,2026-03-05,UAE,Desktop
U08159,2025-10-06,Singapore,Mobile
U08160,2025-12-20,UAE,Desktop
U08161,2025-10-01,USA,Tablet
U08162,2026-05-07,India,Mobile
U08163,2025-07-19,Singapore,Tablet
U08164,2025-11-10,UK,Mobile
U08165,2026-03-13,UAE,Tablet
U08166,2026-04-04,UAE,Desktop
U08167,2026-07-11,India,Tablet
U08168,2025-09-24,India,Desktop
U08169,2026-07-11,UK,Desktop
U08170,2026-02-14,Singapore,Desktop
U08171,2026-05-26,UAE,Tablet
U08172,2026-03-11,UK,Desktop
U08173,2026-04-06,India,Mobile
U08174,2026-06-09,India,Tablet
U08175,2025-11-05,UAE,Mobile
U08176,2026-02-06,Singapore,Desktop
U08177,2026-05-26,USA,Tablet
U08178,2025-12-28,UAE,Tablet
U08179,2026-06-19,UK,Mobile
U08180,2026-06-22,UAE,Tablet
U08181,2025-08-21,Singapore,Tablet
U08182,2025-11-01,UAE,Tablet
U08183,2025-11-29,Singapore,Tablet
U08184,2026-03-15,UAE,Mobile
U08185,2026-04-28,Singapore,Mobile
U08186,2026-05-23,Singapore,Tablet
U08187,2026-07-03,India,Tablet
U08188,2026-04-14,India,Mobile
U08189,2025-08-13,USA,Desktop
U08190,2026-03-02,Singapore,Tablet
U08191,2026-03-13,Singapore,Desktop
U08192,2026-01-05,UAE,Tablet
U08193,2025-11-05,India,Desktop
U08194,2026-03-13,UAE,Desktop
U08195,2026-07-10,Singapore,Tablet
U08196,2026-04-23,India,Desktop
U08197,2026-03-16,UAE,Tablet
U08198,2025-08-17,India,Mobile
U08199,2025-09-06,Singapore,Mobile
U08200,2026-05-24,India,Tablet
U08201,2026-02-20,UK,Mobile
U08202,2026-05-24,UK,Desktop
U08203,2026-06-30,India,Tablet
U08204,2026-07-04,UAE,Desktop
U08205,2026-05-12,UK,Tablet
U08206,2025-08-05,UK,Desktop
U08207,2026-07-16,USA,Desktop
U08208,2026-02-24,UAE,Mobile
U08209,2025-12-06,UK,Desktop
U08210,2025-12-04,UK,Mobile
U08211,2026-05-23,USA,Tablet
U08212,2026-01-22,Singapore,Tablet
U08213,2025-07-24,UK,Tablet
U08214,2025-10-06,UAE,Desktop
U08215,2026-07-13,USA,Desktop
U08216,2026-03-13,India,Desktop
U08217,2026-05-29,UK,Tablet
U08218,2025-10-10,Singapore,Tablet
U08219,2026-06-18,USA,Desktop
U08220,2026-01-03,UK,Mobile
U08221,2026-03-25,India,Tablet
U08222,2025-12-11,UAE,Desktop
U08223,2025-10-24,Singapore,Desktop
U08224,2025-08-04,USA,Desktop
U08225,2026-02-20,USA,Desktop
U08226,2025-07-23,UAE,Desktop
U08227,2026-01-09,UK,Desktop
U08228,2025-12-30,UK,Mobile
U08229,2026-03-08,USA,Desktop
U08230,2025-12-12,India,Mobile
U08231,2026-04-29,USA,Tablet
U08232,2025-08-26,UK,Tablet
U08233,2026-02-05,Singapore,Desktop
U08234,2025-10-28,Singapore,Tablet
U08235,2026-02-09,USA,Desktop
U08236,2026-01-31,Singapore,Tablet
U08237,2026-05-31,India,Mobile
U08238,2025-09-22,India,Mobile
U08239,2026-04-05,Singapore,Tablet
U08240,2026-06-13,UAE,Desktop
U08241,2025-08-07,USA,Tablet
U08242,2025-08-18,UK,Tablet
U08243,2025-10-17,UK,Desktop
U08244,2026-04-21,USA,Desktop
U08245,2025-12-23,India,Tablet
U08246,2026-05-07,UK,Tablet
U08247,2026-04-01,Singapore,Mobile
U08248,2026-03-04,UK,Mobile
U08249,2026-03-18,UAE,Mobile
U08250,2025-12-02,USA,Tablet
U08251,2026-04-30,USA,Tablet
U08252,2025-09-21,UK,Mobile
U08253,2026-06-03,UAE,Mobile
U08254,2025-08-12,USA,Mobile
U08255,2026-01-09,USA,Desktop
U08256,2026-04-13,USA,Mobile
U08257,2026-02-08,India,Desktop
U08258,2026-02-03,USA,Mobile
U08259,2026-02-08,Singapore,Desktop
U08260,2025-10-02,UAE,Desktop
U08261,2026-04-26,Singapore,Tablet
U08262,2026-04-24,Singapore,Mobile
U08263,2026-07-05,UAE,Mobile
U08264,2026-02-16,Singapore,Tablet
U08265,2026-06-17,UAE,Tablet
U08266,2025-10-02,Singapore,Desktop
U08267,2026-03-02,UK,Tablet
U08268,2025-09-15,UK,Desktop
U08269,2025-11-05,UAE,Desktop
U08270,2026-07-09,UK,Mobile
U08271,2026-05-15,UK,Tablet
U08272,2026-06-26,UK,Mobile
U08273,2026-02-16,USA,Desktop
U08274,2025-12-07,USA,Tablet
U08275,2026-01-27,Singapore,Mobile
U08276,2025-10-30,India,Tablet
U08277,2025-11-17,UAE,Tablet
U08278,2025-11-09,UK,Mobile
U08279,2026-03-30,Singapore,Mobile
U08280,2025-10-20,UK,Tablet
U08281,2026-06-06,Singapore,Mobile
U08282,2026-06-21,UAE,Desktop
U08283,2026-05-05,Singapore,Mobile
U08284,2026-06-18,UAE,Tablet
U08285,2026-04-13,UAE,Desktop
U08286,2026-03-24,Singapore,Desktop
U08287,2026-01-04,India,Mobile
U08288,2026-06-14,India,Tablet
U08289,2025-11-03,UAE,Tablet
U08290,2026-07-11,India,Desktop
U08291,2025-08-26,UAE,Tablet
U08292,2025-10-13,USA,Mobile
U08293,2026-05-07,UK,Mobile
U08294,2025-10-31,UK,Tablet
U08295,2025-08-04,UK,Tablet
U08296,2026-07-15,India,Tablet
U08297,2026-04-21,Singapore,Desktop
U08298,2025-10-13,UAE,Tablet
U08299,2026-03-05,USA,Desktop
U08300,2026-07-03,USA,Tablet
U08301,2026-06-13,UAE,Desktop
U08302,2025-11-08,Singapore,Tablet
U08303,2026-01-24,UK,Desktop
U08304,2026-01-21,USA,Tablet
U08305,2025-09-02,Singapore,Desktop
U08306,2026-06-16,USA,Tablet
U08307,2026-06-21,Singapore,Desktop
U08308,2026-04-12,India,Tablet
U08309,2025-10-16,India,Tablet
U08310,2025-12-08,UK,Tablet
U08311,2025-12-06,India,Mobile
U08312,2025-09-22,Singapore,Mobile
U08313,2026-03-05,Singapore,Desktop
U08314,2026-05-15,USA,Tablet
U08315,2025-10-25,USA,Mobile
U08316,2025-10-24,Singapore,Mobile
U08317,2025-12-23,USA,Mobile
U08318,2026-03-20,UAE,Tablet
U08319,2025-09-03,India,Desktop
U08320,2026-05-08,India,Mobile
U08321,2026-01-07,UAE,Tablet
U08322,2025-08-02,UAE,Desktop
U08323,2026-01-05,UAE,Tablet
U08324,2026-03-16,UAE,Mobile
U08325,2026-02-28,UK,Mobile
U08326,2026-04-19,India,Desktop
U08327,2025-09-09,UK,Mobile
U08328,2026-01-22,UAE,Desktop
U08329,2025-09-19,UAE,Mobile
U08330,2025-12-29,USA,Desktop
U08331,2026-02-18,UAE,Mobile
U08332,2025-11-10,USA,Desktop
U08333,2025-11-30,India,Desktop
U08334,2026-02-27,UAE,Mobile
U08335,2026-01-08,Singapore,Desktop
U08336,2025-12-30,India,Tablet
U08337,2026-02-11,India,Tablet
U08338,2025-09-26,India,Tablet
U08339,2026-02-28,UK,Mobile
U08340,2025-09-08,USA,Mobile
U08341,2026-04-23,Singapore,Mobile
U08342,2026-02-09,India,Desktop
U08343,2025-10-24,UAE,Desktop
U08344,2026-05-24,India,Tablet
U08345,2026-04-03,Singapore,Desktop
U08346,2026-02-23,India,Mobile
U08347,2025-10-13,USA,Tablet
U08348,2026-05-22,Singapore,Desktop
U08349,2025-11-12,USA,Tablet
U08350,2026-04-01,USA,Desktop
U08351,2026-05-23,India,Tablet
U08352,2026-06-11,USA,Tablet
U08353,2025-09-27,UK,Tablet
U08354,2025-09-15,USA,Desktop
U08355,2025-11-24,USA,Tablet
U08356,2026-03-07,USA,Desktop
U08357,2026-07-18,India,Tablet
U08358,2026-06-17,India,Tablet
U08359,2026-04-11,India,Desktop
U08360,2025-07-19,UK,Mobile
U08361,2025-09-18,UK,Tablet
U08362,2025-12-23,USA,Tablet
U08363,2025-09-20,Singapore,Mobile
U08364,2026-06-22,India,Desktop
U08365,2025-09-03,USA,Tablet
U08366,2026-04-03,USA,Tablet
U08367,2025-08-18,UK,Desktop
U08368,2026-03-16,Singapore,Desktop
U08369,2026-05-22,UAE,Mobile
U08370,2026-03-06,Singapore,Mobile
U08371,2026-05-07,UK,Mobile
U08372,2025-10-28,UK,Mobile
U08373,2026-04-09,USA,Desktop
U08374,2025-09-14,USA,Desktop
U08375,2026-03-23,India,Desktop
U08376,2025-10-23,India,Desktop
U08377,2026-04-27,Singapore,Mobile
U08378,2025-09-11,Singapore,Mobile
U08379,2026-07-16,UK,Tablet
U08380,2025-07-21,Singapore,Tablet
U08381,2025-10-20,Singapore,Tablet
U08382,2025-07-30,UAE,Tablet
U08383,2025-10-14,USA,Desktop
U08384,2025-09-11,UK,Mobile
U08385,2025-12-08,UAE,Mobile
U08386,2025-08-16,UK,Tablet
U08387,2026-05-10,UAE,Desktop
U08388,2025-09-03,UAE,Desktop
U08389,2026-04-14,India,Desktop
U08390,2026-04-20,India,Desktop
U08391,2025-12-30,India,Desktop
U08392,2026-03-05,Singapore,Desktop
U08393,2026-03-06,Singapore,Desktop
U08394,2025-12-04,UK,Desktop
U08395,2026-05-19,UK,Tablet
U08396,2025-08-12,India,Tablet
U08397,2025-08-09,India,Mobile
U08398,2025-12-08,India,Desktop
U08399,2025-12-24,Singapore,Tablet
U08400,2026-02-21,Singapore,Tablet
U08401,2026-01-17,USA,Tablet
U08402,2026-06-11,UK,Tablet
U08403,2026-05-26,India,Tablet
U08404,2026-01-26,India,Mobile
U08405,2025-10-28,UK,Desktop
U08406,2025-10-23,USA,Desktop
U08407,2026-03-31,Singapore,Mobile
U08408,2026-06-10,UAE,Tablet
U08409,2026-05-17,Singapore,Tablet
U08410,2026-05-07,USA,Tablet
U08411,2026-04-28,UK,Tablet
U08412,2026-07-03,India,Mobile
U08413,2026-02-20,India,Desktop
U08414,2026-05-29,USA,Mobile
U08415,2026-07-14,UK,Mobile
U08416,2026-01-24,USA,Desktop
U08417,2025-08-01,USA,Tablet
U08418,2025-12-08,Singapore,Mobile
U08419,2025-12-29,India,Desktop
U08420,2026-03-21,USA,Tablet
U08421,2025-09-21,India,Desktop
U08422,2025-08-12,India,Mobile
U08423,2026-05-23,UK,Mobile
U08424,2026-06-09,UAE,Mobile
U08425,2026-04-15,UK,Desktop
U08426,2025-10-29,India,Mobile
U08427,2026-02-22,USA,Tablet
U08428,2026-06-11,USA,Tablet
U08429,2026-05-13,UK,Desktop
U08430,2026-01-14,Singapore,Tablet
U08431,2026-06-07,UK,Mobile
U08432,2026-05-18,UK,Desktop
U08433,2026-06-12,India,Desktop
U08434,2026-02-07,UAE,Desktop
U08435,2026-06-08,UK,Mobile
U08436,2025-10-13,UAE,Desktop
U08437,2026-06-24,Singapore,Mobile
U08438,2026-06-10,UAE,Mobile
U08439,2026-07-04,UAE,Mobile
U08440,2025-09-10,USA,Mobile
U08441,2026-05-15,India,Mobile
U08442,2026-03-23,USA,Desktop
U08443,2025-09-26,India,Mobile
U08444,2026-01-23,Singapore,Desktop
U08445,2026-03-14,USA,Tablet
U08446,2026-02-07,UK,Tablet
U08447,2025-07-25,UAE,Desktop
U08448,2026-06-15,Singapore,Desktop
U08449,2025-11-24,UK,Tablet
U08450,2026-03-19,UK,Mobile
U08451,2025-09-06,India,Desktop
U08452,2025-10-28,USA,Mobile
U08453,2026-03-04,Singapore,Desktop
U08454,2026-05-12,USA,Mobile
U08455,2026-06-04,Singapore,Mobile
U08456,2026-01-01,UAE,Desktop
U08457,2026-05-07,India,Mobile
U08458,2026-03-22,USA,Mobile
U08459,2025-12-06,UAE,Mobile
U08460,2026-06-12,India,Tablet
U08461,2025-09-08,India,Mobile
U08462,2026-01-03,UAE,Tablet
U08463,2026-06-09,UK,Desktop
U08464,2025-07-31,USA,Desktop
U08465,2025-08-29,Singapore,Mobile
U08466,2025-12-08,Singapore,Mobile
U08467,2025-08-21,USA,Tablet
U08468,2025-12-29,UK,Mobile
U08469,2026-03-19,Singapore,Mobile
U08470,2026-01-17,USA,Desktop
U08471,2025-08-11,UK,Mobile
U08472,2025-10-10,UK,Desktop
U08473,2025-11-30,USA,Tablet
U08474,2026-02-22,India,Desktop
U08475,2026-04-19,UAE,Mobile
U08476,2025-08-10,UK,Tablet
U08477,2026-07-01,India,Mobile
U08478,2026-01-13,USA,Tablet
U08479,2026-06-02,USA,Desktop
U08480,2026-06-28,UAE,Mobile
U08481,2025-09-03,UAE,Mobile
U08482,2025-09-06,USA,Tablet
U08483,2025-12-12,Singapore,Desktop
U08484,2025-12-04,Singapore,Mobile
U08485,2025-08-30,USA,Tablet
U08486,2025-09-14,UK,Mobile
U08487,2025-08-27,India,Tablet
U08488,2026-02-20,India,Desktop
U08489,2026-04-14,Singapore,Tablet
U08490,2025-11-18,India,Tablet
U08491,2025-12-19,USA,Tablet
U08492,2026-02-09,UK,Desktop
U08493,2026-01-04,India,Mobile
U08494,2026-07-17,India,Tablet
U08495,2026-06-04,USA,Mobile
U08496,2025-09-09,UAE,Mobile
U08497,2025-12-23,Singapore,Mobile
U08498,2025-08-28,UAE,Tablet
U08499,2025-10-07,India,Mobile
U08500,2026-01-09,India,Tablet
U08501,2025-09-13,Singapore,Mobile
U08502,2025-10-03,India,Tablet
U08503,2026-01-28,UAE,Tablet
U08504,2025-11-16,UAE,Desktop
U08505,2025-08-23,Singapore,Desktop
U08506,2025-08-04,UAE,Tablet
U08507,2026-01-19,USA,Tablet
U08508,2026-05-04,UAE,Tablet
U08509,2025-12-05,UK,Desktop
U08510,2026-04-27,UAE,Desktop
U08511,2026-04-15,USA,Desktop
U08512,2026-05-29,Singapore,Desktop
U08513,2025-09-24,USA,Mobile
U08514,2026-07-09,UK,Tablet
U08515,2025-08-05,USA,Desktop
U08516,2025-12-01,UK,Mobile
U08517,2025-10-09,UK,Tablet
U08518,2025-08-26,India,Desktop
U08519,2026-05-07,UK,Mobile
U08520,2026-01-15,India,Desktop
U08521,2025-07-25,UAE,Tablet
U08522,2025-12-05,Singapore,Mobile
U08523,2025-09-08,UAE,Mobile
U08524,2026-05-10,UK,Mobile
U08525,2026-03-26,UAE,Desktop
U08526,2025-08-09,UAE,Desktop
U08527,2025-09-24,UAE,Desktop
U08528,2026-04-06,UAE,Desktop
U08529,2025-09-15,UK,Desktop
U08530,2026-03-11,UK,Tablet
U08531,2025-09-10,UAE,Mobile
U08532,2025-07-24,Singapore,Mobile
U08533,2026-01-17,USA,Mobile
U08534,2025-12-13,USA,Tablet
U08535,2025-08-16,USA,Tablet
U08536,2025-11-16,Singapore,Desktop
U08537,2026-03-11,UAE,Tablet
U08538,2025-09-16,UAE,Desktop
U08539,2025-09-11,UK,Mobile
U08540,2025-08-30,UAE,Mobile
U08541,2025-10-23,UAE,Mobile
U08542,2025-10-14,Singapore,Tablet
U08543,2025-12-03,UAE,Desktop
U08544,2026-01-01,Singapore,Desktop
U08545,2026-04-14,India,Mobile
U08546,2025-12-12,USA,Desktop
U08547,2025-10-16,Singapore,Mobile
U08548,2025-11-09,UAE,Tablet
U08549,2025-10-28,UAE,Mobile
U08550,2026-02-26,UAE,Mobile
U08551,2025-10-21,USA,Desktop
U08552,2025-08-27,Singapore,Tablet
U08553,2026-05-08,USA,Desktop
U08554,2026-03-26,Singapore,Mobile
U08555,2025-09-29,UAE,Tablet
U08556,2026-01-15,USA,Mobile
U08557,2025-08-20,UAE,Desktop
U08558,2026-03-24,UAE,Mobile
U08559,2026-02-13,USA,Desktop
U08560,2025-07-20,UK,Tablet
U08561,2026-03-18,Singapore,Tablet
U08562,2026-06-28,India,Tablet
U08563,2026-01-25,India,Mobile
U08564,2025-07-29,India,Mobile
U08565,2026-02-19,India,Mobile
U08566,2026-04-10,UK,Mobile
U08567,2026-05-06,UK,Desktop
U08568,2025-12-25,USA,Tablet
U08569,2026-03-14,USA,Mobile
U08570,2026-07-08,UK,Mobile
U08571,2026-04-16,UK,Tablet
U08572,2026-04-20,UK,Tablet
U08573,2026-03-09,UAE,Desktop
U08574,2025-12-11,UK,Tablet
U08575,2025-09-22,USA,Desktop
U08576,2025-08-16,UK,Mobile
U08577,2026-04-16,Singapore,Mobile
U08578,2026-04-06,USA,Mobile
U08579,2025-10-21,UAE,Mobile
U08580,2025-07-30,Singapore,Tablet
U08581,2025-08-20,UAE,Mobile
U08582,2025-12-18,Singapore,Tablet
U08583,2026-06-17,UAE,Tablet
U08584,2025-12-02,UK,Tablet
U08585,2025-09-29,USA,Mobile
U08586,2025-11-10,USA,Desktop
U08587,2025-10-05,India,Mobile
U08588,2025-08-26,USA,Desktop
U08589,2026-05-26,UAE,Desktop
U08590,2026-03-04,UAE,Mobile
U08591,2025-08-26,India,Tablet
U08592,2025-12-04,UK,Desktop
U08593,2026-02-13,Singapore,Tablet
U08594,2025-07-23,USA,Desktop
U08595,2026-03-25,India,Desktop
U08596,2026-03-27,Singapore,Desktop
U08597,2026-02-04,UK,Mobile
U08598,2025-10-17,UK,Mobile
U08599,2025-11-01,USA,Mobile
U08600,2025-11-01,Singapore,Desktop
U08601,2025-11-30,UAE,Mobile
U08602,2025-08-21,India,Tablet
U08603,2026-07-10,USA,Tablet
U08604,2025-11-19,UK,Desktop
U08605,2025-12-19,India,Desktop
U08606,2026-06-15,Singapore,Desktop
U08607,2025-11-28,India,Tablet
U08608,2025-09-08,Singapore,Desktop
U08609,2026-05-25,USA,Desktop
U08610,2026-03-01,UK,Mobile
U08611,2025-08-21,Singapore,Desktop
U08612,2026-05-09,Singapore,Mobile
U08613,2025-11-01,UAE,Desktop
U08614,2026-05-09,USA,Mobile
U08615,2026-06-26,USA,Tablet
U08616,2025-07-26,UK,Desktop
U08617,2026-05-24,UAE,Desktop
U08618,2026-06-26,UK,Mobile
U08619,2026-02-24,UK,Tablet
U08620,2025-11-02,UAE,Tablet
U08621,2026-04-22,India,Desktop
U08622,2025-11-05,Singapore,Mobile
U08623,2026-07-14,USA,Tablet
U08624,2026-07-01,India,Tablet
U08625,2025-12-30,Singapore,Mobile
U08626,2026-02-17,UK,Desktop
U08627,2026-06-11,USA,Desktop
U08628,2026-07-11,UAE,Desktop
U08629,2026-01-20,India,Tablet
U08630,2026-04-24,UK,Tablet
U08631,2026-04-12,UAE,Desktop
U08632,2026-01-03,UK,Tablet
U08633,2025-11-06,UAE,Desktop
U08634,2026-05-25,UK,Mobile
U08635,2026-03-01,UK,Tablet
U08636,2025-12-26,UK,Tablet
U08637,2026-03-13,USA,Desktop
U08638,2026-05-24,UK,Desktop
U08639,2026-04-12,India,Desktop
U08640,2026-04-16,India,Tablet
U08641,2025-07-23,UK,Tablet
U08642,2025-10-28,India,Mobile
U08643,2025-10-05,USA,Mobile
U08644,2025-12-28,USA,Mobile
U08645,2026-05-29,USA,Desktop
U08646,2026-07-12,India,Mobile
U08647,2026-06-30,Singapore,Mobile
U08648,2025-11-05,India,Mobile
U08649,2026-07-10,India,Tablet
U08650,2026-02-21,India,Tablet
U08651,2026-04-24,UK,Tablet
U08652,2026-07-04,India,Mobile
U08653,2026-03-20,Singapore,Tablet
U08654,2025-08-10,UAE,Tablet
U08655,2026-05-10,UK,Tablet
U08656,2026-03-19,India,Tablet
U08657,2026-04-01,India,Mobile
U08658,2026-01-08,USA,Mobile
U08659,2025-08-08,India,Mobile
U08660,2025-09-29,India,Tablet
U08661,2025-12-16,India,Mobile
U08662,2025-09-09,UAE,Tablet
U08663,2026-07-14,USA,Mobile
U08664,2025-12-12,India,Tablet
U08665,2026-07-12,India,Desktop
U08666,2025-10-16,UK,Tablet
U08667,2026-07-01,Singapore,Mobile
U08668,2026-03-17,UAE,Mobile
U08669,2026-06-19,UAE,Tablet
U08670,2026-03-26,USA,Desktop
U08671,2025-10-26,UK,Tablet
U08672,2026-05-02,Singapore,Mobile
U08673,2026-05-27,UAE,Mobile
U08674,2025-08-29,Singapore,Mobile
U08675,2026-06-27,India,Mobile
U08676,2025-09-22,USA,Desktop
U08677,2025-12-09,USA,Tablet
U08678,2025-09-07,Singapore,Mobile
U08679,2026-04-11,India,Tablet
U08680,2026-04-14,India,Mobile
U08681,2026-01-12,USA,Desktop
U08682,2026-02-05,USA,Mobile
U08683,2026-01-22,UAE,Tablet
U08684,2025-10-10,Singapore,Desktop
U08685,2025-08-02,Singapore,Desktop
U08686,2025-10-01,Singapore,Tablet
U08687,2026-04-22,UK,Mobile
U08688,2026-02-22,UAE,Desktop
U08689,2025-10-03,UK,Tablet
U08690,2025-10-01,USA,Tablet
U08691,2025-12-19,India,Tablet
U08692,2026-01-03,UK,Desktop
U08693,2026-04-04,USA,Mobile
U08694,2025-11-27,India,Mobile
U08695,2025-11-05,UAE,Desktop
U08696,2025-09-13,India,Tablet
U08697,2026-07-06,UAE,Mobile
U08698,2026-05-18,UAE,Mobile
U08699,2025-10-01,India,Desktop
U08700,2025-09-18,Singapore,Desktop
U08701,2026-03-24,Singapore,Tablet
U08702,2026-07-12,India,Tablet
U08703,2026-04-14,UK,Tablet
U08704,2025-11-15,UK,Desktop
U08705,2026-05-12,UK,Tablet
U08706,2026-06-07,UAE,Desktop
U08707,2026-02-08,UAE,Desktop
U08708,2026-01-02,UAE,Desktop
U08709,2025-11-26,Singapore,Tablet
U08710,2025-10-23,USA,Mobile
U08711,2026-03-13,Singapore,Mobile
U08712,2025-09-05,India,Tablet
U08713,2026-06-28,UK,Desktop
U08714,2025-08-17,UAE,Desktop
U08715,2025-12-16,UK,Desktop
U08716,2026-02-04,UAE,Desktop
U08717,2026-03-31,UAE,Mobile
U08718,2026-01-05,USA,Tablet
U08719,2026-03-31,UAE,Desktop
U08720,2025-12-31,India,Mobile
U08721,2026-01-12,UK,Desktop
U08722,2025-12-24,USA,Desktop
U08723,2026-03-16,UK,Mobile
U08724,2026-03-13,UAE,Tablet
U08725,2026-05-04,USA,Mobile
U08726,2025-08-05,Singapore,Mobile
U08727,2025-07-31,USA,Mobile
U08728,2026-04-17,India,Desktop
U08729,2026-05-16,UAE,Mobile
U08730,2026-02-25,UK,Desktop
U08731,2026-01-17,USA,Mobile
U08732,2025-11-15,UAE,Desktop
U08733,2026-02-12,USA,Desktop
U08734,2026-04-23,Singapore,Desktop
U08735,2025-07-27,USA,Mobile
U08736,2026-05-03,UAE,Tablet
U08737,2026-04-10,UAE,Desktop
U08738,2025-07-27,UAE,Mobile
U08739,2026-02-14,UAE,Tablet
U08740,2025-11-12,India,Desktop
U08741,2026-03-26,India,Mobile
U08742,2025-11-18,UK,Tablet
U08743,2026-07-02,UAE,Tablet
U08744,2025-12-23,UK,Mobile
U08745,2026-04-21,USA,Tablet
U08746,2026-07-04,UAE,Mobile
U08747,2026-01-29,UAE,Desktop
U08748,2026-01-24,India,Desktop
U08749,2026-07-17,USA,Desktop
U08750,2026-06-17,UK,Tablet
U08751,2025-09-14,Singapore,Desktop
U08752,2025-09-26,Singapore,Mobile
U08753,2025-10-02,Singapore,Mobile
U08754,2025-10-26,Singapore,Desktop
U08755,2026-02-12,UK,Tablet
U08756,2026-04-21,UK,Tablet
U08757,2025-10-25,USA,Desktop
U08758,2025-11-17,Singapore,Desktop
U08759,2026-02-18,India,Mobile
U08760,2025-10-09,UAE,Desktop
U08761,2025-12-24,UAE,Mobile
U08762,2026-02-12,USA,Desktop
U08763,2026-06-05,USA,Desktop
U08764,2025-07-26,UAE,Desktop
U08765,2026-06-28,Singapore,Desktop
U08766,2026-06-02,Singapore,Desktop
U08767,2026-01-22,USA,Mobile
U08768,2026-02-09,UK,Tablet
U08769,2025-11-05,Singapore,Mobile
U08770,2026-04-08,Singapore,Tablet
U08771,2025-10-11,USA,Mobile
U08772,2026-02-05,UAE,Tablet
U08773,2026-04-18,UAE,Mobile
U08774,2025-08-11,UK,Tablet
U08775,2025-07-27,India,Desktop
U08776,2025-12-30,USA,Tablet
U08777,2025-08-02,UK,Mobile
U08778,2026-03-08,Singapore,Desktop
U08779,2025-10-03,UAE,Tablet
U08780,2026-04-18,UK,Mobile
U08781,2025-10-12,UAE,Desktop
U08782,2025-09-13,USA,Desktop
U08783,2026-03-12,USA,Desktop
U08784,2025-07-29,India,Desktop
U08785,2026-02-05,USA,Mobile
U08786,2026-01-25,India,Desktop
U08787,2026-05-23,UK,Tablet
U08788,2025-12-24,UAE,Tablet
U08789,2026-03-19,USA,Desktop
U08790,2026-06-08,UK,Desktop
U08791,2026-02-16,UK,Tablet
U08792,2025-11-15,Singapore,Mobile
U08793,2025-08-15,USA,Tablet
U08794,2026-01-10,Singapore,Mobile
U08795,2025-10-29,UK,Tablet
U08796,2025-08-25,India,Tablet
U08797,2026-06-07,USA,Tablet
U08798,2025-08-08,Singapore,Desktop
U08799,2025-11-08,USA,Desktop
U08800,2026-07-06,UAE,Tablet
U08801,2026-04-17,India,Desktop
U08802,2026-06-23,UK,Mobile
U08803,2025-10-24,USA,Desktop
U08804,2025-12-14,India,Mobile
U08805,2025-11-21,UAE,Mobile
U08806,2026-05-05,UK,Desktop
U08807,2025-08-27,USA,Desktop
U08808,2026-05-18,UAE,Tablet
U08809,2026-04-26,USA,Tablet
U08810,2025-12-04,UAE,Desktop
U08811,2025-12-02,India,Desktop
U08812,2025-10-05,UAE,Desktop
U08813,2025-08-20,USA,Tablet
U08814,2025-07-22,Singapore,Desktop
U08815,2026-04-30,UK,Mobile
U08816,2026-01-31,Singapore,Mobile
U08817,2025-08-23,UK,Mobile
U08818,2025-08-30,India,Mobile
U08819,2025-07-29,UK,Tablet
U08820,2026-03-07,UAE,Desktop
U08821,2026-05-25,USA,Desktop
U08822,2026-06-16,UAE,Tablet
U08823,2026-05-31,India,Tablet
U08824,2026-05-06,UAE,Tablet
U08825,2025-10-28,UK,Desktop
U08826,2026-07-12,USA,Desktop
U08827,2026-06-01,Singapore,Mobile
U08828,2025-09-04,UK,Desktop
U08829,2026-01-18,Singapore,Tablet
U08830,2026-07-06,India,Tablet
U08831,2026-06-19,India,Tablet
U08832,2025-09-22,USA,Desktop
U08833,2025-11-16,India,Mobile
U08834,2025-12-13,USA,Mobile
U08835,2025-09-26,India,Tablet
U08836,2025-08-17,USA,Tablet
U08837,2026-01-15,USA,Mobile
U08838,2025-09-09,UK,Desktop
U08839,2025-08-13,UK,Mobile
U08840,2025-12-10,UAE,Desktop
U08841,2026-06-27,India,Desktop
U08842,2025-09-03,UAE,Tablet
U08843,2025-10-15,India,Tablet
U08844,2026-04-28,UAE,Tablet
U08845,2025-09-19,UAE,Tablet
U08846,2025-11-26,USA,Tablet
U08847,2026-01-22,India,Mobile
U08848,2026-04-04,UAE,Mobile
U08849,2026-07-12,India,Desktop
U08850,2025-08-18,USA,Mobile
U08851,2025-08-27,India,Tablet
U08852,2025-07-22,Singapore,Mobile
U08853,2025-10-01,India,Tablet
U08854,2026-03-18,USA,Desktop
U08855,2026-07-07,India,Mobile
U08856,2026-05-28,USA,Mobile
U08857,2025-08-05,USA,Mobile
U08858,2026-02-21,Singapore,Desktop
U08859,2026-01-23,UK,Desktop
U08860,2026-03-30,UAE,Mobile
U08861,2026-07-02,Singapore,Desktop
U08862,2025-09-30,UAE,Mobile
U08863,2025-08-13,UAE,Tablet
U08864,2026-07-16,India,Mobile
U08865,2026-07-17,USA,Tablet
U08866,2025-07-27,India,Mobile
U08867,2026-03-13,USA,Tablet
U08868,2025-12-07,UAE,Mobile
U08869,2026-06-18,UK,Tablet
U08870,2026-04-22,India,Tablet
U08871,2025-08-24,UK,Tablet
U08872,2025-08-25,USA,Desktop
U08873,2026-06-12,USA,Mobile
U08874,2026-02-24,Singapore,Mobile
U08875,2026-01-23,Singapore,Desktop
U08876,2025-08-24,UK,Tablet
U08877,2025-09-24,UK,Tablet
U08878,2026-05-05,UAE,Mobile
U08879,2026-06-28,USA,Tablet
U08880,2026-07-14,UK,Desktop
U08881,2026-02-21,USA,Desktop
U08882,2026-01-17,UK,Desktop
U08883,2025-10-08,India,Tablet
U08884,2026-04-27,UK,Desktop
U08885,2026-04-20,India,Desktop
U08886,2026-05-26,Singapore,Tablet
U08887,2025-11-11,Singapore,Desktop
U08888,2025-11-17,USA,Mobile
U08889,2026-04-02,India,Mobile
U08890,2025-07-30,UAE,Mobile
U08891,2025-11-19,USA,Mobile
U08892,2026-07-12,Singapore,Tablet
U08893,2025-08-29,UK,Tablet
U08894,2026-03-28,USA,Tablet
U08895,2026-04-29,UK,Desktop
U08896,2025-10-20,UAE,Mobile
U08897,2026-07-02,USA,Tablet
U08898,2026-03-27,UK,Mobile
U08899,2025-11-16,Singapore,Mobile
U08900,2025-11-14,UK,Mobile
U08901,2025-12-01,USA,Mobile
U08902,2025-11-25,UK,Mobile
U08903,2025-12-11,UAE,Tablet
U08904,2026-03-03,UAE,Tablet
U08905,2025-10-02,UK,Desktop
U08906,2025-08-08,UAE,Tablet
U08907,2025-12-29,USA,Desktop
U08908,2025-10-06,UAE,Tablet
U08909,2026-02-10,Singapore,Desktop
U08910,2025-07-22,USA,Mobile
U08911,2025-09-29,Singapore,Mobile
U08912,2026-01-30,India,Mobile
U08913,2026-02-05,Singapore,Mobile
U08914,2026-03-12,India,Desktop
U08915,2026-05-01,India,Desktop
U08916,2025-11-09,UAE,Desktop
U08917,2026-05-10,Singapore,Mobile
U08918,2025-09-30,India,Mobile
U08919,2026-04-17,UK,Mobile
U08920,2026-04-04,USA,Desktop
U08921,2026-04-08,UK,Mobile
U08922,2026-04-05,UK,Desktop
U08923,2026-02-05,India,Desktop
U08924,2025-11-25,India,Mobile
U08925,2026-06-22,UK,Mobile
U08926,2026-05-13,UK,Desktop
U08927,2026-03-04,USA,Mobile
U08928,2026-03-08,India,Desktop
U08929,2026-05-30,USA,Mobile
U08930,2026-06-13,India,Mobile
U08931,2026-06-13,USA,Desktop
U08932,2025-07-29,Singapore,Tablet
U08933,2026-07-18,Singapore,Desktop
U08934,2026-05-05,UK,Mobile
U08935,2025-09-04,Singapore,Desktop
U08936,2026-03-04,India,Tablet
U08937,2026-06-02,USA,Mobile
U08938,2025-10-19,India,Desktop
U08939,2026-03-02,UAE,Mobile
U08940,2025-11-01,India,Desktop
U08941,2026-02-19,UAE,Desktop
U08942,2026-02-25,UAE,Mobile
U08943,2025-12-31,India,Tablet
U08944,2025-11-25,India,Tablet
U08945,2026-03-03,India,Desktop
U08946,2025-09-05,UK,Tablet
U08947,2026-04-30,UAE,Mobile
U08948,2026-05-05,UK,Mobile
U08949,2025-08-07,UK,Mobile
U08950,2026-02-14,USA,Tablet
U08951,2026-01-29,UAE,Mobile
U08952,2026-04-27,India,Tablet
U08953,2025-08-20,UAE,Tablet
U08954,2026-03-26,UAE,Mobile
U08955,2025-09-20,India,Desktop
U08956,2026-07-14,UK,Mobile
U08957,2026-04-19,Singapore,Desktop
U08958,2025-10-19,UAE,Desktop
U08959,2026-01-22,Singapore,Mobile
U08960,2026-05-08,UK,Tablet
U08961,2026-01-24,UK,Tablet
U08962,2026-04-06,Singapore,Tablet
U08963,2025-08-07,USA,Desktop
U08964,2025-09-04,UK,Desktop
U08965,2025-11-26,USA,Tablet
U08966,2025-11-15,UAE,Desktop
U08967,2025-09-21,UAE,Desktop
U08968,2025-08-17,UK,Mobile
U08969,2025-07-23,UAE,Tablet
U08970,2025-11-26,Singapore,Desktop
U08971,2026-04-06,UK,Desktop
U08972,2025-10-07,India,Tablet
U08973,2025-07-30,UK,Mobile
U08974,2026-05-21,UK,Desktop
U08975,2025-09-26,UAE,Desktop
U08976,2025-08-16,Singapore,Tablet
U08977,2025-12-28,USA,Mobile
U08978,2025-12-18,UK,Tablet
U08979,2026-05-18,USA,Tablet
U08980,2026-04-16,UK,Tablet
U08981,2026-02-21,USA,Tablet
U08982,2025-11-01,USA,Mobile
U08983,2025-07-27,UAE,Mobile
U08984,2026-05-19,UAE,Mobile
U08985,2025-08-20,Singapore,Tablet
U08986,2025-10-08,India,Tablet
U08987,2026-05-26,India,Tablet
U08988,2026-01-25,India,Desktop
U08989,2026-01-18,Singapore,Tablet
U08990,2026-03-05,USA,Tablet
U08991,2026-03-01,USA,Tablet
U08992,2026-05-24,UK,Desktop
U08993,2025-11-28,India,Desktop
U08994,2025-09-25,UK,Tablet
U08995,2025-09-16,UAE,Tablet
U08996,2026-01-21,UAE,Mobile
U08997,2025-11-10,Singapore,Desktop
U08998,2025-12-04,UAE,Tablet
U08999,2025-07-29,India,Mobile
U09000,2026-04-09,UAE,Mobile
U09001,2026-04-18,USA,Tablet
U09002,2025-09-28,India,Tablet
U09003,2025-10-26,India,Desktop
U09004,2025-07-29,USA,Mobile
U09005,2026-06-19,UK,Mobile
U09006,2026-07-14,UAE,Desktop
U09007,2026-05-08,USA,Tablet
U09008,2026-05-15,India,Mobile
U09009,2026-06-03,India,Mobile
U09010,2026-02-10,India,Desktop
U09011,2026-05-02,India,Mobile
U09012,2025-12-20,USA,Tablet
U09013,2026-02-09,India,Mobile
U09014,2026-05-26,UK,Desktop
U09015,2025-07-31,India,Desktop
U09016,2025-10-26,UK,Tablet
U09017,2026-06-20,UAE,Mobile
U09018,2026-02-06,Singapore,Desktop
U09019,2026-03-30,UK,Desktop
U09020,2025-08-03,UK,Mobile
U09021,2026-01-13,UK,Desktop
U09022,2025-12-27,Singapore,Tablet
U09023,2026-05-03,UAE,Tablet
U09024,2026-03-28,Singapore,Tablet
U09025,2026-01-28,India,Tablet
U09026,2026-06-15,UAE,Mobile
U09027,2025-09-15,UAE,Desktop
U09028,2026-03-29,UK,Mobile
U09029,2026-01-27,UK,Tablet
U09030,2026-02-07,UAE,Desktop
U09031,2026-02-24,Singapore,Mobile
U09032,2025-07-21,UAE,Tablet
U09033,2025-09-30,Singapore,Tablet
U09034,2026-03-08,UK,Tablet
U09035,2026-05-03,UAE,Mobile
U09036,2025-11-17,UAE,Mobile
U09037,2026-03-14,UAE,Mobile
U09038,2026-01-29,UAE,Desktop
U09039,2026-03-25,Singapore,Mobile
U09040,2026-03-29,India,Mobile
U09041,2026-04-24,India,Desktop
U09042,2025-09-28,UAE,Tablet
U09043,2025-08-31,UK,Mobile
U09044,2025-08-23,Singapore,Desktop
U09045,2026-04-25,India,Desktop
U09046,2025-07-26,UK,Tablet
U09047,2025-10-23,UAE,Mobile
U09048,2025-12-16,Singapore,Desktop
U09049,2026-05-02,India,Mobile
U09050,2026-01-07,USA,Tablet
U09051,2026-02-13,India,Tablet
U09052,2025-09-28,UAE,Mobile
U09053,2025-10-01,Singapore,Mobile
U09054,2025-09-17,UAE,Desktop
U09055,2026-05-18,Singapore,Desktop
U09056,2026-06-12,Singapore,Tablet
U09057,2026-06-28,India,Desktop
U09058,2025-10-06,Singapore,Mobile
U09059,2026-01-04,Singapore,Desktop
U09060,2025-08-02,USA,Desktop
U09061,2025-12-14,UK,Mobile
U09062,2026-02-22,India,Desktop
U09063,2025-07-29,Singapore,Desktop
U09064,2025-08-25,UAE,Mobile
U09065,2026-06-06,USA,Mobile
U09066,2026-01-02,USA,Desktop
U09067,2026-07-10,UAE,Mobile
U09068,2026-01-02,India,Desktop
U09069,2025-10-02,USA,Desktop
U09070,2026-03-23,India,Desktop
U09071,2026-01-26,USA,Mobile
U09072,2026-07-02,UK,Tablet
U09073,2025-12-29,Singapore,Desktop
U09074,2025-11-24,USA,Tablet
U09075,2026-01-15,UAE,Tablet
U09076,2026-06-17,India,Mobile
U09077,2025-12-25,USA,Mobile
U09078,2026-05-04,USA,Tablet
U09079,2026-03-14,Singapore,Tablet
U09080,2025-11-25,India,Desktop
U09081,2025-11-04,UAE,Desktop
U09082,2026-05-23,UAE,Mobile
U09083,2026-06-03,Singapore,Tablet
U09084,2025-07-30,UK,Tablet
U09085,2026-04-17,Singapore,Mobile
U09086,2026-04-12,UAE,Desktop
U09087,2026-04-27,India,Desktop
U09088,2025-09-26,UAE,Tablet
U09089,2025-11-07,UAE,Mobile
U09090,2026-05-06,India,Mobile
U09091,2025-08-31,UK,Tablet
U09092,2026-05-28,UK,Desktop
U09093,2026-07-17,UAE,Tablet
U09094,2026-01-14,USA,Mobile
U09095,2026-05-10,India,Mobile
U09096,2025-07-31,USA,Mobile
U09097,2026-04-14,Singapore,Mobile
U09098,2026-06-05,USA,Desktop
U09099,2026-02-22,Singapore,Desktop
U09100,2025-08-11,Singapore,Desktop
U09101,2025-08-30,UAE,Mobile
U09102,2025-09-27,USA,Tablet
U09103,2026-06-02,UAE,Mobile
U09104,2026-01-10,Singapore,Mobile
U09105,2026-02-09,USA,Mobile
U09106,2026-06-22,USA,Desktop
U09107,2025-11-17,USA,Tablet
U09108,2025-11-18,UAE,Mobile
U09109,2026-01-07,UK,Mobile
U09110,2026-04-10,Singapore,Mobile
U09111,2025-12-16,India,Tablet
U09112,2025-08-18,UK,Tablet
U09113,2025-11-21,Singapore,Mobile
U09114,2026-04-22,UK,Mobile
U09115,2026-06-18,UK,Mobile
U09116,2025-10-06,UAE,Mobile
U09117,2025-08-07,USA,Tablet
U09118,2026-05-06,UAE,Desktop
U09119,2026-03-29,UAE,Mobile
U09120,2025-09-08,India,Mobile
U09121,2026-01-22,UAE,Tablet
U09122,2026-04-13,Singapore,Mobile
U09123,2025-09-07,USA,Tablet
U09124,2025-08-27,USA,Tablet
U09125,2025-08-25,USA,Mobile
U09126,2026-04-24,UAE,Tablet
U09127,2025-09-11,India,Tablet
U09128,2025-12-28,USA,Mobile
U09129,2025-10-05,UAE,Tablet
U09130,2025-12-14,UK,Mobile
U09131,2025-10-30,UK,Desktop
U09132,2026-02-17,India,Desktop
U09133,2026-06-16,India,Desktop
U09134,2025-11-17,UAE,Mobile
U09135,2025-07-22,USA,Tablet
U09136,2026-01-29,UK,Desktop
U09137,2025-08-12,UAE,Tablet
U09138,2026-04-29,USA,Tablet
U09139,2025-10-05,USA,Desktop
U09140,2025-10-31,Singapore,Tablet
U09141,2025-09-12,UAE,Tablet
U09142,2026-03-10,USA,Mobile
U09143,2025-12-24,Singapore,Tablet
U09144,2026-05-11,UK,Desktop
U09145,2026-04-25,India,Desktop
U09146,2026-01-20,Singapore,Mobile
U09147,2026-07-08,UAE,Mobile
U09148,2025-08-04,Singapore,Mobile
U09149,2025-10-14,USA,Tablet
U09150,2026-01-30,India,Desktop
U09151,2026-05-04,UK,Desktop
U09152,2026-05-07,UK,Desktop
U09153,2026-06-22,UK,Desktop
U09154,2025-11-24,Singapore,Tablet
U09155,2025-08-08,UK,Desktop
U09156,2026-01-23,UAE,Tablet
U09157,2026-02-18,UAE,Desktop
U09158,2025-12-17,Singapore,Tablet
U09159,2026-04-02,Singapore,Tablet
U09160,2025-10-10,Singapore,Tablet
U09161,2025-08-26,Singapore,Mobile
U09162,2026-07-14,UAE,Desktop
U09163,2026-05-18,India,Tablet
U09164,2025-09-25,UAE,Desktop
U09165,2025-08-21,Singapore,Tablet
U09166,2026-03-09,Singapore,Tablet
U09167,2026-05-22,India,Desktop
U09168,2025-11-04,UK,Desktop
U09169,2025-08-01,UK,Tablet
U09170,2026-02-17,Singapore,Mobile
U09171,2025-07-25,UK,Desktop
U09172,2026-04-04,USA,Tablet
U09173,2025-08-03,USA,Desktop
U09174,2026-04-28,UK,Mobile
U09175,2026-06-28,UK,Tablet
U09176,2026-01-10,UAE,Desktop
U09177,2026-03-30,UK,Tablet
U09178,2026-01-27,UAE,Tablet
U09179,2026-05-30,USA,Tablet
U09180,2025-11-04,USA,Tablet
U09181,2025-11-16,UK,Mobile
U09182,2026-01-18,UK,Tablet
U09183,2025-12-06,Singapore,Tablet
U09184,2026-04-04,UK,Mobile
U09185,2025-09-25,UAE,Tablet
U09186,2026-03-21,Singapore,Mobile
U09187,2026-06-06,India,Tablet
U09188,2026-01-08,UK,Tablet
U09189,2025-10-03,USA,Mobile
U09190,2026-05-02,Singapore,Tablet
U09191,2025-12-03,UK,Mobile
U09192,2025-12-16,UAE,Desktop
U09193,2025-10-01,USA,Desktop
U09194,2026-06-17,UAE,Tablet
U09195,2026-05-27,UK,Tablet
U09196,2026-06-07,UAE,Tablet
U09197,2026-02-08,UK,Mobile
U09198,2026-04-24,UK,Tablet
U09199,2025-10-25,India,Desktop
U09200,2026-07-04,India,Desktop
U09201,2026-03-16,Singapore,Desktop
U09202,2025-10-09,India,Mobile
U09203,2025-08-09,USA,Desktop
U09204,2025-10-29,UAE,Desktop
U09205,2026-02-12,Singapore,Tablet
U09206,2026-03-05,UK,Tablet
U09207,2025-09-13,Singapore,Desktop
U09208,2025-11-01,USA,Desktop
U09209,2026-05-11,India,Desktop
U09210,2026-06-11,UAE,Tablet
U09211,2025-12-15,India,Desktop
U09212,2025-08-06,UAE,Desktop
U09213,2026-05-03,UK,Mobile
U09214,2025-10-25,USA,Mobile
U09215,2025-07-30,India,Desktop
U09216,2026-02-24,India,Mobile
U09217,2026-05-02,India,Desktop
U09218,2026-02-21,India,Tablet
U09219,2026-06-08,Singapore,Desktop
U09220,2025-08-23,USA,Mobile
U09221,2026-05-30,UAE,Mobile
U09222,2025-10-15,India,Tablet
U09223,2026-06-26,Singapore,Mobile
U09224,2025-11-04,India,Mobile
U09225,2026-04-06,UK,Tablet
U09226,2026-01-15,UK,Desktop
U09227,2026-02-12,UAE,Mobile
U09228,2026-02-10,USA,Mobile
U09229,2026-01-23,Singapore,Tablet
U09230,2026-06-18,Singapore,Desktop
U09231,2026-04-29,Singapore,Desktop
U09232,2026-07-15,USA,Mobile
U09233,2026-03-04,India,Tablet
U09234,2026-06-09,Singapore,Desktop
U09235,2026-03-04,USA,Mobile
U09236,2025-12-29,UAE,Mobile
U09237,2026-02-11,Singapore,Tablet
U09238,2026-03-09,India,Mobile
U09239,2025-10-29,India,Tablet
U09240,2026-04-05,Singapore,Desktop
U09241,2025-08-14,UAE,Mobile
U09242,2026-04-03,India,Mobile
U09243,2025-11-06,UAE,Mobile
U09244,2025-08-03,USA,Desktop
U09245,2025-11-14,Singapore,Mobile
U09246,2025-08-13,USA,Mobile
U09247,2025-10-18,UK,Mobile
U09248,2026-06-24,India,Mobile
U09249,2026-03-12,UK,Desktop
U09250,2026-03-18,Singapore,Tablet
U09251,2025-10-20,UAE,Desktop
U09252,2026-07-05,USA,Mobile
U09253,2025-07-25,India,Mobile
U09254,2026-02-19,UAE,Tablet
U09255,2025-11-30,UAE,Desktop
U09256,2026-03-06,USA,Tablet
U09257,2026-07-02,UAE,Tablet
U09258,2025-11-18,UAE,Mobile
U09259,2025-08-04,Singapore,Desktop
U09260,2026-04-18,USA,Tablet
U09261,2026-05-09,UAE,Desktop
U09262,2025-09-29,Singapore,Desktop
U09263,2026-06-27,UK,Mobile
U09264,2025-07-19,UAE,Tablet
U09265,2025-10-06,Singapore,Desktop
U09266,2026-02-10,UAE,Tablet
U09267,2025-12-27,USA,Desktop
U09268,2025-08-22,USA,Tablet
U09269,2025-12-24,India,Tablet
U09270,2026-02-12,UAE,Mobile
U09271,2025-11-24,UAE,Mobile
U09272,2026-03-02,USA,Desktop
U09273,2026-07-03,UK,Desktop
U09274,2026-04-16,UK,Mobile
U09275,2026-05-23,UK,Mobile
U09276,2026-07-01,UAE,Tablet
U09277,2026-03-16,UAE,Mobile
U09278,2025-07-22,Singapore,Mobile
U09279,2025-09-07,India,Desktop
U09280,2026-02-09,India,Desktop
U09281,2026-02-22,Singapore,Desktop
U09282,2025-09-07,UK,Desktop
U09283,2025-08-17,India,Desktop
U09284,2025-09-15,UAE,Tablet
U09285,2026-02-25,UAE,Desktop
U09286,2026-02-02,India,Desktop
U09287,2025-12-05,UK,Desktop
U09288,2026-05-31,USA,Desktop
U09289,2025-11-22,UK,Desktop
U09290,2026-04-07,UAE,Mobile
U09291,2026-01-09,USA,Mobile
U09292,2025-09-30,Singapore,Tablet
U09293,2026-02-18,Singapore,Tablet
U09294,2026-04-19,Singapore,Mobile
U09295,2026-02-24,India,Desktop
U09296,2026-02-21,UK,Mobile
U09297,2026-05-12,USA,Mobile
U09298,2025-11-25,USA,Mobile
U09299,2025-11-17,Singapore,Tablet
U09300,2026-04-30,Singapore,Mobile
U09301,2025-11-17,UK,Mobile
U09302,2025-08-29,Singapore,Desktop
U09303,2026-03-02,UAE,Mobile
U09304,2026-03-01,UK,Mobile
U09305,2025-08-22,UAE,Desktop
U09306,2025-11-07,USA,Mobile
U09307,2026-04-06,UAE,Desktop
U09308,2025-09-25,USA,Tablet
U09309,2026-05-03,India,Mobile
U09310,2026-01-17,India,Tablet
U09311,2026-04-11,India,Tablet
U09312,2026-06-05,USA,Desktop
U09313,2025-11-12,Singapore,Desktop
U09314,2026-04-23,UAE,Mobile
U09315,2025-12-23,USA,Mobile
U09316,2026-07-10,USA,Tablet
U09317,2026-06-19,India,Mobile
U09318,2026-05-16,India,Desktop
U09319,2026-04-27,USA,Tablet
U09320,2026-02-10,India,Desktop
U09321,2026-03-09,Singapore,Desktop
U09322,2025-09-24,USA,Mobile
U09323,2026-06-18,Singapore,Mobile
U09324,2026-03-04,USA,Mobile
U09325,2025-08-11,UK,Mobile
U09326,2026-05-19,UK,Tablet
U09327,2025-09-26,India,Tablet
U09328,2025-08-08,Singapore,Mobile
U09329,2025-11-05,UAE,Mobile
U09330,2025-08-29,USA,Mobile
U09331,2026-04-30,UAE,Mobile
U09332,2026-01-06,USA,Mobile
U09333,2026-05-07,Singapore,Desktop
U09334,2025-10-11,Singapore,Desktop
U09335,2025-11-23,UAE,Mobile
U09336,2025-10-06,UAE,Mobile
U09337,2025-10-08,India,Tablet
U09338,2026-03-22,USA,Mobile
U09339,2025-10-05,Singapore,Mobile
U09340,2025-12-02,India,Desktop
U09341,2026-05-12,USA,Mobile
U09342,2025-12-12,UK,Desktop
U09343,2026-07-02,Singapore,Desktop
U09344,2025-08-23,UAE,Tablet
U09345,2025-08-18,Singapore,Tablet
U09346,2025-11-08,UAE,Tablet
U09347,2025-10-11,UAE,Tablet
U09348,2025-09-20,Singapore,Desktop
U09349,2026-05-25,Singapore,Tablet
U09350,2026-03-31,UAE,Desktop
U09351,2025-08-05,Singapore,Desktop
U09352,2026-04-03,USA,Tablet
U09353,2026-06-10,UAE,Mobile
U09354,2026-06-20,India,Mobile
U09355,2025-10-21,India,Tablet
U09356,2025-08-23,UK,Desktop
U09357,2025-08-05,India,Tablet
U09358,2026-07-11,UAE,Desktop
U09359,2025-11-09,UAE,Desktop
U09360,2025-08-26,UK,Mobile
U09361,2025-11-05,UK,Desktop
U09362,2025-08-30,USA,Mobile
U09363,2026-06-12,USA,Desktop
U09364,2025-08-25,USA,Desktop
U09365,2025-09-17,Singapore,Tablet
U09366,2025-10-20,USA,Tablet
U09367,2026-01-09,UK,Desktop
U09368,2025-11-29,USA,Mobile
U09369,2026-07-12,India,Mobile
U09370,2026-01-15,UAE,Desktop
U09371,2026-04-18,UAE,Desktop
U09372,2025-12-23,UAE,Tablet
U09373,2026-04-08,UAE,Desktop
U09374,2025-09-14,USA,Desktop
U09375,2026-04-24,USA,Desktop
U09376,2026-05-23,India,Mobile
U09377,2025-10-16,USA,Tablet
U09378,2025-11-20,India,Desktop
U09379,2025-07-22,UK,Mobile
U09380,2025-10-23,UK,Desktop
U09381,2026-01-30,UAE,Tablet
U09382,2025-08-06,UAE,Mobile
U09383,2026-04-29,Singapore,Desktop
U09384,2025-07-21,UK,Tablet
U09385,2026-07-17,Singapore,Desktop
U09386,2025-09-20,India,Desktop
U09387,2026-06-25,India,Desktop
U09388,2025-08-07,UK,Mobile
U09389,2025-09-24,UK,Tablet
U09390,2025-09-30,USA,Mobile
U09391,2025-09-22,India,Mobile
U09392,2026-03-23,Singapore,Desktop
U09393,2026-01-03,India,Mobile
U09394,2025-08-17,Singapore,Mobile
U09395,2025-12-02,Singapore,Desktop
U09396,2025-09-27,India,Desktop
U09397,2025-07-20,UAE,Desktop
U09398,2026-03-25,Singapore,Desktop
U09399,2025-12-12,UK,Tablet
U09400,2026-05-03,UK,Desktop
U09401,2026-03-12,UK,Mobile
U09402,2026-03-16,Singapore,Tablet
U09403,2025-08-08,India,Desktop
U09404,2025-08-07,UAE,Desktop
U09405,2025-11-28,Singapore,Mobile
U09406,2026-04-02,Singapore,Tablet
U09407,2026-03-30,Singapore,Tablet
U09408,2025-08-18,India,Mobile
U09409,2026-06-21,UAE,Desktop
U09410,2026-05-11,UAE,Tablet
U09411,2026-04-28,UK,Mobile
U09412,2025-11-01,USA,Mobile
U09413,2026-01-21,India,Tablet
U09414,2026-04-10,UAE,Desktop
U09415,2025-12-03,UAE,Mobile
U09416,2025-11-08,India,Mobile
U09417,2026-01-21,UK,Mobile
U09418,2026-06-03,USA,Mobile
U09419,2025-08-23,UAE,Tablet
U09420,2025-12-15,USA,Desktop
U09421,2025-12-25,USA,Desktop
U09422,2026-03-13,Singapore,Tablet
U09423,2025-08-04,UK,Mobile
U09424,2026-01-28,India,Mobile
U09425,2026-01-19,USA,Mobile
U09426,2025-11-09,UK,Tablet
U09427,2025-09-03,UAE,Mobile
U09428,2025-12-25,USA,Desktop
U09429,2026-03-14,USA,Tablet
U09430,2025-09-06,UAE,Mobile
U09431,2026-06-14,India,Tablet
U09432,2026-04-06,UAE,Desktop
U09433,2025-12-16,Singapore,Tablet
U09434,2025-11-18,UK,Desktop
U09435,2026-03-03,UK,Tablet
U09436,2026-05-07,Singapore,Tablet
U09437,2025-09-28,UK,Tablet
U09438,2025-10-26,UK,Tablet
U09439,2026-04-06,USA,Tablet
U09440,2026-07-14,Singapore,Tablet
U09441,2026-03-22,UK,Tablet
U09442,2025-11-12,USA,Mobile
U09443,2026-02-10,India,Desktop
U09444,2025-11-27,UAE,Desktop
U09445,2025-08-13,UK,Tablet
U09446,2025-11-24,UK,Desktop
U09447,2026-03-18,UAE,Mobile
U09448,2025-08-04,Singapore,Desktop
U09449,2026-06-17,UK,Mobile
U09450,2025-09-11,USA,Tablet
U09451,2026-05-07,USA,Mobile
U09452,2026-04-19,USA,Desktop
U09453,2025-09-27,USA,Mobile
U09454,2025-08-29,Singapore,Tablet
U09455,2026-06-21,UK,Desktop
U09456,2026-03-13,UAE,Desktop
U09457,2025-12-19,Singapore,Desktop
U09458,2026-01-19,UK,Mobile
U09459,2026-03-03,USA,Mobile
U09460,2026-01-09,Singapore,Desktop
U09461,2026-02-22,India,Desktop
U09462,2025-12-22,India,Desktop
U09463,2026-02-16,UAE,Desktop
U09464,2026-03-31,USA,Desktop
U09465,2026-04-05,UAE,Mobile
U09466,2025-11-06,UK,Desktop
U09467,2025-12-10,India,Desktop
U09468,2026-02-03,USA,Desktop
U09469,2025-10-12,UAE,Desktop
U09470,2025-11-26,Singapore,Mobile
U09471,2025-11-02,UAE,Desktop
U09472,2026-01-18,USA,Desktop
U09473,2025-10-25,USA,Tablet
U09474,2026-04-01,USA,Desktop
U09475,2025-08-05,USA,Tablet
U09476,2025-07-24,UK,Tablet
U09477,2026-02-21,UAE,Mobile
U09478,2026-05-06,India,Mobile
U09479,2025-07-24,India,Tablet
U09480,2025-10-07,India,Mobile
U09481,2025-09-10,Singapore,Desktop
U09482,2025-08-19,UAE,Mobile
U09483,2025-08-29,USA,Mobile
U09484,2025-10-09,India,Desktop
U09485,2025-07-28,USA,Mobile
U09486,2026-04-14,USA,Desktop
U09487,2025-12-09,UK,Tablet
U09488,2025-11-11,UK,Tablet
U09489,2026-06-03,Singapore,Mobile
U09490,2026-03-15,India,Mobile
U09491,2026-06-05,UK,Desktop
U09492,2025-10-22,India,Mobile
U09493,2026-06-21,Singapore,Mobile
U09494,2026-02-25,India,Tablet
U09495,2026-06-14,India,Mobile
U09496,2026-03-19,USA,Desktop
U09497,2025-10-07,UAE,Mobile
U09498,2025-11-26,UK,Tablet
U09499,2026-01-29,UK,Tablet
U09500,2026-07-14,Singapore,Mobile
U09501,2026-04-29,Singapore,Desktop
U09502,2025-07-30,USA,Mobile
U09503,2025-10-20,UAE,Tablet
U09504,2025-08-10,UK,Mobile
U09505,2026-04-18,Singapore,Mobile
U09506,2026-02-20,UAE,Tablet
U09507,2026-02-03,USA,Tablet
U09508,2026-03-23,UK,Mobile
U09509,2025-09-10,UAE,Desktop
U09510,2025-12-17,USA,Tablet
U09511,2025-12-31,UAE,Desktop
U09512,2025-08-24,UK,Tablet
U09513,2025-07-24,UK,Desktop
U09514,2026-07-09,UAE,Desktop
U09515,2026-04-30,USA,Desktop
U09516,2025-08-04,UK,Mobile
U09517,2025-12-21,USA,Desktop
U09518,2025-08-04,USA,Tablet
U09519,2025-10-26,USA,Mobile
U09520,2025-12-28,India,Mobile
U09521,2026-02-13,Singapore,Mobile
U09522,2026-02-02,USA,Mobile
U09523,2026-05-06,UAE,Mobile
U09524,2025-10-28,USA,Tablet
U09525,2026-05-11,India,Desktop
U09526,2025-08-09,UK,Tablet
U09527,2025-11-05,UK,Tablet
U09528,2026-04-29,USA,Tablet
U09529,2025-10-09,UAE,Desktop
U09530,2026-02-01,UAE,Mobile
U09531,2025-11-02,Singapore,Tablet
U09532,2026-01-09,Singapore,Desktop
U09533,2026-01-15,USA,Desktop
U09534,2026-05-10,India,Desktop
U09535,2025-09-04,USA,Desktop
U09536,2025-12-20,USA,Desktop
U09537,2026-05-05,India,Mobile
U09538,2026-06-03,India,Desktop
U09539,2026-06-16,UAE,Mobile
U09540,2025-11-10,UAE,Desktop
U09541,2025-08-10,UAE,Tablet
U09542,2026-05-21,UK,Desktop
U09543,2025-11-24,USA,Desktop
U09544,2025-11-27,UAE,Tablet
U09545,2026-07-01,UK,Tablet
U09546,2026-06-26,USA,Mobile
U09547,2025-11-19,USA,Desktop
U09548,2026-07-12,UAE,Mobile
U09549,2025-09-19,UAE,Desktop
U09550,2026-03-05,USA,Mobile
U09551,2026-06-13,USA,Mobile
U09552,2026-04-11,Singapore,Tablet
U09553,2025-09-21,UAE,Desktop
U09554,2026-04-23,USA,Tablet
U09555,2026-04-04,USA,Desktop
U09556,2025-09-07,India,Mobile
U09557,2026-04-14,UK,Tablet
U09558,2026-06-26,UK,Tablet
U09559,2025-08-05,UK,Desktop
U09560,2026-05-29,India,Mobile
U09561,2026-03-17,UAE,Tablet
U09562,2025-12-26,USA,Mobile
U09563,2025-10-13,USA,Desktop
U09564,2025-11-01,Singapore,Desktop
U09565,2026-06-21,Singapore,Desktop
U09566,2026-01-29,Singapore,Tablet
U09567,2026-01-07,Singapore,Tablet
U09568,2025-12-04,USA,Desktop
U09569,2026-03-02,India,Desktop
U09570,2025-08-14,Singapore,Tablet
U09571,2025-10-06,UK,Tablet
U09572,2025-10-12,UAE,Mobile
U09573,2026-05-19,UK,Desktop
U09574,2026-04-22,India,Desktop
U09575,2026-03-12,Singapore,Tablet
U09576,2025-09-06,India,Desktop
U09577,2025-09-15,UAE,Desktop
U09578,2026-04-06,Singapore,Tablet
U09579,2026-06-16,USA,Desktop
U09580,2025-10-13,Singapore,Mobile
U09581,2025-09-21,UAE,Desktop
U09582,2026-07-16,UK,Tablet
U09583,2026-02-06,India,Mobile
U09584,2025-10-19,Singapore,Desktop
U09585,2026-06-23,UAE,Desktop
U09586,2025-12-05,India,Tablet
U09587,2025-10-01,USA,Mobile
U09588,2026-02-03,USA,Desktop
U09589,2025-09-10,USA,Desktop
U09590,2026-05-17,India,Desktop
U09591,2025-11-17,India,Mobile
U09592,2025-10-21,UK,Tablet
U09593,2026-03-19,Singapore,Desktop
U09594,2026-01-22,India,Tablet
U09595,2025-09-03,UK,Tablet
U09596,2025-08-20,India,Desktop
U09597,2026-06-21,Singapore,Mobile
U09598,2026-06-13,Singapore,Tablet
U09599,2026-07-03,Singapore,Desktop
U09600,2025-11-23,India,Mobile
U09601,2026-02-04,UAE,Tablet
U09602,2026-02-02,UK,Mobile
U09603,2025-09-18,Singapore,Tablet
U09604,2026-04-30,USA,Mobile
U09605,2025-09-30,UAE,Mobile
U09606,2026-05-06,UK,Tablet
U09607,2026-03-02,USA,Desktop
U09608,2026-06-27,India,Mobile
U09609,2025-10-09,USA,Tablet
U09610,2025-12-23,UK,Mobile
U09611,2026-07-09,UK,Tablet
U09612,2025-09-23,UK,Desktop
U09613,2025-11-27,USA,Desktop
U09614,2025-08-09,USA,Tablet
U09615,2026-02-15,USA,Desktop
U09616,2025-11-20,India,Desktop
U09617,2026-05-11,UK,Tablet
U09618,2026-05-11,Singapore,Tablet
U09619,2025-12-28,India,Mobile
U09620,2026-01-15,USA,Mobile
U09621,2025-12-12,India,Mobile
U09622,2026-04-06,India,Desktop
U09623,2026-06-25,USA,Mobile
U09624,2025-09-02,UAE,Desktop
U09625,2026-06-13,India,Tablet
U09626,2026-01-23,Singapore,Desktop
U09627,2025-09-25,Singapore,Mobile
U09628,2025-08-18,UAE,Tablet
U09629,2026-05-27,Singapore,Desktop
U09630,2026-06-12,India,Desktop
U09631,2026-06-11,India,Desktop
U09632,2025-09-21,USA,Desktop
U09633,2026-06-15,USA,Tablet
U09634,2025-09-16,UK,Tablet
U09635,2026-01-14,India,Tablet
U09636,2025-12-11,India,Mobile
U09637,2026-01-29,USA,Mobile
U09638,2026-06-15,UK,Mobile
U09639,2025-12-02,Singapore,Tablet
U09640,2025-12-28,Singapore,Mobile
U09641,2025-07-29,UAE,Tablet
U09642,2025-09-17,UK,Mobile
U09643,2026-04-21,UK,Desktop
U09644,2025-11-14,UAE,Mobile
U09645,2025-09-03,Singapore,Desktop
U09646,2025-07-24,USA,Mobile
U09647,2026-05-05,USA,Tablet
U09648,2026-03-13,UAE,Tablet
U09649,2026-04-07,India,Tablet
U09650,2025-10-11,USA,Tablet
U09651,2026-03-30,UAE,Tablet
U09652,2026-03-03,UAE,Desktop
U09653,2026-03-15,UK,Tablet
U09654,2025-12-05,UK,Mobile
U09655,2025-12-12,India,Mobile
U09656,2025-12-12,UAE,Mobile
U09657,2026-03-09,India,Tablet
U09658,2025-11-07,UK,Mobile
U09659,2026-01-28,UK,Tablet
U09660,2026-07-02,UK,Desktop
U09661,2026-05-19,India,Desktop
U09662,2026-01-09,UAE,Mobile
U09663,2026-01-27,USA,Mobile
U09664,2025-09-24,Singapore,Tablet
U09665,2026-04-24,Singapore,Mobile
U09666,2026-01-29,Singapore,Mobile
U09667,2026-03-12,UAE,Desktop
U09668,2025-08-21,Singapore,Tablet
U09669,2025-11-30,UK,Mobile
U09670,2025-12-09,Singapore,Mobile
U09671,2026-05-01,UK,Mobile
U09672,2025-08-11,UK,Tablet
U09673,2026-07-18,UAE,Desktop
U09674,2026-01-02,India,Mobile
U09675,2026-06-15,India,Desktop
U09676,2025-08-14,USA,Tablet
U09677,2026-05-12,UK,Desktop
U09678,2026-01-13,USA,Desktop
U09679,2025-11-29,UK,Desktop
U09680,2025-11-13,India,Tablet
U09681,2026-01-08,UK,Mobile
U09682,2026-06-09,UAE,Desktop
U09683,2026-06-30,UK,Desktop
U09684,2025-10-18,India,Mobile
U09685,2025-08-09,UK,Desktop
U09686,2025-08-02,USA,Tablet
U09687,2026-03-25,India,Mobile
U09688,2026-05-18,Singapore,Tablet
U09689,2025-09-09,Singapore,Mobile
U09690,2025-08-13,UK,Mobile
U09691,2026-01-31,India,Desktop
U09692,2025-08-03,UK,Desktop
U09693,2025-08-14,India,Mobile
U09694,2025-07-25,Singapore,Mobile
U09695,2026-02-19,Singapore,Mobile
U09696,2025-10-04,USA,Mobile
U09697,2026-03-08,UK,Desktop
U09698,2025-11-08,Singapore,Tablet
U09699,2025-10-28,India,Tablet
U09700,2026-04-16,Singapore,Tablet
U09701,2025-10-16,Singapore,Desktop
U09702,2026-03-23,Singapore,Tablet
U09703,2025-11-01,UK,Mobile
U09704,2025-10-05,UAE,Mobile
U09705,2026-03-24,UK,Desktop
U09706,2026-04-05,India,Tablet
U09707,2026-03-24,UK,Desktop
U09708,2026-01-25,India,Mobile
U09709,2025-08-25,India,Mobile
U09710,2025-11-17,Singapore,Mobile
U09711,2025-11-27,India,Desktop
U09712,2025-11-18,India,Desktop
U09713,2025-11-20,UK,Desktop
U09714,2026-06-07,Singapore,Mobile
U09715,2025-10-18,UK,Mobile
U09716,2026-01-01,Singapore,Tablet
U09717,2026-05-10,USA,Mobile
U09718,2026-05-21,UK,Mobile
U09719,2025-12-13,USA,Tablet
U09720,2026-01-20,Singapore,Tablet
U09721,2025-12-27,India,Tablet
U09722,2025-08-22,India,Desktop
U09723,2025-09-25,USA,Tablet
U09724,2025-10-12,USA,Mobile
U09725,2025-07-23,Singapore,Mobile
U09726,2026-02-27,UAE,Mobile
U09727,2026-05-31,Singapore,Desktop
U09728,2026-05-28,Singapore,Tablet
U09729,2025-11-13,USA,Desktop
U09730,2026-06-12,Singapore,Mobile
U09731,2025-12-24,India,Desktop
U09732,2025-11-10,USA,Tablet
U09733,2026-03-19,UAE,Mobile
U09734,2026-01-22,Singapore,Desktop
U09735,2025-12-17,UK,Mobile
U09736,2025-10-09,UAE,Tablet
U09737,2025-08-13,UAE,Tablet
U09738,2026-04-13,UK,Desktop
U09739,2026-04-14,USA,Tablet
U09740,2025-11-02,India,Tablet
U09741,2026-06-23,UAE,Desktop
U09742,2026-04-21,Singapore,Desktop
U09743,2025-09-04,India,Mobile
U09744,2025-11-12,UAE,Tablet
U09745,2026-03-23,USA,Tablet
U09746,2026-06-25,UK,Tablet
U09747,2026-04-30,USA,Tablet
U09748,2025-12-19,USA,Tablet
U09749,2025-09-20,Singapore,Mobile
U09750,2026-04-12,USA,Mobile
U09751,2026-01-15,India,Mobile
U09752,2026-03-16,USA,Tablet
U09753,2025-11-05,India,Tablet
U09754,2025-12-02,India,Tablet
U09755,2025-10-30,UAE,Mobile
U09756,2026-05-22,USA,Desktop
U09757,2026-06-01,India,Tablet
U09758,2026-05-10,India,Tablet
U09759,2025-09-15,USA,Tablet
U09760,2026-04-18,India,Tablet
U09761,2025-12-06,India,Desktop
U09762,2025-11-10,India,Desktop
U09763,2026-03-03,USA,Desktop
U09764,2026-01-12,USA,Mobile
U09765,2026-06-30,India,Desktop
U09766,2026-02-14,UK,Desktop
U09767,2026-06-28,UAE,Tablet
U09768,2025-11-12,Singapore,Tablet
U09769,2026-01-26,UK,Desktop
U09770,2026-06-05,USA,Tablet
U09771,2026-05-09,USA,Mobile
U09772,2026-02-16,UAE,Desktop
U09773,2026-04-10,USA,Tablet
U09774,2026-06-09,USA,Desktop
U09775,2026-01-06,UAE,Desktop
U09776,2026-01-24,UAE,Mobile
U09777,2026-06-25,UK,Mobile
U09778,2025-09-28,UAE,Desktop
U09779,2025-11-30,USA,Mobile
U09780,2026-01-04,India,Tablet
U09781,2026-06-15,UAE,Tablet
U09782,2026-05-21,UK,Mobile
U09783,2026-03-27,UAE,Mobile
U09784,2025-10-06,UK,Mobile
U09785,2026-01-06,UK,Desktop
U09786,2026-05-21,USA,Desktop
U09787,2025-10-06,India,Desktop
U09788,2025-09-09,Singapore,Mobile
U09789,2026-04-30,Singapore,Desktop
U09790,2026-05-29,UK,Desktop
U09791,2026-01-17,USA,Desktop
U09792,2026-02-05,USA,Tablet
U09793,2026-05-16,UK,Desktop
U09794,2025-12-16,UAE,Desktop
U09795,2026-06-17,USA,Desktop
U09796,2025-12-10,USA,Desktop
U09797,2025-11-08,USA,Mobile
U09798,2026-07-17,USA,Tablet
U09799,2025-12-20,UAE,Desktop
U09800,2026-01-14,USA,Tablet
U09801,2026-03-23,Singapore,Tablet
U09802,2026-06-28,USA,Mobile
U09803,2026-03-27,UK,Tablet
U09804,2026-04-20,UK,Tablet
U09805,2025-11-18,UK,Tablet
U09806,2025-09-25,India,Desktop
U09807,2026-06-26,Singapore,Desktop
U09808,2026-02-27,UAE,Mobile
U09809,2025-12-10,India,Tablet
U09810,2025-08-28,India,Mobile
U09811,2025-10-20,UK,Desktop
U09812,2025-10-14,USA,Tablet
U09813,2025-09-23,Singapore,Tablet
U09814,2025-11-12,Singapore,Tablet
U09815,2026-03-07,USA,Tablet
U09816,2026-06-26,UAE,Tablet
U09817,2026-07-17,India,Mobile
U09818,2025-11-01,India,Desktop
U09819,2025-12-24,Singapore,Desktop
U09820,2026-04-05,Singapore,Desktop
U09821,2025-10-07,India,Desktop
U09822,2026-04-23,USA,Mobile
U09823,2026-04-25,India,Tablet
U09824,2025-11-08,UK,Tablet
U09825,2026-03-28,UAE,Desktop
U09826,2025-09-10,UK,Tablet
U09827,2025-08-08,USA,Tablet
U09828,2026-03-03,UAE,Tablet
U09829,2026-01-28,Singapore,Tablet
U09830,2026-05-29,Singapore,Desktop
U09831,2026-05-11,India,Desktop
U09832,2026-05-18,UAE,Tablet
U09833,2025-08-26,USA,Mobile
U09834,2025-10-21,UK,Mobile
U09835,2026-05-09,UK,Desktop
U09836,2025-09-22,UAE,Mobile
U09837,2026-01-12,Singapore,Desktop
U09838,2025-11-10,UAE,Mobile
U09839,2025-10-01,UAE,Tablet
U09840,2025-11-26,India,Tablet
U09841,2026-07-19,India,Mobile
U09842,2026-03-04,Singapore,Mobile
U09843,2026-02-12,USA,Desktop
U09844,2026-06-28,India,Mobile
U09845,2026-02-17,UAE,Desktop
U09846,2026-07-11,Singapore,Tablet
U09847,2025-12-17,India,Mobile
U09848,2026-05-08,Singapore,Desktop
U09849,2025-07-24,USA,Mobile
U09850,2026-06-13,USA,Mobile
U09851,2025-12-15,UK,Mobile
U09852,2025-08-05,India,Desktop
U09853,2026-01-06,India,Tablet
U09854,2026-04-18,UAE,Mobile
U09855,2025-10-09,UK,Tablet
U09856,2025-08-10,Singapore,Desktop
U09857,2026-03-29,USA,Mobile
U09858,2025-11-05,UK,Mobile
U09859,2025-11-02,Singapore,Mobile
U09860,2026-05-05,India,Desktop
U09861,2025-09-22,Singapore,Tablet
U09862,2025-11-21,USA,Mobile
U09863,2026-04-10,UAE,Tablet
U09864,2026-04-11,UK,Tablet
U09865,2025-09-17,USA,Tablet
U09866,2025-09-28,India,Desktop
U09867,2025-09-28,USA,Desktop
U09868,2026-03-27,UK,Mobile
U09869,2026-06-20,India,Tablet
U09870,2026-04-20,Singapore,Mobile
U09871,2026-06-07,Singapore,Desktop
U09872,2026-05-26,India,Desktop
U09873,2026-05-08,UK,Desktop
U09874,2026-07-15,UAE,Tablet
U09875,2026-01-22,USA,Mobile
U09876,2025-12-26,India,Tablet
U09877,2025-12-28,Singapore,Mobile
U09878,2026-06-12,UK,Mobile
U09879,2026-05-16,USA,Mobile
U09880,2026-02-13,USA,Tablet
U09881,2025-08-20,India,Tablet
U09882,2026-02-22,USA,Mobile
U09883,2025-09-02,USA,Mobile
U09884,2026-06-15,USA,Desktop
U09885,2025-08-18,UAE,Mobile
U09886,2026-01-08,UAE,Mobile
U09887,2025-08-14,Singapore,Mobile
U09888,2025-11-27,India,Mobile
U09889,2026-07-18,USA,Desktop
U09890,2025-08-24,UK,Tablet
U09891,2025-09-13,UAE,Mobile
U09892,2026-06-10,India,Mobile
U09893,2026-07-07,UAE,Desktop
U09894,2025-08-11,India,Mobile
U09895,2026-07-19,UK,Mobile
U09896,2026-06-05,Singapore,Mobile
U09897,2025-09-08,UAE,Mobile
U09898,2025-09-19,India,Mobile
U09899,2026-03-08,USA,Mobile
U09900,2025-11-02,USA,Desktop
U09901,2025-09-26,India,Desktop
U09902,2025-08-22,USA,Tablet
U09903,2025-07-20,USA,Desktop
U09904,2026-06-20,Singapore,Tablet
U09905,2026-05-18,Singapore,Tablet
U09906,2026-02-11,Singapore,Tablet
U09907,2025-12-20,Singapore,Desktop
U09908,2025-12-22,UAE,Mobile
U09909,2026-02-01,Singapore,Tablet
U09910,2025-10-03,Singapore,Mobile
U09911,2026-04-19,UAE,Desktop
U09912,2026-07-05,USA,Tablet
U09913,2025-09-17,UAE,Desktop
U09914,2026-04-07,UK,Desktop
U09915,2025-08-19,Singapore,Mobile
U09916,2025-10-20,India,Mobile
U09917,2026-06-30,UAE,Desktop
U09918,2025-12-29,UAE,Tablet
U09919,2025-08-29,UAE,Mobile
U09920,2026-04-24,Singapore,Mobile
U09921,2026-01-03,USA,Mobile
U09922,2026-07-18,USA,Tablet
U09923,2025-07-27,Singapore,Mobile
U09924,2026-05-07,Singapore,Desktop
U09925,2026-05-20,UAE,Tablet
U09926,2026-02-15,Singapore,Tablet
U09927,2025-10-23,USA,Mobile
U09928,2025-10-08,Singapore,Mobile
U09929,2025-08-18,Singapore,Mobile
U09930,2026-07-05,USA,Mobile
U09931,2025-08-02,India,Tablet
U09932,2026-03-23,Singapore,Tablet
U09933,2025-08-31,India,Mobile
U09934,2026-02-03,Singapore,Tablet
U09935,2026-01-24,India,Desktop
U09936,2026-04-05,Singapore,Tablet
U09937,2025-09-16,India,Desktop
U09938,2026-04-22,UK,Desktop
U09939,2025-08-05,Singapore,Mobile
U09940,2026-07-18,USA,Mobile
U09941,2025-08-27,UAE,Desktop
U09942,2025-11-04,USA,Mobile
U09943,2025-09-09,USA,Tablet
U09944,2026-01-26,India,Tablet
U09945,2026-01-30,USA,Tablet
U09946,2025-08-17,UAE,Mobile
U09947,2025-12-01,UAE,Tablet
U09948,2026-01-02,Singapore,Mobile
U09949,2025-09-09,UK,Desktop
U09950,2025-11-25,USA,Tablet
U09951,2025-09-26,UK,Desktop
U09952,2026-02-02,India,Mobile
U09953,2025-12-11,India,Mobile
U09954,2025-10-07,India,Tablet
U09955,2026-07-02,India,Mobile
U09956,2025-07-22,UK,Mobile
U09957,2026-06-05,Singapore,Mobile
U09958,2025-12-29,India,Tablet
U09959,2025-11-06,USA,Desktop
U09960,2025-08-31,India,Desktop
U09961,2026-02-14,Singapore,Tablet
U09962,2025-11-08,UK,Mobile
U09963,2026-01-17,Singapore,Mobile
U09964,2026-07-15,USA,Desktop
U09965,2025-11-03,UK,Desktop
U09966,2026-01-06,India,Tablet
U09967,2025-12-07,UK,Desktop
U09968,2026-06-07,UK,Mobile
U09969,2026-02-16,India,Tablet
U09970,2025-09-03,USA,Tablet
U09971,2025-09-15,Singapore,Tablet
U09972,2025-10-05,UAE,Desktop
U09973,2026-07-04,UAE,Tablet
U09974,2026-03-07,India,Mobile
U09975,2025-09-30,USA,Desktop
U09976,2025-12-13,Singapore,Tablet
U09977,2025-11-01,India,Desktop
U09978,2025-09-08,UAE,Desktop
U09979,2025-10-09,India,Tablet
U09980,2025-11-21,UAE,Desktop
U09981,2026-07-14,India,Mobile
U09982,2025-11-02,Singapore,Mobile
U09983,2025-10-02,India,Tablet
U09984,2025-11-14,UK,Mobile
U09985,2026-02-09,UAE,Desktop
U09986,2026-07-08,UK,Mobile
U09987,2025-12-20,UK,Tablet
U09988,2026-06-07,Singapore,Desktop
U09989,2025-08-26,Singapore,Mobile
U09990,2026-03-31,UAE,Desktop
U09991,2025-11-27,Singapore,Mobile
U09992,2025-07-30,USA,Desktop
U09993,2026-03-16,USA,Desktop
U09994,2026-04-16,Singapore,Mobile
U09995,2026-03-21,UK,Desktop
U09996,2025-10-10,India,Desktop
U09997,2026-02-11,UK,Mobile
U09998,2026-07-14,Singapore,Desktop
U09999,2026-05-06,India,Tablet
